-- Auto-generated by tools/gen_synth_recipes_lua.py. DO NOT EDIT.
xi = xi or {}
xi.synth_result_names_cp932 = {}
xi.synth_result_id_to_name_cp932 = {}

xi.synth_result_names_cp932[string.char(0x33,0x44,0x83,0x41,0x83,0x8B,0x83,0x7E,0x83,0x89,0x81,0x5B)] = 316
xi.synth_result_names_cp932[string.char(0x36,0x44,0x83,0x41,0x83,0x8B,0x83,0x7E,0x83,0x89,0x81,0x5B)] = 315
xi.synth_result_names_cp932[string.char(0x39,0x44,0x83,0x41,0x83,0x8B,0x83,0x7E,0x83,0x89,0x81,0x5B)] = 314
xi.synth_result_names_cp932[string.char(0x42,0x33,0x44,0x83,0x41,0x83,0x8B,0x83,0x7E,0x83,0x89,0x81,0x5B)] = 380
xi.synth_result_names_cp932[string.char(0x42,0x36,0x44,0x83,0x41,0x83,0x8B,0x83,0x7E,0x83,0x89,0x81,0x5B)] = 379
xi.synth_result_names_cp932[string.char(0x42,0x39,0x44,0x83,0x41,0x83,0x8B,0x83,0x7E,0x83,0x89,0x81,0x5B)] = 378
xi.synth_result_names_cp932[string.char(0x47,0x33,0x44,0x83,0x41,0x83,0x8B,0x83,0x7E,0x83,0x89,0x81,0x5B)] = 383
xi.synth_result_names_cp932[string.char(0x47,0x36,0x44,0x83,0x41,0x83,0x8B,0x83,0x7E,0x83,0x89,0x81,0x5B)] = 382
xi.synth_result_names_cp932[string.char(0x47,0x39,0x44,0x83,0x41,0x83,0x8B,0x83,0x7E,0x83,0x89,0x81,0x5B)] = 381
xi.synth_result_names_cp932[string.char(0x57,0x33,0x44,0x83,0x41,0x83,0x8B,0x83,0x7E,0x83,0x89,0x81,0x5B)] = 389
xi.synth_result_names_cp932[string.char(0x57,0x36,0x44,0x83,0x41,0x83,0x8B,0x83,0x7E,0x83,0x89,0x81,0x5B)] = 388
xi.synth_result_names_cp932[string.char(0x57,0x39,0x44,0x83,0x41,0x83,0x8B,0x83,0x7E,0x83,0x89,0x81,0x5B)] = 387
xi.synth_result_names_cp932[string.char(0x59,0x33,0x44,0x83,0x41,0x83,0x8B,0x83,0x7E,0x83,0x89,0x81,0x5B)] = 386
xi.synth_result_names_cp932[string.char(0x59,0x36,0x44,0x83,0x41,0x83,0x8B,0x83,0x7E,0x83,0x89,0x81,0x5B)] = 385
xi.synth_result_names_cp932[string.char(0x59,0x39,0x44,0x83,0x41,0x83,0x8B,0x83,0x7E,0x83,0x89,0x81,0x5B)] = 384
xi.synth_result_names_cp932[string.char(0x82,0xA8,0x82,0xC5,0x82,0xF1)] = 6470
xi.synth_result_names_cp932[string.char(0x82,0xA8,0x82,0xC9,0x82,0xAC,0x82,0xE8)] = 4405
xi.synth_result_names_cp932[string.char(0x82,0xA9,0x82,0xE7,0x82,0xB5,0x82,0xB9,0x82,0xF1,0x82,0xD7,0x82,0xA2)] = 4466
xi.synth_result_names_cp932[string.char(0x82,0xB1,0x82,0xBD,0x82,0xC2)] = 3696
xi.synth_result_names_cp932[string.char(0x82,0xB1,0x82,0xF1,0x82,0xC9,0x82,0xE1,0x82,0xAD)] = 6502
xi.synth_result_names_cp932[string.char(0x82,0xB2,0x82,0xC2,0x82,0xA2,0x83,0x75,0x83,0x4B,0x81,0x5B,0x83,0x68,0x8A,0x76)] = 1969
xi.synth_result_names_cp932[string.char(0x82,0xB3,0x82,0xD1,0x82,0xAB,0x90,0x6A)] = 17399
xi.synth_result_names_cp932[string.char(0x82,0xB5,0x82,0xD1,0x82,0xEA,0x96,0xF2)] = 4159
xi.synth_result_names_cp932[string.char(0x82,0xBD,0x82,0xDC,0x82,0xB2,0x83,0x54,0x83,0x93,0x83,0x68)] = 6599
xi.synth_result_names_cp932[string.char(0x82,0xBF,0x82,0xAD,0x82,0xED)] = 6505
xi.synth_result_names_cp932[string.char(0x82,0xC2,0x82,0xE9,0x82,0xCD,0x82,0xB5)] = 605
xi.synth_result_names_cp932[string.char(0x82,0xC7,0x82,0xF1,0x82,0xAE,0x82,0xE8,0x83,0x4E,0x83,0x62,0x83,0x4C,0x81,0x5B)] = 4510
xi.synth_result_names_cp932[string.char(0x82,0xC9,0x82,0xA9,0x82,0xED)] = 937
xi.synth_result_names_cp932[string.char(0x82,0xC9,0x82,0xF1,0x82,0xC9,0x82,0xAD,0x82,0xB9,0x82,0xF1,0x82,0xD7,0x82,0xA2)] = 4467
xi.synth_result_names_cp932[string.char(0x82,0xDC,0x82,0xB3,0x82,0xA9,0x82,0xE8)] = 1021
xi.synth_result_names_cp932[string.char(0x82,0xDC,0x82,0xEB,0x82,0xE2,0x82,0xA9,0x82,0xC8,0x92,0xB9,0x8F,0x60)] = 17883
xi.synth_result_names_cp932[string.char(0x82,0xDE,0x82,0xAB,0x83,0x47,0x83,0x72)] = 17394
xi.synth_result_names_cp932[string.char(0x82,0xDE,0x82,0xAB,0x83,0x55,0x83,0x8A,0x83,0x4B,0x83,0x6A)] = 16993
xi.synth_result_names_cp932[string.char(0x82,0xE2,0x82,0xDC,0x82,0xD1,0x82,0xB1,0x96,0xF2)] = 4151
xi.synth_result_names_cp932[string.char(0x82,0xE4,0x82,0xC5,0x82,0xAA,0x82,0xC9)] = 4456
xi.synth_result_names_cp932[string.char(0x82,0xE4,0x82,0xC5,0x97,0x91)] = 4409
xi.synth_result_names_cp932[string.char(0x83,0x41,0x83,0x43,0x83,0x41,0x83,0x93,0x82,0xCC,0x8F,0xAC,0x8E,0x44)] = 674
xi.synth_result_names_cp932[string.char(0x83,0x41,0x83,0x43,0x83,0x41,0x83,0x93,0x82,0xCC,0x8D,0xBD)] = 680
xi.synth_result_names_cp932[string.char(0x83,0x41,0x83,0x43,0x83,0x41,0x83,0x93,0x83,0x43,0x83,0x93,0x83,0x53,0x83,0x62,0x83,0x67)] = 651
xi.synth_result_names_cp932[string.char(0x83,0x41,0x83,0x43,0x83,0x41,0x83,0x93,0x83,0x4E,0x83,0x45,0x83,0x42,0x83,0x58)] = 14243
xi.synth_result_names_cp932[string.char(0x83,0x41,0x83,0x43,0x83,0x41,0x83,0x93,0x83,0x4F,0x83,0x8A,0x81,0x5B,0x83,0x94)] = 14118
xi.synth_result_names_cp932[string.char(0x83,0x41,0x83,0x43,0x83,0x41,0x83,0x93,0x83,0x54,0x83,0x75,0x83,0x8A,0x83,0x4B)] = 12836
xi.synth_result_names_cp932[string.char(0x83,0x41,0x83,0x43,0x83,0x41,0x83,0x93,0x83,0x58,0x83,0x50,0x83,0x43,0x83,0x8B)] = 13783
xi.synth_result_names_cp932[string.char(0x83,0x41,0x83,0x43,0x83,0x41,0x83,0x93,0x83,0x5C,0x81,0x5B,0x83,0x68)] = 16536
xi.synth_result_names_cp932[string.char(0x83,0x41,0x83,0x43,0x83,0x41,0x83,0x93,0x83,0x6F,0x83,0x43,0x83,0x55,0x81,0x5B)] = 13871
xi.synth_result_names_cp932[string.char(0x83,0x41,0x83,0x43,0x83,0x41,0x83,0x93,0x83,0x70,0x83,0x93)] = 4499
xi.synth_result_names_cp932[string.char(0x83,0x41,0x83,0x43,0x83,0x41,0x83,0x93,0x83,0x74,0x83,0x42,0x83,0x93,0x83,0x4B,0x81,0x5B)] = 14001
xi.synth_result_names_cp932[string.char(0x83,0x41,0x83,0x43,0x83,0x41,0x83,0x93,0x83,0x75,0x83,0x8C,0x83,0x62,0x83,0x67)] = 17312
xi.synth_result_names_cp932[string.char(0x83,0x41,0x83,0x43,0x83,0x41,0x83,0x93,0x83,0x7D,0x83,0x58,0x83,0x4E)] = 12424
xi.synth_result_names_cp932[string.char(0x83,0x41,0x83,0x43,0x83,0x41,0x83,0x93,0x83,0x7E,0x83,0x67,0x83,0x93)] = 12706
xi.synth_result_names_cp932[string.char(0x83,0x41,0x83,0x43,0x83,0x41,0x83,0x93,0x94,0xC2)] = 662
xi.synth_result_names_cp932[string.char(0x83,0x41,0x83,0x43,0x83,0x58,0x83,0x4A,0x81,0x5B,0x83,0x68)] = 2177
xi.synth_result_names_cp932[string.char(0x83,0x41,0x83,0x43,0x83,0x58,0x83,0x56,0x81,0x5B,0x83,0x8B,0x83,0x68)] = 12305
xi.synth_result_names_cp932[string.char(0x83,0x41,0x83,0x43,0x83,0x58,0x83,0x58,0x83,0x5E,0x83,0x62,0x83,0x74)] = 17547
xi.synth_result_names_cp932[string.char(0x83,0x41,0x83,0x43,0x83,0x58,0x83,0x67,0x83,0x89,0x83,0x45,0x83,0x55)] = 15651
xi.synth_result_names_cp932[string.char(0x83,0x41,0x83,0x43,0x83,0x58,0x83,0x81,0x81,0x5B,0x83,0x4A,0x81,0x5B)] = 2410
xi.synth_result_names_cp932[string.char(0x83,0x41,0x83,0x43,0x83,0x58,0x83,0x89,0x83,0x93,0x83,0x58)] = 16861
xi.synth_result_names_cp932[string.char(0x83,0x41,0x83,0x43,0x83,0x58,0x83,0x89,0x83,0x93,0x83,0x76)] = 208
xi.synth_result_names_cp932[string.char(0x83,0x41,0x83,0x43,0x83,0x5B,0x83,0x93,0x83,0x56,0x83,0x83,0x83,0x8C,0x83,0x8B)] = 15167
xi.synth_result_names_cp932[string.char(0x83,0x41,0x83,0x43,0x83,0x5B,0x83,0x93,0x83,0x56,0x83,0x85,0x81,0x5B)] = 15317
xi.synth_result_names_cp932[string.char(0x83,0x41,0x83,0x43,0x83,0x5B,0x83,0x93,0x83,0x66,0x83,0x42,0x83,0x71,0x83,0x8A,0x83,0x93)] = 14329
xi.synth_result_names_cp932[string.char(0x83,0x41,0x83,0x43,0x83,0x5B,0x83,0x93,0x83,0x75,0x83,0x8B,0x83,0x58,0x83,0x67)] = 14431
xi.synth_result_names_cp932[string.char(0x83,0x41,0x83,0x43,0x83,0x5B,0x83,0x93,0x83,0x77,0x83,0x93,0x83,0x63,0x83,0x46)] = 14860
xi.synth_result_names_cp932[string.char(0x83,0x41,0x83,0x43,0x83,0x7B,0x83,0x8A,0x83,0x56,0x83,0x62,0x83,0x4E,0x83,0x8B)] = 18054
xi.synth_result_names_cp932[string.char(0x83,0x41,0x83,0x43,0x83,0x89,0x83,0x93)] = 5576
xi.synth_result_names_cp932[string.char(0x83,0x41,0x83,0x4C,0x83,0x85,0x83,0x89,0x83,0x50,0x81,0x5B,0x83,0x76)] = 11532
xi.synth_result_names_cp932[string.char(0x83,0x41,0x83,0x4D,0x83,0x85,0x83,0x67,0x83,0x58,0x83,0x67,0x81,0x5B,0x83,0x8B)] = 25531
xi.synth_result_names_cp932[string.char(0x83,0x41,0x83,0x4E,0x83,0x41,0x83,0x43,0x83,0x84,0x83,0x8A,0x83,0x93,0x83,0x4F)] = 13347
xi.synth_result_names_cp932[string.char(0x83,0x41,0x83,0x4E,0x83,0x41,0x83,0x7D,0x83,0x8A,0x83,0x93)] = 791
xi.synth_result_names_cp932[string.char(0x83,0x41,0x83,0x4E,0x83,0x41,0x83,0x7D,0x83,0x8A,0x83,0x93,0x83,0x8A,0x83,0x93,0x83,0x4F)] = 13488
xi.synth_result_names_cp932[string.char(0x83,0x41,0x83,0x4E,0x83,0x41,0x83,0x80,0x83,0x8B,0x83,0x58,0x83,0x80)] = 4156
xi.synth_result_names_cp932[string.char(0x83,0x41,0x83,0x4E,0x83,0x41,0x83,0x8A,0x83,0x45,0x83,0x80,0x81,0x6B,0x90,0xEC,0x81,0x6C)] = 223
xi.synth_result_names_cp932[string.char(0x83,0x41,0x83,0x4E,0x83,0x41,0x83,0x8A,0x83,0x45,0x83,0x80,0x81,0x6B,0x89,0xCD,0x81,0x6C)] = 120
xi.synth_result_names_cp932[string.char(0x83,0x41,0x83,0x4E,0x83,0x41,0x83,0x8A,0x83,0x45,0x83,0x80,0x81,0x6B,0x8A,0x43,0x81,0x6C)] = 121
xi.synth_result_names_cp932[string.char(0x83,0x41,0x83,0x4E,0x83,0x41,0x83,0x8A,0x83,0x45,0x83,0x80,0x81,0x6B,0x98,0x70,0x81,0x6C)] = 224
xi.synth_result_names_cp932[string.char(0x83,0x41,0x83,0x4E,0x83,0x41,0x83,0x8A,0x83,0x45,0x83,0x80,0x81,0x6B,0x8F,0xCA,0x81,0x6C)] = 225
xi.synth_result_names_cp932[string.char(0x83,0x41,0x83,0x4E,0x83,0x41,0x83,0x8A,0x83,0x93,0x83,0x4F)] = 14632
xi.synth_result_names_cp932[string.char(0x83,0x41,0x83,0x4E,0x83,0x41,0x83,0x93,0x83,0x58,0x83,0x8C,0x83,0x43,0x83,0x84,0x81,0x5B)] = 17731
xi.synth_result_names_cp932[string.char(0x83,0x41,0x83,0x4E,0x83,0x5A,0x83,0x89,0x83,0x8C,0x81,0x5B,0x83,0x5E,0x81,0x5B)] = 2246
xi.synth_result_names_cp932[string.char(0x83,0x41,0x83,0x4E,0x83,0x5A,0x83,0x89,0x83,0x8C,0x81,0x5B,0x83,0x5E,0x81,0x5B,0x49,0x49)] = 2249
xi.synth_result_names_cp932[string.char(0x83,0x41,0x83,0x4E,0x83,0x67,0x83,0x93)] = 13742
xi.synth_result_names_cp932[string.char(0x83,0x41,0x83,0x4E,0x83,0x8D,0x83,0x6F,0x83,0x62,0x83,0x67,0x83,0x78,0x83,0x8B,0x83,0x67)] = 15866
xi.synth_result_names_cp932[string.char(0x83,0x41,0x83,0x50,0x83,0x8D,0x83,0x93,0x83,0x56,0x81,0x5B,0x83,0x8B,0x83,0x68)] = 12385
xi.synth_result_names_cp932[string.char(0x83,0x41,0x83,0x52,0x83,0x8B,0x83,0x7D,0x81,0x5B,0x83,0x7B,0x83,0x45)] = 21243
xi.synth_result_names_cp932[string.char(0x83,0x41,0x83,0x54,0x83,0x43,0x83,0x89,0x83,0x93,0x83,0x67,0x83,0x41,0x83,0x4E,0x83,0x58)] = 18488
xi.synth_result_names_cp932[string.char(0x83,0x41,0x83,0x54,0x83,0x56,0x83,0x93,0x83,0x53,0x83,0x8B,0x83,0x51,0x83,0x62,0x83,0x67)] = 25447
xi.synth_result_names_cp932[string.char(0x83,0x41,0x83,0x56,0x83,0x62,0x83,0x68,0x83,0x4E,0x83,0x4E,0x83,0x8A)] = 16479
xi.synth_result_names_cp932[string.char(0x83,0x41,0x83,0x56,0x83,0x62,0x83,0x68,0x83,0x4E,0x83,0x8D,0x81,0x5B)] = 16430
xi.synth_result_names_cp932[string.char(0x83,0x41,0x83,0x56,0x83,0x62,0x83,0x68,0x83,0x5F,0x83,0x4B,0x81,0x5B)] = 17605
xi.synth_result_names_cp932[string.char(0x83,0x41,0x83,0x56,0x83,0x62,0x83,0x68,0x83,0x69,0x83,0x43,0x83,0x74)] = 16501
xi.synth_result_names_cp932[string.char(0x83,0x41,0x83,0x56,0x83,0x62,0x83,0x68,0x83,0x6F,0x83,0x5B,0x83,0x89,0x81,0x5B,0x83,0x68)] = 16459
xi.synth_result_names_cp932[string.char(0x83,0x41,0x83,0x56,0x83,0x62,0x83,0x68,0x83,0x7B,0x83,0x8B,0x83,0x67)] = 18148
xi.synth_result_names_cp932[string.char(0x83,0x41,0x83,0x58,0x83,0x67,0x83,0x89,0x83,0x4B,0x83,0x8B,0x83,0x58)] = 17299
xi.synth_result_names_cp932[string.char(0x83,0x41,0x83,0x58,0x83,0x73,0x83,0x58)] = 12299
xi.synth_result_names_cp932[string.char(0x83,0x41,0x83,0x5E,0x83,0x62,0x83,0x4A,0x81,0x5B,0x83,0x7D,0x83,0x93,0x83,0x67)] = 10998
xi.synth_result_names_cp932[string.char(0x83,0x41,0x83,0x5F,0x83,0x7D,0x83,0x93,0x82,0xCC,0x8F,0xAC,0x8E,0x44)] = 675
xi.synth_result_names_cp932[string.char(0x83,0x41,0x83,0x5F,0x83,0x7D,0x83,0x93,0x82,0xCC,0x8D,0xBD)] = 683
xi.synth_result_names_cp932[string.char(0x83,0x41,0x83,0x5F,0x83,0x7D,0x83,0x93,0x83,0x43,0x83,0x93,0x83,0x53,0x83,0x62,0x83,0x67)] = 655
xi.synth_result_names_cp932[string.char(0x83,0x41,0x83,0x5F,0x83,0x7D,0x83,0x93,0x83,0x4B,0x83,0x93,0x83,0x67,0x83,0x8C)] = 12676
xi.synth_result_names_cp932[string.char(0x83,0x41,0x83,0x5F,0x83,0x7D,0x83,0x93,0x83,0x4C,0x83,0x85,0x83,0x43,0x83,0x89,0x83,0x58)] = 12548
xi.synth_result_names_cp932[string.char(0x83,0x41,0x83,0x5F,0x83,0x7D,0x83,0x93,0x83,0x4C,0x83,0x8A,0x83,0x57)] = 17727
xi.synth_result_names_cp932[string.char(0x83,0x41,0x83,0x5F,0x83,0x7D,0x83,0x93,0x83,0x4E,0x83,0x45,0x83,0x42,0x83,0x58)] = 12804
xi.synth_result_names_cp932[string.char(0x83,0x41,0x83,0x5F,0x83,0x7D,0x83,0x93,0x83,0x4E,0x83,0x8A,0x83,0x58)] = 16461
xi.synth_result_names_cp932[string.char(0x83,0x41,0x83,0x5F,0x83,0x7D,0x83,0x93,0x83,0x54,0x83,0x43,0x83,0x93,0x83,0x65,0x83,0x42)] = 18745
xi.synth_result_names_cp932[string.char(0x83,0x41,0x83,0x5F,0x83,0x7D,0x83,0x93,0x83,0x54,0x83,0x6F,0x83,0x67,0x83,0x93)] = 12932
xi.synth_result_names_cp932[string.char(0x83,0x41,0x83,0x5F,0x83,0x7D,0x83,0x93,0x83,0x60,0x83,0x45,0x83,0x80,0x82,0xCC,0xE8,0x56)] = 3507
xi.synth_result_names_cp932[string.char(0x83,0x41,0x83,0x5F,0x83,0x7D,0x83,0x93,0x83,0x6F,0x83,0x8B,0x83,0x75,0x81,0x5B,0x83,0x5E)] = 12420
xi.synth_result_names_cp932[string.char(0x83,0x41,0x83,0x5F,0x83,0x7D,0x83,0x93,0x94,0xC2)] = 665
xi.synth_result_names_cp932[string.char(0x83,0x41,0x83,0x5F,0x81,0x5B,0x83,0x4B)] = 18353
xi.synth_result_names_cp932[string.char(0x83,0x41,0x83,0x5F,0x81,0x5B,0x83,0x57,0x83,0x83,0x83,0x93,0x83,0x72,0x83,0x41)] = 18032
xi.synth_result_names_cp932[string.char(0x83,0x41,0x83,0x62,0x83,0x56,0x83,0x85,0x83,0x4E,0x83,0x89,0x83,0x75)] = 17024
xi.synth_result_names_cp932[string.char(0x83,0x41,0x83,0x62,0x83,0x56,0x83,0x85,0x83,0x4E,0x83,0x8D,0x83,0x62,0x83,0x4F)] = 12984
xi.synth_result_names_cp932[string.char(0x83,0x41,0x83,0x62,0x83,0x56,0x83,0x85,0x83,0x58,0x83,0x5E,0x83,0x62,0x83,0x74)] = 17088
xi.synth_result_names_cp932[string.char(0x83,0x41,0x83,0x62,0x83,0x56,0x83,0x85,0x83,0x7C,0x81,0x5B,0x83,0x8B)] = 17095
xi.synth_result_names_cp932[string.char(0x83,0x41,0x83,0x62,0x83,0x56,0x83,0x85,0x8D,0xDE)] = 715
xi.synth_result_names_cp932[string.char(0x83,0x41,0x83,0x62,0x83,0x76,0x83,0x8B,0x83,0x57,0x83,0x85,0x81,0x5B,0x83,0x58)] = 4423
xi.synth_result_names_cp932[string.char(0x83,0x41,0x83,0x62,0x83,0x76,0x83,0x8B,0x83,0x70,0x83,0x43)] = 4413
xi.synth_result_names_cp932[string.char(0x83,0x41,0x83,0x62,0x83,0x76,0x83,0x8B,0x83,0x72,0x83,0x6C,0x83,0x4B,0x81,0x5B)] = 625
xi.synth_result_names_cp932[string.char(0x83,0x41,0x83,0x62,0x83,0x76,0x83,0x8B,0x81,0x45,0x83,0x49,0x83,0x8C)] = 4300
xi.synth_result_names_cp932[string.char(0x83,0x41,0x83,0x62,0x83,0x76,0x83,0x8B,0x82,0x60,0x83,0x5E,0x83,0x93,0x83,0x4E)] = 16224
xi.synth_result_names_cp932[string.char(0x83,0x41,0x83,0x65,0x83,0x6A,0x83,0x47,0x83,0x93,0x83,0x6B)] = 123
xi.synth_result_names_cp932[string.char(0x83,0x41,0x83,0x67,0x83,0x8B,0x83,0x4B,0x83,0x93,0x83,0x5F,0x81,0x5B,0x83,0x67)] = 18681
xi.synth_result_names_cp932[string.char(0x83,0x41,0x83,0x67,0x83,0x8B,0x83,0x4B,0x83,0x93,0x83,0x75,0x83,0x89,0x83,0x58)] = 2418
xi.synth_result_names_cp932[string.char(0x83,0x41,0x83,0x67,0x83,0x8B,0x83,0x4B,0x83,0x93,0x83,0x75,0x83,0x89,0x83,0x58,0x94,0xC2)] = 2419
xi.synth_result_names_cp932[string.char(0x83,0x41,0x83,0x67,0x83,0x8B,0x83,0x4B,0x83,0x93,0x8C,0xA6,0x95,0x7A)] = 2340
xi.synth_result_names_cp932[string.char(0x83,0x41,0x83,0x68,0x83,0x44,0x83,0x8A,0x83,0x93,0x83,0x58,0x81,0x5B,0x83,0x76)] = 5998
xi.synth_result_names_cp932[string.char(0x83,0x41,0x83,0x69,0x83,0x89,0x83,0x43,0x83,0x55,0x81,0x5B)] = 2252
xi.synth_result_names_cp932[string.char(0x83,0x41,0x83,0x6C,0x83,0x89,0x83,0x58)] = 16547
xi.synth_result_names_cp932[string.char(0x83,0x41,0x83,0x73,0x83,0x67,0x83,0x7D,0x83,0x93,0x83,0x67)] = 27603
xi.synth_result_names_cp932[string.char(0x83,0x41,0x83,0x76,0x83,0x4A,0x83,0x8B,0x82,0xCC,0x96,0xEE,0x89,0x48,0x8D,0xAA)] = 2292
xi.synth_result_names_cp932[string.char(0x83,0x41,0x83,0x76,0x83,0x7D,0x83,0x93,0x83,0x67)] = 28606
xi.synth_result_names_cp932[string.char(0x83,0x41,0x83,0x79,0x83,0x55,0x83,0x93,0x83,0x67)] = 18910
xi.synth_result_names_cp932[string.char(0x83,0x41,0x83,0x7D,0x83,0x8B,0x83,0x65,0x83,0x41,0x82,0xC8,0x82,0xDF,0x82,0xB5,0x8A,0x76)] = 875
xi.synth_result_names_cp932[string.char(0x83,0x41,0x83,0x7E,0x81,0x5B,0x83,0x8B,0x83,0x78,0x83,0x62,0x83,0x68)] = 122
xi.synth_result_names_cp932[string.char(0x83,0x41,0x83,0x80,0x81,0x5B,0x83,0x68)] = 18482
xi.synth_result_names_cp932[string.char(0x83,0x41,0x83,0x81,0x83,0x57,0x83,0x58,0x83,0x67)] = 800
xi.synth_result_names_cp932[string.char(0x83,0x41,0x83,0x81,0x83,0x57,0x83,0x58,0x83,0x67,0x83,0x73,0x83,0x41,0x83,0x58)] = 13333
xi.synth_result_names_cp932[string.char(0x83,0x41,0x83,0x81,0x83,0x57,0x83,0x58,0x83,0x67,0x83,0x8A,0x83,0x93,0x83,0x4F)] = 13471
xi.synth_result_names_cp932[string.char(0x83,0x41,0x83,0x81,0x83,0x67,0x83,0x8A,0x83,0x93,0x83,0x73,0x83,0x41,0x83,0x58)] = 13340
xi.synth_result_names_cp932[string.char(0x83,0x41,0x83,0x81,0x83,0x67,0x83,0x8A,0x83,0x93,0x83,0x8A,0x83,0x93,0x83,0x4F)] = 13479
xi.synth_result_names_cp932[string.char(0x83,0x41,0x83,0x81,0x83,0x7E,0x83,0x62,0x83,0x67,0x83,0x7D,0x83,0x93,0x83,0x67)] = 13645
xi.synth_result_names_cp932[string.char(0x83,0x41,0x83,0x89,0x83,0x4E,0x83,0x6C,0x82,0xCC,0x91,0xD1)] = 13275
xi.synth_result_names_cp932[string.char(0x83,0x41,0x83,0x89,0x83,0x4E,0x83,0x6C,0x8E,0x85)] = 1294
xi.synth_result_names_cp932[string.char(0x83,0x41,0x83,0x89,0x83,0x50,0x83,0x8B,0x83,0x41,0x83,0x4E,0x83,0x67,0x83,0x93)] = 11345
xi.synth_result_names_cp932[string.char(0x83,0x41,0x83,0x89,0x83,0x56,0x83,0x58,0x83,0x5E,0x83,0x62,0x83,0x74)] = 22074
xi.synth_result_names_cp932[string.char(0x83,0x41,0x83,0x89,0x83,0x72,0x83,0x41,0x81,0x5B,0x83,0x5E)] = 5211
xi.synth_result_names_cp932[string.char(0x83,0x41,0x83,0x8B,0x83,0x4A,0x83,0x6D,0x83,0x4E,0x83,0x89,0x83,0x62,0x83,0x60)] = 9887
xi.synth_result_names_cp932[string.char(0x83,0x41,0x83,0x8B,0x83,0x4A,0x83,0x6D,0x83,0x4E,0x83,0x89,0x83,0x62,0x83,0x60,0x49,0x49)] = 9888
xi.synth_result_names_cp932[string.char(0x83,0x41,0x83,0x8B,0x83,0x55,0x83,0x72,0x83,0x45,0x81,0x5B,0x83,0x63,0x8D,0x7C)] = 686
xi.synth_result_names_cp932[string.char(0x83,0x41,0x83,0x8B,0x83,0x55,0x83,0x72,0x83,0x52,0x81,0x5B,0x83,0x71,0x81,0x5B)] = 5592
xi.synth_result_names_cp932[string.char(0x83,0x41,0x83,0x8B,0x83,0x55,0x83,0x72,0x83,0x54,0x83,0x62,0x83,0x56,0x83,0x85)] = 15891
xi.synth_result_names_cp932[string.char(0x83,0x41,0x83,0x8B,0x83,0x55,0x83,0x72,0x83,0x54,0x81,0x5B,0x83,0x81,0x83,0x62,0x83,0x67)] = 2290
xi.synth_result_names_cp932[string.char(0x83,0x41,0x83,0x8B,0x83,0x55,0x83,0x72,0x83,0x5E,0x83,0x73,0x83,0x58,0x83,0x67,0x83,0x8A)] = 147
xi.synth_result_names_cp932[string.char(0x83,0x41,0x83,0x8B,0x83,0x57,0x83,0x46,0x83,0x93,0x83,0x67,0x83,0x52,0x81,0x5B,0x83,0x67)] = 11310
xi.synth_result_names_cp932[string.char(0x83,0x41,0x83,0x8B,0x83,0x57,0x83,0x46,0x83,0x93,0x83,0x67,0x83,0x7A,0x81,0x5B,0x83,0x59)] = 16365
xi.synth_result_names_cp932[string.char(0x83,0x41,0x83,0x8B,0x83,0x5E,0x83,0x69,0x83,0x80,0x83,0x8B,0x83,0x58,0x83,0x80)] = 5411
xi.synth_result_names_cp932[string.char(0x83,0x41,0x83,0x8B,0x83,0x5E,0x83,0x69,0x91,0x53,0x90,0xC8)] = 6538
xi.synth_result_names_cp932[string.char(0x83,0x41,0x83,0x8B,0x83,0x6F,0x83,0x8C,0x83,0x58,0x83,0x67)] = 17219
xi.synth_result_names_cp932[string.char(0x83,0x41,0x83,0x8B,0x83,0x7E,0x82,0xCC,0x8D,0xBD)] = 684
xi.synth_result_names_cp932[string.char(0x83,0x41,0x83,0x8B,0x83,0x7E,0x83,0x43,0x83,0x93,0x83,0x53,0x83,0x62,0x83,0x67)] = 679
xi.synth_result_names_cp932[string.char(0x83,0x41,0x83,0x8B,0x83,0x7E,0x83,0x69,0x83,0x49,0x81,0x5B,0x83,0x78,0x81,0x5B,0x83,0x8B)] = 14444
xi.synth_result_names_cp932[string.char(0x83,0x41,0x83,0x8B,0x83,0x7E,0x83,0x69,0x83,0x54,0x83,0x89,0x83,0x68)] = 15205
xi.synth_result_names_cp932[string.char(0x83,0x41,0x83,0x8B,0x83,0x7E,0x83,0x69,0x83,0x5C,0x83,0x8B,0x83,0x8C)] = 15341
xi.synth_result_names_cp932[string.char(0x83,0x41,0x83,0x8B,0x83,0x7E,0x83,0x69,0x83,0x75,0x83,0x8C,0x83,0x47,0x83,0x62,0x83,0x67)] = 15402
xi.synth_result_names_cp932[string.char(0x83,0x41,0x83,0x8B,0x83,0x7E,0x83,0x69,0x83,0x80,0x83,0x74,0x83,0x8B)] = 14051
xi.synth_result_names_cp932[string.char(0x83,0x41,0x83,0x8B,0x83,0x7E,0x94,0xC2)] = 670
xi.synth_result_names_cp932[string.char(0x83,0x41,0x83,0x8B,0x83,0x82,0x83,0x41,0x81,0x5B,0x83,0x8B)] = 61
xi.synth_result_names_cp932[string.char(0x83,0x41,0x83,0x8C,0x83,0x43,0x83,0x49,0x83,0x93,0x83,0x75,0x81,0x5B,0x83,0x63)] = 10647
xi.synth_result_names_cp932[string.char(0x83,0x41,0x83,0x8D,0x81,0x5B,0x83,0x45,0x83,0x62,0x83,0x68,0x8D,0xDE)] = 705
xi.synth_result_names_cp932[string.char(0x83,0x41,0x83,0x93,0x83,0x53,0x83,0x93)] = 18259
xi.synth_result_names_cp932[string.char(0x83,0x41,0x83,0x93,0x83,0x60,0x83,0x87,0x83,0x72)] = 5652
xi.synth_result_names_cp932[string.char(0x83,0x41,0x83,0x93,0x83,0x60,0x83,0x87,0x83,0x72,0x83,0x73,0x83,0x55)] = 5699
xi.synth_result_names_cp932[string.char(0x83,0x41,0x83,0x93,0x83,0x67,0x83,0x8A,0x83,0x49,0x83,0x67,0x83,0x89,0x83,0x62,0x83,0x76)] = 1825
xi.synth_result_names_cp932[string.char(0x83,0x41,0x83,0x93,0x83,0x6F,0x81,0x5B)] = 814
xi.synth_result_names_cp932[string.char(0x83,0x41,0x83,0x93,0x83,0x6F,0x81,0x5B,0x83,0x73,0x83,0x41,0x83,0x58)] = 13335
xi.synth_result_names_cp932[string.char(0x83,0x41,0x83,0x93,0x83,0x6F,0x81,0x5B,0x83,0x8A,0x83,0x93,0x83,0x4F)] = 13473
xi.synth_result_names_cp932[string.char(0x83,0x41,0x83,0x93,0x83,0x74,0x83,0x42,0x83,0x76,0x83,0x65,0x83,0x8C,0x82,0xCC,0x8A,0x76)] = 2751
xi.synth_result_names_cp932[string.char(0x83,0x41,0x83,0x93,0x83,0x76,0x83,0x8A,0x83,0x74,0x83,0x40,0x83,0x43,0x83,0x41,0x49,0x49)] = 9135
xi.synth_result_names_cp932[string.char(0x83,0x41,0x83,0x93,0x83,0x76,0x83,0x8A,0x83,0x74,0x83,0x40,0x83,0x43,0x83,0x41,0x81,0x5B)] = 9066
xi.synth_result_names_cp932[string.char(0x83,0x41,0x81,0x5B,0x83,0x4E,0x83,0x44,0x83,0x43,0x83,0x6F,0x83,0x58)] = 17248
xi.synth_result_names_cp932[string.char(0x83,0x41,0x81,0x5B,0x83,0x58,0x83,0x4A,0x81,0x5B,0x83,0x68)] = 2179
xi.synth_result_names_cp932[string.char(0x83,0x41,0x81,0x5B,0x83,0x58,0x83,0x4F,0x83,0x8A,0x81,0x5B,0x83,0x94)] = 15708
xi.synth_result_names_cp932[string.char(0x83,0x41,0x81,0x5B,0x83,0x58,0x83,0x58,0x83,0x5E,0x83,0x62,0x83,0x74)] = 17551
xi.synth_result_names_cp932[string.char(0x83,0x41,0x81,0x5B,0x83,0x58,0x83,0x89,0x83,0x93,0x83,0x76)] = 210
xi.synth_result_names_cp932[string.char(0x83,0x41,0x81,0x5B,0x83,0x60,0x83,0x93,0x83,0x4F,0x83,0x93,0x83,0x4A,0x83,0x93)] = 5151
xi.synth_result_names_cp932[string.char(0x83,0x41,0x81,0x5B,0x83,0x7D,0x81,0x5B,0x83,0x68,0x83,0x8A,0x83,0x93,0x83,0x4F)] = 15783
xi.synth_result_names_cp932[string.char(0x83,0x41,0x81,0x5B,0x83,0x7D,0x81,0x5B,0x83,0x76,0x83,0x8C,0x81,0x5B,0x83,0x67)] = 2251
xi.synth_result_names_cp932[string.char(0x83,0x41,0x81,0x5B,0x83,0x7D,0x81,0x5B,0x83,0x76,0x83,0x8C,0x81,0x5B,0x83,0x67,0x49,0x49)] = 2253
xi.synth_result_names_cp932[string.char(0x83,0x41,0x81,0x5B,0x83,0x7E,0x81,0x5B,0x83,0x72,0x83,0x58,0x83,0x50,0x83,0x62,0x83,0x67)] = 5657
xi.synth_result_names_cp932[string.char(0x83,0x41,0x81,0x5B,0x83,0x89,0x83,0x4E,0x83,0x41,0x83,0x4E,0x83,0x58)] = 20831
xi.synth_result_names_cp932[string.char(0x83,0x43,0x83,0x46,0x83,0x62,0x83,0x67,0x83,0x56,0x81,0x5B,0x83,0x89)] = 21378
xi.synth_result_names_cp932[string.char(0x83,0x43,0x83,0x47,0x83,0x8D,0x81,0x5B,0x83,0x43,0x83,0x84,0x83,0x8A,0x83,0x93,0x83,0x4F)] = 13348
xi.synth_result_names_cp932[string.char(0x83,0x43,0x83,0x47,0x83,0x8D,0x81,0x5B,0x83,0x4A,0x83,0x8C,0x81,0x5B)] = 4517
xi.synth_result_names_cp932[string.char(0x83,0x43,0x83,0x47,0x83,0x8D,0x81,0x5B,0x83,0x4A,0x83,0x8C,0x81,0x5B,0x83,0x70,0x83,0x93)] = 5757
xi.synth_result_names_cp932[string.char(0x83,0x43,0x83,0x47,0x83,0x8D,0x81,0x5B,0x83,0x80,0x81,0x5B,0x83,0x67,0x83,0x93)] = 2125
xi.synth_result_names_cp932[string.char(0x83,0x43,0x83,0x49,0x83,0x58,0x83,0x50,0x83,0x6E,0x83,0x78,0x83,0x8B,0x83,0x67)] = 26333
xi.synth_result_names_cp932[string.char(0x83,0x43,0x83,0x4A,0x83,0x8D,0x83,0x58,0x83,0x45,0x83,0x42,0x83,0x93,0x83,0x4F)] = 4213
xi.synth_result_names_cp932[string.char(0x83,0x43,0x83,0x4D,0x83,0x89,0x83,0x45,0x83,0x47,0x83,0x58,0x83,0x4C,0x83,0x62,0x83,0x67)] = 14420
xi.synth_result_names_cp932[string.char(0x83,0x43,0x83,0x4D,0x83,0x89,0x83,0x65,0x83,0x42,0x83,0x41,0x83,0x89)] = 15159
xi.synth_result_names_cp932[string.char(0x83,0x43,0x83,0x4D,0x83,0x89,0x83,0x74,0x83,0x40,0x83,0x89,0x83,0x62,0x83,0x56,0x83,0x85)] = 15309
xi.synth_result_names_cp932[string.char(0x83,0x43,0x83,0x4D,0x83,0x89,0x83,0x7D,0x83,0x6A,0x83,0x89)] = 14852
xi.synth_result_names_cp932[string.char(0x83,0x43,0x83,0x4D,0x83,0x89,0x83,0x89,0x83,0x62,0x83,0x70)] = 14321
xi.synth_result_names_cp932[string.char(0x83,0x43,0x83,0x4E,0x83,0x89,0x83,0x4F,0x83,0x93,0x83,0x4A,0x83,0x93)] = 5219
xi.synth_result_names_cp932[string.char(0x83,0x43,0x83,0x58,0x83,0x89,0x83,0x54,0x83,0x43,0x83,0x68,0x83,0x7B,0x81,0x5B,0x83,0x68)] = 434
xi.synth_result_names_cp932[string.char(0x83,0x43,0x83,0x60,0x83,0x43,0x82,0xCC,0x92,0xDE,0x8A,0xC6)] = 17390
xi.synth_result_names_cp932[string.char(0x83,0x43,0x83,0x60,0x83,0x73,0x83,0x89,0x83,0x74)] = 5584
xi.synth_result_names_cp932[string.char(0x83,0x43,0x83,0x67,0x83,0x5C,0x83,0x41,0x83,0x4F,0x83,0x8D,0x81,0x5B,0x83,0x75)] = 28036
xi.synth_result_names_cp932[string.char(0x83,0x43,0x83,0x67,0x83,0x5C,0x83,0x41,0x83,0x57,0x83,0x83,0x81,0x5B,0x83,0x4C,0x83,0x93)] = 27889
xi.synth_result_names_cp932[string.char(0x83,0x43,0x83,0x67,0x83,0x5C,0x83,0x41,0x83,0x67,0x83,0x89,0x83,0x45,0x83,0x55)] = 28176
xi.synth_result_names_cp932[string.char(0x83,0x43,0x83,0x67,0x83,0x5C,0x83,0x41,0x83,0x77,0x83,0x8B,0x83,0x80)] = 27746
xi.synth_result_names_cp932[string.char(0x83,0x43,0x83,0x67,0x83,0x5C,0x83,0x41,0x83,0x8C,0x83,0x66,0x83,0x8B,0x83,0x5A,0x83,0x93)] = 28314
xi.synth_result_names_cp932[string.char(0x83,0x43,0x83,0x78,0x83,0x43,0x83,0x5F,0x81,0x5B,0x83,0x73,0x83,0x41,0x83,0x58)] = 11060
xi.synth_result_names_cp932[string.char(0x83,0x43,0x83,0x82,0x83,0x8A,0x82,0xCC,0x8D,0x95,0x8F,0xC4,0x82,0xAB)] = 4581
xi.synth_result_names_cp932[string.char(0x83,0x43,0x83,0x8B,0x83,0x7E,0x83,0x4E,0x83,0x77,0x83,0x8B,0x83,0x6F,0x83,0x58)] = 5572
xi.synth_result_names_cp932[string.char(0x83,0x43,0x83,0x8C,0x83,0x6A,0x83,0x4E,0x83,0x58,0x83,0x67,0x83,0x89,0x83,0x62,0x83,0x76)] = 22202
xi.synth_result_names_cp932[string.char(0x83,0x43,0x83,0x8F,0x83,0x56,0x83,0x5F,0x83,0x93,0x83,0x53)] = 16996
xi.synth_result_names_cp932[string.char(0x83,0x43,0x83,0x8F,0x83,0x56,0x90,0xD8,0x82,0xE8,0x90,0x67)] = 17392
xi.synth_result_names_cp932[string.char(0x83,0x43,0x83,0x93,0x83,0x71,0x83,0x72,0x83,0x5E,0x81,0x5B)] = 2240
xi.synth_result_names_cp932[string.char(0x83,0x43,0x83,0x93,0x83,0x71,0x83,0x72,0x83,0x5E,0x81,0x5B,0x49,0x49)] = 9065
xi.synth_result_names_cp932[string.char(0x83,0x43,0x83,0x93,0x83,0x72,0x83,0x57,0x83,0x7D,0x83,0x93,0x83,0x67)] = 13685
xi.synth_result_names_cp932[string.char(0x83,0x43,0x83,0x93,0x83,0x74,0x83,0x46,0x83,0x8B,0x83,0x6D,0x83,0x41,0x83,0x4E,0x83,0x58)] = 16709
xi.synth_result_names_cp932[string.char(0x83,0x43,0x83,0x93,0x83,0x74,0x83,0x46,0x83,0x8B,0x83,0x6D,0x83,0x54,0x83,0x7B)] = 14164
xi.synth_result_names_cp932[string.char(0x83,0x43,0x83,0x93,0x83,0x74,0x83,0x46,0x83,0x8B,0x83,0x6D,0x83,0x5C,0x81,0x5B,0x83,0x68)] = 16594
xi.synth_result_names_cp932[string.char(0x83,0x43,0x83,0x93,0x83,0x79,0x83,0x8A,0x83,0x41,0x83,0x8B,0x83,0x47,0x83,0x62,0x83,0x4F)] = 18168
xi.synth_result_names_cp932[string.char(0x83,0x45,0x83,0x42,0x83,0x62,0x83,0x60,0x83,0x6B,0x83,0x4B,0x81,0x5B)] = 5645
xi.synth_result_names_cp932[string.char(0x83,0x45,0x83,0x42,0x83,0x8B,0x83,0x68,0x83,0x4E,0x83,0x8D,0x83,0x58)] = 3551
xi.synth_result_names_cp932[string.char(0x83,0x45,0x83,0x42,0x83,0x8D,0x81,0x5B,0x83,0x8F,0x83,0x93,0x83,0x68)] = 17050
xi.synth_result_names_cp932[string.char(0x83,0x45,0x83,0x42,0x83,0x8D,0x81,0x5B,0x8D,0xDE)] = 712
xi.synth_result_names_cp932[string.char(0x83,0x45,0x83,0x42,0x83,0x93,0x83,0x4F,0x83,0x41,0x83,0x8B,0x83,0x5E,0x81,0x5B)] = 331
xi.synth_result_names_cp932[string.char(0x83,0x45,0x83,0x42,0x83,0x93,0x83,0x4F,0x83,0x43,0x83,0x84,0x83,0x8A,0x83,0x93,0x83,0x4F)] = 13322
xi.synth_result_names_cp932[string.char(0x83,0x45,0x83,0x42,0x83,0x93,0x83,0x4F,0x83,0x47,0x83,0x62,0x83,0x57)] = 17281
xi.synth_result_names_cp932[string.char(0x83,0x45,0x83,0x42,0x83,0x93,0x83,0x4F,0x83,0x53,0x83,0x8B,0x83,0x51,0x83,0x62,0x83,0x67)] = 13144
xi.synth_result_names_cp932[string.char(0x83,0x45,0x83,0x42,0x83,0x93,0x83,0x4F,0x83,0x5C,0x81,0x5B,0x83,0x68)] = 16542
xi.synth_result_names_cp932[string.char(0x83,0x45,0x83,0x42,0x83,0x93,0x83,0x4F,0x83,0x6F,0x83,0x89,0x83,0x93,0x83,0x58)] = 333
xi.synth_result_names_cp932[string.char(0x83,0x45,0x83,0x42,0x83,0x93,0x83,0x4F,0x83,0x75,0x81,0x5B,0x83,0x63)] = 14132
xi.synth_result_names_cp932[string.char(0x83,0x45,0x83,0x42,0x83,0x93,0x83,0x5F,0x83,0x58,0x83,0x56,0x83,0x8B)] = 3710
xi.synth_result_names_cp932[string.char(0x83,0x45,0x83,0x42,0x83,0x93,0x83,0x5F,0x83,0x58,0x95,0x97,0x83,0x54,0x83,0x89,0x83,0x5F)] = 4555
xi.synth_result_names_cp932[string.char(0x83,0x45,0x83,0x42,0x83,0x93,0x83,0x5F,0x83,0x58,0x95,0x97,0x83,0x5E,0x83,0x52,0x83,0x58)] = 5172
xi.synth_result_names_cp932[string.char(0x83,0x45,0x83,0x42,0x83,0x93,0x83,0x68,0x83,0x4A,0x81,0x5B,0x83,0x68)] = 2178
xi.synth_result_names_cp932[string.char(0x83,0x45,0x83,0x42,0x83,0x93,0x83,0x68,0x83,0x58,0x83,0x5E,0x83,0x62,0x83,0x74)] = 17549
xi.synth_result_names_cp932[string.char(0x83,0x45,0x83,0x42,0x83,0x93,0x83,0x68,0x83,0x74,0x83,0x40,0x83,0x93)] = 18236
xi.synth_result_names_cp932[string.char(0x83,0x45,0x83,0x42,0x83,0x93,0x83,0x68,0x83,0x89,0x83,0x93,0x83,0x76)] = 209
xi.synth_result_names_cp932[string.char(0x83,0x45,0x83,0x42,0x83,0x94,0x83,0x8B,0x83,0x53,0x83,0x8B,0x83,0x57,0x83,0x46)] = 16265
xi.synth_result_names_cp932[string.char(0x83,0x45,0x83,0x42,0x83,0x94,0x83,0x8B,0x83,0x56,0x81,0x5B,0x83,0x8B,0x83,0x68)] = 16170
xi.synth_result_names_cp932[string.char(0x83,0x45,0x83,0x42,0x83,0x94,0x83,0x8B,0x83,0x7D,0x83,0x58,0x83,0x4E)] = 16130
xi.synth_result_names_cp932[string.char(0x83,0x45,0x83,0x42,0x83,0x94,0x83,0x8B,0x83,0x8A,0x83,0x93,0x83,0x4F)] = 15811
xi.synth_result_names_cp932[string.char(0x83,0x45,0x83,0x47,0x83,0x58,0x83,0x67,0x83,0x78,0x83,0x8B,0x83,0x67)] = 13200
xi.synth_result_names_cp932[string.char(0x83,0x45,0x83,0x48,0x83,0x8B,0x83,0x69,0x83,0x62,0x83,0x67,0x8D,0xDE)] = 711
xi.synth_result_names_cp932[string.char(0x83,0x45,0x83,0x48,0x81,0x5B,0x83,0x41,0x83,0x4E,0x83,0x67,0x83,0x93)] = 12597
xi.synth_result_names_cp932[string.char(0x83,0x45,0x83,0x48,0x81,0x5B,0x83,0x4F,0x83,0x8D,0x81,0x5B,0x83,0x75)] = 12725
xi.synth_result_names_cp932[string.char(0x83,0x45,0x83,0x48,0x81,0x5B,0x83,0x5E,0x83,0x4A,0x81,0x5B,0x83,0x68)] = 2181
xi.synth_result_names_cp932[string.char(0x83,0x45,0x83,0x48,0x81,0x5B,0x83,0x5E,0x83,0x58,0x83,0x5E,0x83,0x62,0x83,0x74)] = 17555
xi.synth_result_names_cp932[string.char(0x83,0x45,0x83,0x48,0x81,0x5B,0x83,0x5E,0x83,0x7E,0x83,0x67,0x83,0x93)] = 14992
xi.synth_result_names_cp932[string.char(0x83,0x45,0x83,0x48,0x81,0x5B,0x83,0x5E,0x83,0x89,0x83,0x93,0x83,0x76)] = 212
xi.synth_result_names_cp932[string.char(0x83,0x45,0x83,0x48,0x81,0x5B,0x83,0x5E,0x81,0x5B,0x83,0x5E,0x83,0x93,0x83,0x4E)] = 13683
xi.synth_result_names_cp932[string.char(0x83,0x45,0x83,0x48,0x81,0x5B,0x83,0x6E,0x83,0x93,0x83,0x7D,0x81,0x5B)] = 17044
xi.synth_result_names_cp932[string.char(0x83,0x45,0x83,0x48,0x81,0x5B,0x83,0x73,0x83,0x62,0x83,0x4E)] = 16650
xi.synth_result_names_cp932[string.char(0x83,0x45,0x83,0x48,0x81,0x5B,0x83,0x75,0x83,0x8C,0x81,0x5B)] = 12853
xi.synth_result_names_cp932[string.char(0x83,0x45,0x83,0x48,0x81,0x5B,0x83,0x75,0x81,0x5B,0x83,0x63)] = 12981
xi.synth_result_names_cp932[string.char(0x83,0x45,0x83,0x48,0x81,0x5B,0x83,0x78,0x83,0x8C,0x81,0x5B)] = 12469
xi.synth_result_names_cp932[string.char(0x83,0x45,0x83,0x48,0x81,0x5B,0x83,0x7B,0x83,0x45)] = 17164
xi.synth_result_names_cp932[string.char(0x83,0x45,0x83,0x53,0x83,0x8B,0x83,0x49,0x81,0x5B,0x83,0x78,0x81,0x5B,0x83,0x8B)] = 10494
xi.synth_result_names_cp932[string.char(0x83,0x45,0x83,0x53,0x83,0x8B,0x83,0x54,0x83,0x89,0x83,0x68)] = 10410
xi.synth_result_names_cp932[string.char(0x83,0x45,0x83,0x53,0x83,0x8B,0x83,0x5C,0x83,0x8B,0x83,0x8C)] = 10641
xi.synth_result_names_cp932[string.char(0x83,0x45,0x83,0x53,0x83,0x8B,0x83,0x75,0x83,0x8C,0x83,0x47,0x83,0x62,0x83,0x67)] = 10575
xi.synth_result_names_cp932[string.char(0x83,0x45,0x83,0x53,0x83,0x8B,0x83,0x80,0x83,0x74,0x83,0x8B)] = 10544
xi.synth_result_names_cp932[string.char(0x83,0x45,0x83,0x69,0x83,0x4D,0x82,0xCC,0x8B,0xF8,0x8F,0xC4)] = 4457
xi.synth_result_names_cp932[string.char(0x83,0x45,0x83,0x8B,0x83,0x57,0x83,0x83,0x83,0x4F,0x83,0x8D,0x81,0x5B,0x83,0x75)] = 10546
xi.synth_result_names_cp932[string.char(0x83,0x45,0x83,0x8B,0x83,0x57,0x83,0x83,0x83,0x57,0x83,0x83,0x81,0x5B,0x83,0x4C,0x83,0x93)] = 10496
xi.synth_result_names_cp932[string.char(0x83,0x45,0x83,0x8B,0x83,0x57,0x83,0x83,0x83,0x67,0x83,0x89,0x83,0x45,0x83,0x55)] = 10577
xi.synth_result_names_cp932[string.char(0x83,0x45,0x83,0x8B,0x83,0x57,0x83,0x83,0x83,0x77,0x83,0x8B,0x83,0x80)] = 10412
xi.synth_result_names_cp932[string.char(0x83,0x45,0x83,0x8B,0x83,0x57,0x83,0x83,0x83,0x8C,0x83,0x66,0x83,0x8B,0x83,0x5A,0x83,0x93)] = 10643
xi.synth_result_names_cp932[string.char(0x83,0x45,0x83,0x8B,0x83,0x59,0x83,0x75,0x83,0x8C,0x81,0x5B,0x83,0x68)] = 20783
xi.synth_result_names_cp932[string.char(0x83,0x45,0x83,0x8B,0x83,0x74,0x83,0x53,0x83,0x8B,0x83,0x51,0x83,0x62,0x83,0x67)] = 13089
xi.synth_result_names_cp932[string.char(0x83,0x45,0x83,0x8B,0x83,0x74,0x83,0x74,0x83,0x46,0x83,0x8B,0x83,0x67)] = 2010
xi.synth_result_names_cp932[string.char(0x83,0x45,0x83,0x8B,0x83,0x74,0x83,0x7D,0x83,0x93,0x83,0x67)] = 13571
xi.synth_result_names_cp932[string.char(0x83,0x45,0x83,0x8B,0x83,0x93,0x83,0x5F,0x83,0x43,0x8D,0xDE)] = 3927
xi.synth_result_names_cp932[string.char(0x83,0x45,0x81,0x5B,0x83,0x63,0x83,0x43,0x83,0x93,0x83,0x53,0x83,0x62,0x83,0x67)] = 1461
xi.synth_result_names_cp932[string.char(0x83,0x45,0x81,0x5B,0x83,0x8B,0x83,0x4A,0x83,0x74,0x83,0x58)] = 12730
xi.synth_result_names_cp932[string.char(0x83,0x45,0x81,0x5B,0x83,0x8B,0x83,0x4B,0x83,0x93,0x83,0x72,0x83,0x58,0x83,0x93)] = 12595
xi.synth_result_names_cp932[string.char(0x83,0x45,0x81,0x5B,0x83,0x8B,0x83,0x4C,0x83,0x83,0x83,0x62,0x83,0x76)] = 12467
xi.synth_result_names_cp932[string.char(0x83,0x45,0x81,0x5B,0x83,0x8B,0x83,0x58,0x83,0x8D,0x83,0x62,0x83,0x76,0x83,0x58)] = 12858
xi.synth_result_names_cp932[string.char(0x83,0x45,0x81,0x5B,0x83,0x8B,0x83,0x5C,0x83,0x62,0x83,0x4E,0x83,0x58)] = 12979
xi.synth_result_names_cp932[string.char(0x83,0x45,0x81,0x5B,0x83,0x8B,0x83,0x5F,0x83,0x75,0x83,0x8C,0x83,0x62,0x83,0x67)] = 13752
xi.synth_result_names_cp932[string.char(0x83,0x45,0x81,0x5B,0x83,0x8B,0x83,0x6E,0x83,0x62,0x83,0x67)] = 12474
xi.synth_result_names_cp932[string.char(0x83,0x45,0x81,0x5B,0x83,0x8B,0x83,0x75,0x83,0x8C,0x81,0x5B,0x83,0x54,0x81,0x5B)] = 12723
xi.synth_result_names_cp932[string.char(0x83,0x45,0x81,0x5B,0x83,0x8B,0x83,0x7A,0x81,0x5B,0x83,0x59)] = 12851
xi.synth_result_names_cp932[string.char(0x83,0x45,0x81,0x5B,0x83,0x8B,0x83,0x8D,0x81,0x5B,0x83,0x75)] = 12602
xi.synth_result_names_cp932[string.char(0x83,0x45,0x81,0x5B,0x83,0x8D,0x83,0x93,0x83,0x56,0x83,0x85,0x81,0x5B,0x83,0x59)] = 14130
xi.synth_result_names_cp932[string.char(0x83,0x47,0x83,0x41,0x83,0x5C,0x83,0x8C,0x83,0x41)] = 14134
xi.synth_result_names_cp932[string.char(0x83,0x47,0x83,0x41,0x83,0x7B,0x81,0x5B,0x83,0x93)] = 4186
xi.synth_result_names_cp932[string.char(0x83,0x47,0x83,0x41,0x83,0x7E,0x83,0x68,0x83,0x53,0x83,0x8B,0x83,0x51,0x83,0x62,0x83,0x67)] = 10963
xi.synth_result_names_cp932[string.char(0x83,0x47,0x83,0x41,0x83,0x89,0x83,0x43,0x83,0x5F,0x81,0x5B)] = 4218
xi.synth_result_names_cp932[string.char(0x83,0x47,0x83,0x41,0x83,0x8D,0x83,0x7D,0x83,0x74,0x83,0x89)] = 14989
xi.synth_result_names_cp932[string.char(0x83,0x47,0x83,0x43,0x83,0x80,0x83,0x4F,0x83,0x8D,0x81,0x5B,0x83,0x75)] = 14957
xi.synth_result_names_cp932[string.char(0x83,0x47,0x83,0x4E,0x83,0x58,0x83,0x7C,0x81,0x5B,0x83,0x56,0x83,0x87,0x83,0x93)] = 4120
xi.synth_result_names_cp932[string.char(0x83,0x47,0x83,0x4F,0x83,0x55,0x83,0x4E,0x83,0x67,0x83,0x7D,0x83,0x93,0x83,0x67)] = 11530
xi.synth_result_names_cp932[string.char(0x83,0x47,0x83,0x57,0x83,0x6C,0x83,0x4E,0x83,0x89,0x83,0x58)] = 28404
xi.synth_result_names_cp932[string.char(0x83,0x47,0x83,0x58,0x83,0x70,0x83,0x68,0x83,0x93)] = 16578
xi.synth_result_names_cp932[string.char(0x83,0x47,0x83,0x63,0x83,0x8B,0x83,0x66,0x83,0x42,0x83,0x54,0x83,0x93,0x83,0x67)] = 19177
xi.synth_result_names_cp932[string.char(0x83,0x47,0x83,0x67,0x83,0x8F,0x81,0x5B,0x83,0x8B,0x83,0x53,0x83,0x8B,0x83,0x51)] = 25525
xi.synth_result_names_cp932[string.char(0x83,0x47,0x83,0x72,0x83,0x41,0x83,0x7B,0x83,0x4A,0x83,0x68,0x83,0x73,0x83,0x5E)] = 5891
xi.synth_result_names_cp932[string.char(0x83,0x47,0x83,0x72,0x83,0x5F,0x83,0x93,0x83,0x53)] = 16997
xi.synth_result_names_cp932[string.char(0x83,0x47,0x83,0x72,0x83,0x74,0x83,0x89,0x83,0x43)] = 6276
xi.synth_result_names_cp932[string.char(0x83,0x47,0x83,0x74,0x83,0x46,0x83,0x68,0x83,0x89,0x83,0x8A,0x83,0x93,0x83,0x4F)] = 10790
xi.synth_result_names_cp932[string.char(0x83,0x47,0x83,0x79)] = 16527
xi.synth_result_names_cp932[string.char(0x83,0x47,0x83,0x7B,0x83,0x69,0x83,0x43,0x83,0x67)] = 2300
xi.synth_result_names_cp932[string.char(0x83,0x47,0x83,0x7B,0x83,0x6A,0x81,0x5B,0x83,0x54,0x83,0x7B)] = 12987
xi.synth_result_names_cp932[string.char(0x83,0x47,0x83,0x7B,0x83,0x6A,0x81,0x5B,0x83,0x6E,0x81,0x5B,0x83,0x76)] = 17357
xi.synth_result_names_cp932[string.char(0x83,0x47,0x83,0x7B,0x83,0x6A,0x81,0x5B,0x83,0x7C,0x81,0x5B,0x83,0x8B)] = 17100
xi.synth_result_names_cp932[string.char(0x83,0x47,0x83,0x7B,0x83,0x6A,0x81,0x5B,0x83,0x8F,0x83,0x93,0x83,0x68)] = 17054
xi.synth_result_names_cp932[string.char(0x83,0x47,0x83,0x7B,0x83,0x6A,0x81,0x5B,0x8D,0xDE)] = 719
xi.synth_result_names_cp932[string.char(0x83,0x47,0x83,0x7B,0x83,0x93,0x83,0x41,0x81,0x5B,0x83,0x81,0x83,0x62,0x83,0x67)] = 12117
xi.synth_result_names_cp932[string.char(0x83,0x47,0x83,0x7B,0x83,0x93,0x83,0x4B,0x83,0x93,0x83,0x67,0x83,0x8C)] = 12189
xi.synth_result_names_cp932[string.char(0x83,0x47,0x83,0x7B,0x83,0x93,0x83,0x4E,0x83,0x8D,0x83,0x62,0x83,0x4F)] = 12285
xi.synth_result_names_cp932[string.char(0x83,0x47,0x83,0x7B,0x83,0x93,0x83,0x4F,0x83,0x8D,0x81,0x5B,0x83,0x75)] = 12192
xi.synth_result_names_cp932[string.char(0x83,0x47,0x83,0x7B,0x83,0x93,0x83,0x58,0x83,0x8D,0x83,0x62,0x83,0x76,0x83,0x58)] = 12249
xi.synth_result_names_cp932[string.char(0x83,0x47,0x83,0x7B,0x83,0x93,0x83,0x6E,0x81,0x5B,0x83,0x6C,0x83,0x58)] = 12156
xi.synth_result_names_cp932[string.char(0x83,0x47,0x83,0x7B,0x83,0x93,0x83,0x74,0x83,0x8D,0x83,0x62,0x83,0x4E)] = 12177
xi.synth_result_names_cp932[string.char(0x83,0x47,0x83,0x7B,0x83,0x93,0x83,0x75,0x83,0x8C,0x83,0x58,0x83,0x67)] = 12153
xi.synth_result_names_cp932[string.char(0x83,0x47,0x83,0x7B,0x83,0x93,0x83,0x75,0x83,0x8C,0x81,0x5B)] = 12228
xi.synth_result_names_cp932[string.char(0x83,0x47,0x83,0x7B,0x83,0x93,0x83,0x75,0x81,0x5B,0x83,0x63)] = 12264
xi.synth_result_names_cp932[string.char(0x83,0x47,0x83,0x7B,0x83,0x93,0x83,0x78,0x83,0x8C,0x81,0x5B)] = 12141
xi.synth_result_names_cp932[string.char(0x83,0x47,0x83,0x7B,0x83,0x93,0x83,0x7A,0x81,0x5B,0x83,0x59)] = 12225
xi.synth_result_names_cp932[string.char(0x83,0x47,0x83,0x7B,0x83,0x93,0x83,0x7D,0x83,0x58,0x83,0x4E)] = 12120
xi.synth_result_names_cp932[string.char(0x83,0x47,0x83,0x7B,0x83,0x93,0x83,0x7E,0x83,0x67,0x83,0x93)] = 12213
xi.synth_result_names_cp932[string.char(0x83,0x47,0x83,0x7B,0x83,0x93,0x83,0x8C,0x83,0x4D,0x83,0x93,0x83,0x58)] = 12261
xi.synth_result_names_cp932[string.char(0x83,0x47,0x83,0x81,0x83,0x89,0x83,0x8B,0x83,0x68,0x83,0x73,0x83,0x41,0x83,0x58)] = 13351
xi.synth_result_names_cp932[string.char(0x83,0x47,0x83,0x81,0x83,0x89,0x83,0x8B,0x83,0x68,0x83,0x8A,0x83,0x93,0x83,0x4F)] = 13448
xi.synth_result_names_cp932[string.char(0x83,0x47,0x83,0x89,0x83,0x93,0x83,0x58,0x83,0x67,0x83,0x89,0x83,0x62,0x83,0x76)] = 22210
xi.synth_result_names_cp932[string.char(0x83,0x47,0x83,0x89,0x83,0x93,0x83,0x67,0x83,0x45,0x83,0x76,0x83,0x89,0x83,0x93,0x83,0x68)] = 14380
xi.synth_result_names_cp932[string.char(0x83,0x47,0x83,0x89,0x83,0x93,0x83,0x67,0x83,0x4A,0x83,0x74,0x83,0x58)] = 14078
xi.synth_result_names_cp932[string.char(0x83,0x47,0x83,0x89,0x83,0x93,0x83,0x67,0x83,0x50,0x81,0x5B,0x83,0x76)] = 13656
xi.synth_result_names_cp932[string.char(0x83,0x47,0x83,0x89,0x83,0x93,0x83,0x67,0x83,0x58,0x83,0x8D,0x83,0x62,0x83,0x76,0x83,0x58)] = 14301
xi.synth_result_names_cp932[string.char(0x83,0x47,0x83,0x89,0x83,0x93,0x83,0x67,0x83,0x6E,0x83,0x62,0x83,0x67)] = 13929
xi.synth_result_names_cp932[string.char(0x83,0x47,0x83,0x89,0x83,0x93,0x83,0x67,0x83,0x73,0x83,0x4B,0x83,0x62,0x83,0x56,0x83,0x85)] = 14182
xi.synth_result_names_cp932[string.char(0x83,0x47,0x83,0x8A,0x83,0x4E,0x83,0x54,0x81,0x5B)] = 4145
xi.synth_result_names_cp932[string.char(0x83,0x47,0x83,0x8A,0x83,0x4E,0x83,0x54,0x81,0x5B,0x83,0x5E,0x83,0x93,0x83,0x4E)] = 16249
xi.synth_result_names_cp932[string.char(0x83,0x47,0x83,0x8A,0x83,0x4E,0x83,0x56,0x83,0x8B,0x83,0x94,0x83,0x40,0x83,0x43,0x83,0x65)] = 5355
xi.synth_result_names_cp932[string.char(0x83,0x47,0x83,0x8A,0x83,0x58,0x83,0x43,0x83,0x84,0x83,0x8A,0x83,0x93,0x83,0x4F)] = 13417
xi.synth_result_names_cp932[string.char(0x83,0x47,0x83,0x8A,0x81,0x5B,0x83,0x67,0x83,0x78,0x83,0x8C,0x81,0x5B)] = 13950
xi.synth_result_names_cp932[string.char(0x83,0x47,0x83,0x8B,0x83,0x4C,0x83,0x93,0x83,0x4F,0x83,0x50,0x81,0x5B,0x83,0x65,0x83,0x93)] = 18505
xi.synth_result_names_cp932[string.char(0x83,0x47,0x83,0x8B,0x83,0x4C,0x83,0x93,0x83,0x4F,0x83,0x5C,0x81,0x5B,0x83,0x68)] = 17762
xi.synth_result_names_cp932[string.char(0x83,0x47,0x83,0x8B,0x83,0x4C,0x83,0x93,0x83,0x4F,0x83,0x5E,0x83,0x6F,0x81,0x5B,0x83,0x8B)] = 17966
xi.synth_result_names_cp932[string.char(0x83,0x47,0x83,0x8B,0x83,0x4C,0x83,0x93,0x83,0x4F,0x83,0x75,0x83,0x8C,0x81,0x5B,0x83,0x68)] = 17763
xi.synth_result_names_cp932[string.char(0x83,0x47,0x83,0x8B,0x83,0x56,0x83,0x82,0x83,0x70,0x81,0x5B,0x83,0x80)] = 99
xi.synth_result_names_cp932[string.char(0x83,0x47,0x83,0x8B,0x83,0x56,0x81,0x5B,0x83,0x6A,0x83,0x83)] = 5886
xi.synth_result_names_cp932[string.char(0x83,0x47,0x83,0x8B,0x83,0x80,0x83,0x56,0x81,0x5B,0x83,0x8B,0x83,0x68)] = 12291
xi.synth_result_names_cp932[string.char(0x83,0x47,0x83,0x8B,0x83,0x80,0x83,0x58,0x83,0x5E,0x83,0x62,0x83,0x74)] = 17090
xi.synth_result_names_cp932[string.char(0x83,0x47,0x83,0x8B,0x83,0x80,0x83,0x7C,0x81,0x5B,0x83,0x8B)] = 17097
xi.synth_result_names_cp932[string.char(0x83,0x47,0x83,0x8B,0x83,0x80,0x8D,0xDE)] = 707
xi.synth_result_names_cp932[string.char(0x83,0x47,0x83,0x8B,0x83,0x81,0x83,0x58,0x83,0x4E,0x83,0x47,0x83,0x93,0x83,0x60,0x83,0x83)] = 5253
xi.synth_result_names_cp932[string.char(0x83,0x47,0x83,0x8B,0x83,0x81,0x83,0x58,0x83,0x54,0x83,0x93,0x83,0x5F,0x83,0x8B)] = 11379
xi.synth_result_names_cp932[string.char(0x83,0x47,0x83,0x8C,0x83,0x4E,0x83,0x67,0x83,0x89,0x83,0x75,0x83,0x8C,0x83,0x62,0x83,0x67)] = 19201
xi.synth_result_names_cp932[string.char(0x83,0x47,0x83,0x8C,0x83,0x4E,0x83,0x67,0x83,0x89,0x83,0x80)] = 2536
xi.synth_result_names_cp932[string.char(0x83,0x47,0x83,0x8C,0x83,0x4E,0x83,0x67,0x83,0x89,0x83,0x80,0x82,0xCC,0x8D,0xBD)] = 2551
xi.synth_result_names_cp932[string.char(0x83,0x47,0x83,0x8C,0x83,0x7D,0x83,0x43,0x83,0x67,0x83,0x8A,0x83,0x93,0x83,0x4F)] = 13284
xi.synth_result_names_cp932[string.char(0x83,0x47,0x83,0x8C,0x83,0x7D,0x83,0x43,0x83,0x67,0x83,0x8F,0x83,0x93,0x83,0x68)] = 17441
xi.synth_result_names_cp932[string.char(0x83,0x47,0x83,0x93,0x83,0x54,0x83,0x89,0x83,0x5F,0x83,0x66,0x83,0x6D,0x83,0x70,0x83,0x8B)] = 5701
xi.synth_result_names_cp932[string.char(0x83,0x47,0x83,0x93,0x83,0x57,0x83,0x46,0x83,0x8B,0x83,0x73,0x83,0x41,0x83,0x58)] = 13357
xi.synth_result_names_cp932[string.char(0x83,0x47,0x83,0x93,0x83,0x57,0x83,0x46,0x83,0x8B,0x83,0x8A,0x83,0x93,0x83,0x4F)] = 13463
xi.synth_result_names_cp932[string.char(0x83,0x47,0x83,0x93,0x83,0x5B,0x83,0x8B,0x83,0x49,0x81,0x5B,0x83,0x75)] = 2744
xi.synth_result_names_cp932[string.char(0x83,0x47,0x83,0x93,0x83,0x5B,0x83,0x8B,0x83,0x74,0x83,0x8B,0x81,0x5B,0x83,0x67)] = 17350
xi.synth_result_names_cp932[string.char(0x83,0x47,0x83,0x93,0x83,0x70,0x83,0x8F,0x81,0x5B,0x83,0x7D,0x83,0x93,0x83,0x67)] = 13633
xi.synth_result_names_cp932[string.char(0x83,0x47,0x81,0x5B,0x83,0x65,0x83,0x8B)] = 4128
xi.synth_result_names_cp932[string.char(0x83,0x47,0x81,0x5B,0x83,0x65,0x83,0x8B,0x83,0x52,0x83,0x62,0x83,0x67,0x83,0x93)] = 1994
xi.synth_result_names_cp932[string.char(0x83,0x47,0x81,0x5B,0x83,0x65,0x83,0x8B,0x83,0x5E,0x83,0x93,0x83,0x4E)] = 13682
xi.synth_result_names_cp932[string.char(0x83,0x47,0x81,0x5B,0x83,0x65,0x83,0x8B,0x83,0x7A,0x83,0x8A,0x81,0x5B)] = 1995
xi.synth_result_names_cp932[string.char(0x83,0x47,0x81,0x5B,0x83,0x65,0x83,0x8B,0x83,0x8C,0x83,0x55,0x81,0x5B)] = 1993
xi.synth_result_names_cp932[string.char(0x83,0x47,0x81,0x5B,0x83,0x65,0x83,0x8B,0x82,0x63)] = 5357
xi.synth_result_names_cp932[string.char(0x83,0x49,0x83,0x43,0x83,0x8B,0x83,0x4E,0x83,0x8D,0x83,0x58)] = 2704
xi.synth_result_names_cp932[string.char(0x83,0x49,0x83,0x4C,0x83,0x56,0x83,0x68,0x83,0x6F,0x83,0x5B,0x83,0x89,0x81,0x5B,0x83,0x68)] = 20639
xi.synth_result_names_cp932[string.char(0x83,0x49,0x83,0x4C,0x83,0x56,0x83,0x68,0x83,0x7B,0x83,0x8B,0x83,0x67)] = 21323
xi.synth_result_names_cp932[string.char(0x83,0x49,0x83,0x4E,0x83,0x5C,0x83,0x56,0x83,0x74,0x83,0x40,0x83,0x52,0x83,0x93)] = 18827
xi.synth_result_names_cp932[string.char(0x83,0x49,0x83,0x4E,0x83,0x67,0x83,0x70,0x83,0x58,0x83,0x58,0x83,0x56)] = 5693
xi.synth_result_names_cp932[string.char(0x83,0x49,0x83,0x58,0x83,0x65,0x83,0x41,0x83,0x4A,0x83,0x74,0x83,0x58)] = 14826
xi.synth_result_names_cp932[string.char(0x83,0x49,0x83,0x58,0x83,0x65,0x83,0x41,0x83,0x54,0x83,0x7B)] = 14189
xi.synth_result_names_cp932[string.char(0x83,0x49,0x83,0x58,0x83,0x65,0x83,0x41,0x83,0x58,0x83,0x8D,0x83,0x62,0x83,0x76,0x83,0x58)] = 14310
xi.synth_result_names_cp932[string.char(0x83,0x49,0x83,0x58,0x83,0x65,0x83,0x41,0x83,0x6E,0x83,0x62,0x83,0x67)] = 13939
xi.synth_result_names_cp932[string.char(0x83,0x49,0x83,0x58,0x83,0x65,0x83,0x41,0x83,0x8D,0x81,0x5B,0x83,0x75)] = 13814
xi.synth_result_names_cp932[string.char(0x83,0x49,0x83,0x62,0x83,0x4E,0x83,0x58,0x83,0x49,0x81,0x5B,0x83,0x75)] = 2743
xi.synth_result_names_cp932[string.char(0x83,0x49,0x83,0x62,0x83,0x4E,0x83,0x58,0x83,0x5E,0x83,0x93)] = 16840
xi.synth_result_names_cp932[string.char(0x83,0x49,0x83,0x6A,0x83,0x4C,0x83,0x58)] = 799
xi.synth_result_names_cp932[string.char(0x83,0x49,0x83,0x6A,0x83,0x4C,0x83,0x58,0x83,0x73,0x83,0x41,0x83,0x58)] = 13336
xi.synth_result_names_cp932[string.char(0x83,0x49,0x83,0x6A,0x83,0x4C,0x83,0x58,0x83,0x8A,0x83,0x93,0x83,0x4F)] = 13474
xi.synth_result_names_cp932[string.char(0x83,0x49,0x83,0x70,0x81,0x5B,0x83,0x89,0x83,0x43,0x83,0x93,0x83,0x68,0x83,0x8C,0x83,0x58)] = 14384
xi.synth_result_names_cp932[string.char(0x83,0x49,0x83,0x70,0x81,0x5B,0x83,0x89,0x83,0x43,0x83,0x93,0x83,0x75,0x81,0x5B,0x83,0x63)] = 14116
xi.synth_result_names_cp932[string.char(0x83,0x49,0x83,0x70,0x81,0x5B,0x83,0x89,0x83,0x43,0x83,0x93,0x83,0x7A,0x81,0x5B,0x83,0x59)] = 14249
xi.synth_result_names_cp932[string.char(0x83,0x49,0x83,0x70,0x81,0x5B,0x83,0x8B,0x83,0x73,0x83,0x41,0x83,0x58)] = 13337
xi.synth_result_names_cp932[string.char(0x83,0x49,0x83,0x70,0x81,0x5B,0x83,0x8B,0x83,0x8A,0x83,0x93,0x83,0x4F)] = 13443
xi.synth_result_names_cp932[string.char(0x83,0x49,0x83,0x72,0x83,0x93,0x83,0x6A,0x83,0x4E,0x82,0xCC,0x8A,0x76)] = 2122
xi.synth_result_names_cp932[string.char(0x83,0x49,0x83,0x75,0x83,0x56,0x83,0x66,0x83,0x42,0x83,0x41,0x83,0x41,0x83,0x8D,0x81,0x5B)] = 18730
xi.synth_result_names_cp932[string.char(0x83,0x49,0x83,0x76,0x83,0x8A,0x83,0x82)] = 19743
xi.synth_result_names_cp932[string.char(0x83,0x49,0x83,0x78,0x83,0x8A,0x83,0x58,0x83,0x4E,0x83,0x89,0x83,0x93,0x83,0x58)] = 16890
xi.synth_result_names_cp932[string.char(0x83,0x49,0x83,0x78,0x83,0x8D,0x83,0x93,0x83,0x53,0x81,0x5B,0x83,0x8B,0x83,0x68)] = 2766
xi.synth_result_names_cp932[string.char(0x83,0x49,0x83,0x78,0x83,0x8D,0x83,0x93,0x83,0x53,0x81,0x5B,0x83,0x8B,0x83,0x68,0x94,0xC2)] = 2767
xi.synth_result_names_cp932[string.char(0x83,0x49,0x83,0x78,0x83,0x8D,0x83,0x93,0x83,0x54,0x83,0x43,0x83,0x93,0x83,0x65,0x83,0x42)] = 18765
xi.synth_result_names_cp932[string.char(0x83,0x49,0x83,0x78,0x83,0x8D,0x83,0x93,0x83,0x69,0x83,0x62,0x83,0x4E,0x83,0x8B)] = 18764
xi.synth_result_names_cp932[string.char(0x83,0x49,0x83,0x78,0x83,0x8D,0x83,0x93,0x83,0x8C,0x83,0x43,0x83,0x73,0x83,0x41)] = 17761
xi.synth_result_names_cp932[string.char(0x83,0x49,0x83,0x80,0x83,0x8C,0x83,0x63,0x83,0x54,0x83,0x93,0x83,0x68)] = 6601
xi.synth_result_names_cp932[string.char(0x83,0x49,0x83,0x82,0x83,0x6A,0x83,0x47,0x81,0x5B,0x83,0x8B)] = 19240
xi.synth_result_names_cp932[string.char(0x83,0x49,0x83,0x8A,0x83,0x6E,0x83,0x8B,0x83,0x52,0x83,0x93)] = 747
xi.synth_result_names_cp932[string.char(0x83,0x49,0x83,0x8A,0x83,0x6E,0x83,0x8B,0x83,0x52,0x83,0x93,0x82,0xCC,0x8D,0xBD)] = 763
xi.synth_result_names_cp932[string.char(0x83,0x49,0x83,0x8A,0x83,0x6E,0x83,0x8B,0x83,0x52,0x83,0x93,0x83,0x4D,0x83,0x41)] = 9145
xi.synth_result_names_cp932[string.char(0x83,0x49,0x83,0x8A,0x83,0x6E,0x83,0x8B,0x83,0x52,0x83,0x93,0x83,0x54,0x83,0x43,0x83,0x59)] = 18058
xi.synth_result_names_cp932[string.char(0x83,0x49,0x83,0x8A,0x83,0x6E,0x83,0x8B,0x83,0x52,0x83,0x93,0x83,0x5F,0x83,0x4B,0x81,0x5B)] = 16453
xi.synth_result_names_cp932[string.char(0x83,0x49,0x83,0x8A,0x83,0x6E,0x83,0x8B,0x83,0x52,0x83,0x93,0x83,0x73,0x83,0x41,0x83,0x58)] = 13329
xi.synth_result_names_cp932[string.char(0x83,0x49,0x83,0x8A,0x83,0x6E,0x83,0x8B,0x83,0x52,0x83,0x93,0x83,0x89,0x83,0x93,0x83,0x58)] = 18105
xi.synth_result_names_cp932[string.char(0x83,0x49,0x83,0x8A,0x83,0x6E,0x83,0x8B,0x83,0x52,0x83,0x93,0x83,0x8A,0x83,0x93,0x83,0x4F)] = 13466
xi.synth_result_names_cp932[string.char(0x83,0x49,0x83,0x8A,0x83,0x6E,0x83,0x8B,0x83,0x52,0x83,0x93,0x94,0xC2)] = 668
xi.synth_result_names_cp932[string.char(0x83,0x49,0x83,0x8B,0x83,0x67,0x83,0x89,0x81,0x5B,0x83,0x69)] = 5658
xi.synth_result_names_cp932[string.char(0x83,0x49,0x83,0x8C,0x83,0x93,0x83,0x57,0x83,0x4E,0x81,0x5B,0x83,0x77,0x83,0x93)] = 4393
xi.synth_result_names_cp932[string.char(0x83,0x49,0x83,0x8C,0x83,0x93,0x83,0x57,0x83,0x50,0x81,0x5B,0x83,0x4C)] = 5629
xi.synth_result_names_cp932[string.char(0x83,0x49,0x83,0x8C,0x83,0x93,0x83,0x57,0x83,0x57,0x83,0x85,0x81,0x5B,0x83,0x58)] = 4422
xi.synth_result_names_cp932[string.char(0x83,0x49,0x83,0x8C,0x83,0x93,0x83,0x57,0x81,0x45,0x83,0x49,0x83,0x8C)] = 4299
xi.synth_result_names_cp932[string.char(0x83,0x49,0x83,0x8C,0x83,0x93,0x83,0x57,0x82,0x60,0x83,0x5E,0x83,0x93,0x83,0x4E)] = 16223
xi.synth_result_names_cp932[string.char(0x83,0x49,0x81,0x5B,0x83,0x4B,0x83,0x4F,0x83,0x8D,0x81,0x5B,0x83,0x75)] = 13706
xi.synth_result_names_cp932[string.char(0x83,0x49,0x81,0x5B,0x83,0x4B,0x83,0x56,0x83,0x62,0x83,0x4E,0x83,0x8B)] = 18954
xi.synth_result_names_cp932[string.char(0x83,0x49,0x81,0x5B,0x83,0x4B,0x83,0x57,0x83,0x83,0x83,0x93,0x83,0x72,0x83,0x41)] = 19117
xi.synth_result_names_cp932[string.char(0x83,0x49,0x81,0x5B,0x83,0x4B,0x83,0x57,0x83,0x83,0x81,0x5B,0x83,0x4C,0x83,0x93)] = 13705
xi.synth_result_names_cp932[string.char(0x83,0x49,0x81,0x5B,0x83,0x4B,0x83,0x67,0x83,0x89,0x83,0x45,0x83,0x55)] = 12880
xi.synth_result_names_cp932[string.char(0x83,0x49,0x81,0x5B,0x83,0x4B,0x83,0x7D,0x83,0x58,0x83,0x4E)] = 13704
xi.synth_result_names_cp932[string.char(0x83,0x49,0x81,0x5B,0x83,0x4B,0x83,0x8C,0x83,0x66,0x83,0x8B,0x83,0x5A,0x83,0x93)] = 13708
xi.synth_result_names_cp932[string.char(0x83,0x49,0x81,0x5B,0x83,0x4E,0x83,0x4A,0x83,0x57,0x83,0x46,0x83,0x8B)] = 17027
xi.synth_result_names_cp932[string.char(0x83,0x49,0x81,0x5B,0x83,0x4E,0x83,0x56,0x81,0x5B,0x83,0x8B,0x83,0x68)] = 12293
xi.synth_result_names_cp932[string.char(0x83,0x49,0x81,0x5B,0x83,0x4E,0x83,0x58,0x83,0x5E,0x83,0x62,0x83,0x74)] = 17091
xi.synth_result_names_cp932[string.char(0x83,0x49,0x81,0x5B,0x83,0x4E,0x83,0x65,0x81,0x5B,0x83,0x75,0x83,0x8B)] = 24
xi.synth_result_names_cp932[string.char(0x83,0x49,0x81,0x5B,0x83,0x4E,0x83,0x77,0x83,0x8B,0x83,0x80)] = 15200
xi.synth_result_names_cp932[string.char(0x83,0x49,0x81,0x5B,0x83,0x4E,0x83,0x78,0x83,0x62,0x83,0x68)] = 3
xi.synth_result_names_cp932[string.char(0x83,0x49,0x81,0x5B,0x83,0x4E,0x83,0x7C,0x81,0x5B,0x83,0x8B)] = 17098
xi.synth_result_names_cp932[string.char(0x83,0x49,0x81,0x5B,0x83,0x4F,0x83,0x81,0x83,0x93,0x83,0x67,0x83,0x78,0x83,0x8B,0x83,0x67)] = 15889
xi.synth_result_names_cp932[string.char(0x83,0x49,0x81,0x5B,0x83,0x50,0x83,0x58,0x83,0x67,0x83,0x8A,0x83,0x49,0x83,0x93)] = 426
xi.synth_result_names_cp932[string.char(0x83,0x49,0x81,0x5B,0x83,0x67,0x83,0x8A,0x83,0x79,0x83,0x41,0x83,0x4C,0x83,0x62,0x83,0x67)] = 2262
xi.synth_result_names_cp932[string.char(0x83,0x49,0x81,0x5B,0x83,0x8D,0x83,0x89,0x83,0x7D,0x83,0x93,0x83,0x67)] = 13639
xi.synth_result_names_cp932[string.char(0x83,0x4A,0x83,0x43,0x83,0x67,0x83,0x56,0x81,0x5B,0x83,0x8B,0x83,0x68)] = 12306
xi.synth_result_names_cp932[string.char(0x83,0x4A,0x83,0x47,0x83,0x8B,0x82,0xCC,0x8D,0x95,0x8F,0xC4,0x82,0xAB)] = 4536
xi.synth_result_names_cp932[string.char(0x83,0x4A,0x83,0x4E,0x83,0x67,0x83,0x41,0x83,0x7E,0x81,0x5B,0x83,0x4B)] = 364
xi.synth_result_names_cp932[string.char(0x83,0x4A,0x83,0x4E,0x83,0x67,0x83,0x41,0x83,0x7E,0x81,0x5B,0x83,0x53)] = 363
xi.synth_result_names_cp932[string.char(0x83,0x4A,0x83,0x55,0x83,0x69,0x83,0x8B,0x82,0xCC,0x96,0xEE,0x90,0x4B)] = 8750
xi.synth_result_names_cp932[string.char(0x83,0x4A,0x83,0x55,0x83,0x69,0x83,0x8B,0x82,0xCC,0xE8,0x56)] = 8749
xi.synth_result_names_cp932[string.char(0x83,0x4A,0x83,0x55,0x83,0x69,0x83,0x8B,0x83,0x43,0x83,0x93,0x83,0x53,0x83,0x62,0x83,0x67)] = 8748
xi.synth_result_names_cp932[string.char(0x83,0x4A,0x83,0x56,0x83,0x7E,0x83,0x84,0x8E,0x85)] = 1713
xi.synth_result_names_cp932[string.char(0x83,0x4A,0x83,0x56,0x83,0x7E,0x83,0x84,0x90,0x44,0x95,0xA8)] = 1714
xi.synth_result_names_cp932[string.char(0x83,0x4A,0x83,0x58,0x83,0x4A,0x83,0x89)] = 16579
xi.synth_result_names_cp932[string.char(0x83,0x4A,0x83,0x5E,0x81,0x5B,0x83,0x8B)] = 16399
xi.synth_result_names_cp932[string.char(0x83,0x4A,0x83,0x62,0x83,0x63,0x83,0x6F,0x83,0x8B,0x83,0x51,0x83,0x8B)] = 16546
xi.synth_result_names_cp932[string.char(0x83,0x4A,0x83,0x62,0x83,0x70,0x81,0x5B,0x83,0x43,0x83,0x93,0x83,0x53,0x83,0x62,0x83,0x67)] = 648
xi.synth_result_names_cp932[string.char(0x83,0x4A,0x83,0x62,0x83,0x70,0x81,0x5B,0x83,0x69,0x83,0x51,0x83,0x62,0x83,0x67)] = 1230
xi.synth_result_names_cp932[string.char(0x83,0x4A,0x83,0x62,0x83,0x70,0x81,0x5B,0x83,0x75,0x83,0x8C,0x83,0x62,0x83,0x67)] = 18713
xi.synth_result_names_cp932[string.char(0x83,0x4A,0x83,0x62,0x83,0x70,0x81,0x5B,0x83,0x8A,0x83,0x93,0x83,0x4F)] = 13454
xi.synth_result_names_cp932[string.char(0x83,0x4A,0x83,0x63,0x83,0x54,0x83,0x93,0x83,0x68)] = 6396
xi.synth_result_names_cp932[string.char(0x83,0x4A,0x83,0x67,0x83,0x75,0x83,0x8C,0x83,0x70,0x83,0x58,0x82,0xCC,0x8A,0x76)] = 2124
xi.synth_result_names_cp932[string.char(0x83,0x4A,0x83,0x67,0x83,0x89,0x83,0x58)] = 16560
xi.synth_result_names_cp932[string.char(0x83,0x4A,0x83,0x6D,0x83,0x93,0x83,0x56,0x83,0x46,0x83,0x8B)] = 17342
xi.synth_result_names_cp932[string.char(0x83,0x4A,0x83,0x74,0x83,0x4A,0x83,0x60,0x83,0x69,0x83,0x78,0x83,0x8B,0x83,0x67)] = 26337
xi.synth_result_names_cp932[string.char(0x83,0x4A,0x83,0x74,0x83,0x58)] = 12728
xi.synth_result_names_cp932[string.char(0x83,0x4A,0x83,0x7C,0x81,0x5B,0x83,0x8B,0x8D,0xDE)] = 733
xi.synth_result_names_cp932[string.char(0x83,0x4A,0x83,0x7D,0x83,0x93)] = 17156
xi.synth_result_names_cp932[string.char(0x83,0x4A,0x83,0x82,0x83,0x7E,0x81,0x5B,0x83,0x8B,0x83,0x65,0x83,0x42,0x81,0x5B)] = 4603
xi.synth_result_names_cp932[string.char(0x83,0x4A,0x83,0x89,0x83,0x4E,0x81,0x5B,0x83,0x8B,0x82,0xC8,0x82,0xDF,0x82,0xB5,0x8A,0x76)] = 879
xi.synth_result_names_cp932[string.char(0x83,0x4A,0x83,0x89,0x83,0x4E,0x81,0x5B,0x83,0x8B,0x96,0xD1,0x8E,0x85)] = 2287
xi.synth_result_names_cp932[string.char(0x83,0x4A,0x83,0x89,0x83,0x4E,0x81,0x5B,0x83,0x8B,0x90,0x44,0x95,0xA8)] = 2288
xi.synth_result_names_cp932[string.char(0x83,0x4A,0x83,0x89,0x83,0x4E,0x81,0x5B,0x83,0x8B,0x97,0x72,0x96,0xD1)] = 2315
xi.synth_result_names_cp932[string.char(0x83,0x4A,0x83,0x89,0x83,0x70,0x83,0x58,0x83,0x4B,0x83,0x93,0x83,0x67,0x83,0x8C)] = 14008
xi.synth_result_names_cp932[string.char(0x83,0x4A,0x83,0x89,0x83,0x70,0x83,0x58,0x83,0x53,0x83,0x8B,0x83,0x51,0x83,0x62,0x83,0x67)] = 13091
xi.synth_result_names_cp932[string.char(0x83,0x4A,0x83,0x89,0x83,0x70,0x83,0x58,0x83,0x54,0x83,0x75,0x83,0x8A,0x83,0x4B)] = 12837
xi.synth_result_names_cp932[string.char(0x83,0x4A,0x83,0x89,0x83,0x70,0x83,0x58,0x83,0x6E,0x81,0x5B,0x83,0x6C,0x83,0x58)] = 13712
xi.synth_result_names_cp932[string.char(0x83,0x4A,0x83,0x89,0x83,0x70,0x83,0x58,0x83,0x75,0x83,0x8C,0x83,0x58,0x83,0x67)] = 13789
xi.synth_result_names_cp932[string.char(0x83,0x4A,0x83,0x89,0x83,0x70,0x83,0x58,0x83,0x77,0x83,0x8B,0x83,0x80)] = 13878
xi.synth_result_names_cp932[string.char(0x83,0x4A,0x83,0x89,0x83,0x70,0x83,0x58,0x83,0x7D,0x83,0x58,0x83,0x4E)] = 13711
xi.synth_result_names_cp932[string.char(0x83,0x4A,0x83,0x89,0x83,0x70,0x83,0x58,0x83,0x7E,0x83,0x67,0x83,0x93)] = 13713
xi.synth_result_names_cp932[string.char(0x83,0x4A,0x83,0x89,0x83,0x70,0x83,0x58,0x83,0x8A,0x83,0x93,0x83,0x4F)] = 13461
xi.synth_result_names_cp932[string.char(0x83,0x4A,0x83,0x89,0x83,0x70,0x83,0x58,0x83,0x8C,0x83,0x4D,0x83,0x93,0x83,0x58)] = 13715
xi.synth_result_names_cp932[string.char(0x83,0x4A,0x83,0x89,0x83,0x74,0x83,0x8B,0x83,0x47,0x83,0x62,0x83,0x4F)] = 4487
xi.synth_result_names_cp932[string.char(0x83,0x4A,0x83,0x8B,0x83,0x67,0x83,0x6A,0x83,0x47)] = 148
xi.synth_result_names_cp932[string.char(0x83,0x4A,0x83,0x8B,0x83,0x6B,0x83,0x84,0x83,0x8B,0x83,0x4E)] = 5588
xi.synth_result_names_cp932[string.char(0x83,0x4A,0x83,0x8B,0x83,0x6F,0x83,0x8A,0x83,0x93)] = 17252
xi.synth_result_names_cp932[string.char(0x83,0x4A,0x83,0x8B,0x83,0x7B,0x83,0x69,0x81,0x5B,0x83,0x89)] = 5190
xi.synth_result_names_cp932[string.char(0x83,0x4A,0x83,0x8D,0x83,0x62,0x83,0x67,0x83,0x79,0x81,0x5B,0x83,0x58,0x83,0x67)] = 2211
xi.synth_result_names_cp932[string.char(0x83,0x4A,0x83,0x93,0x83,0x5E,0x83,0x8C,0x83,0x89)] = 4246
xi.synth_result_names_cp932[string.char(0x83,0x4A,0x81,0x5B,0x83,0x66,0x83,0x42,0x83,0x69,0x83,0x8B,0x83,0x78,0x83,0x58,0x83,0x67)] = 14372
xi.synth_result_names_cp932[string.char(0x83,0x4A,0x81,0x5B,0x83,0x7B,0x83,0x93,0x83,0x74,0x83,0x40,0x83,0x43,0x83,0x6F,0x81,0x5B)] = 932
xi.synth_result_names_cp932[string.char(0x83,0x4A,0x81,0x5B,0x83,0x7B,0x83,0x93,0x83,0x8D,0x83,0x62,0x83,0x68)] = 17384
xi.synth_result_names_cp932[string.char(0x83,0x4B,0x83,0x43,0x83,0x41,0x83,0x5F,0x83,0x75,0x83,0x8C,0x83,0x62,0x83,0x67)] = 13798
xi.synth_result_names_cp932[string.char(0x83,0x4B,0x83,0x43,0x83,0x41,0x83,0x7D,0x83,0x93,0x83,0x67)] = 13637
xi.synth_result_names_cp932[string.char(0x83,0x4B,0x83,0x58,0x83,0x67,0x83,0x4E,0x83,0x8C,0x83,0x43,0x83,0x82,0x83,0x41)] = 18366
xi.synth_result_names_cp932[string.char(0x83,0x4B,0x83,0x58,0x83,0x67,0x83,0x5C,0x81,0x5B,0x83,0x68)] = 18368
xi.synth_result_names_cp932[string.char(0x83,0x4B,0x83,0x58,0x83,0x67,0x83,0x5E,0x83,0x93)] = 18370
xi.synth_result_names_cp932[string.char(0x83,0x4B,0x83,0x5E,0x83,0x93,0x83,0x75,0x8D,0xDE)] = 4019
xi.synth_result_names_cp932[string.char(0x83,0x4B,0x83,0x67,0x81,0x5B,0x83,0x49,0x81,0x5B,0x83,0x74,0x83,0x8C,0x81,0x5B,0x83,0x58)] = 5542
xi.synth_result_names_cp932[string.char(0x83,0x4B,0x83,0x72,0x83,0x41,0x83,0x8B,0x83,0x4E,0x83,0x45,0x83,0x42,0x83,0x58)] = 12821
xi.synth_result_names_cp932[string.char(0x83,0x4B,0x83,0x72,0x83,0x41,0x83,0x8B,0x83,0x4F,0x83,0x8A,0x81,0x5B,0x83,0x94)] = 12949
xi.synth_result_names_cp932[string.char(0x83,0x4B,0x83,0x72,0x83,0x41,0x83,0x8B,0x83,0x74,0x83,0x42,0x83,0x93,0x83,0x4B,0x81,0x5B)] = 12693
xi.synth_result_names_cp932[string.char(0x83,0x4B,0x83,0x72,0x83,0x41,0x83,0x8B,0x83,0x7D,0x83,0x58,0x83,0x4E)] = 12437
xi.synth_result_names_cp932[string.char(0x83,0x4B,0x83,0x72,0x83,0x41,0x83,0x8B,0x83,0x81,0x83,0x43,0x83,0x8B)] = 12565
xi.synth_result_names_cp932[string.char(0x83,0x4B,0x83,0x89,0x83,0x58,0x94,0xC2)] = 1887
xi.synth_result_names_cp932[string.char(0x83,0x4B,0x83,0x8A,0x83,0x42)] = 16470
xi.synth_result_names_cp932[string.char(0x83,0x4B,0x83,0x8A,0x83,0x56,0x83,0x85,0x83,0x4E,0x83,0x89,0x83,0x45,0x83,0x93)] = 15164
xi.synth_result_names_cp932[string.char(0x83,0x4B,0x83,0x8A,0x83,0x56,0x83,0x85,0x83,0x59,0x83,0x7B,0x83,0x93)] = 14326
xi.synth_result_names_cp932[string.char(0x83,0x4B,0x83,0x8A,0x83,0x56,0x83,0x85,0x83,0x60,0x83,0x85,0x83,0x6A,0x83,0x62,0x83,0x4E)] = 14425
xi.synth_result_names_cp932[string.char(0x83,0x4B,0x83,0x8A,0x83,0x56,0x83,0x85,0x83,0x70,0x83,0x93,0x83,0x76,0x83,0x58)] = 15314
xi.synth_result_names_cp932[string.char(0x83,0x4B,0x83,0x8A,0x83,0x56,0x83,0x85,0x83,0x7E,0x83,0x67,0x83,0x93)] = 14857
xi.synth_result_names_cp932[string.char(0x83,0x4B,0x83,0x8A,0x83,0x7C,0x83,0x62,0x83,0x67)] = 361
xi.synth_result_names_cp932[string.char(0x83,0x4B,0x83,0x93,0x83,0x67,0x83,0x8C,0x83,0x62,0x83,0x67)] = 12672
xi.synth_result_names_cp932[string.char(0x83,0x4B,0x83,0x93,0x83,0x72,0x83,0x58,0x83,0x93)] = 12594
xi.synth_result_names_cp932[string.char(0x83,0x4B,0x81,0x5B,0x83,0x53,0x83,0x43,0x83,0x8B,0x82,0xCC,0x96,0xEE,0x90,0x4B)] = 3505
xi.synth_result_names_cp932[string.char(0x83,0x4B,0x81,0x5B,0x83,0x66,0x83,0x93,0x83,0x6F,0x83,0x93,0x83,0x4F,0x83,0x8B)] = 14065
xi.synth_result_names_cp932[string.char(0x83,0x4B,0x81,0x5B,0x83,0x6C,0x83,0x62,0x83,0x67,0x83,0x8A,0x83,0x93,0x83,0x4F)] = 13477
xi.synth_result_names_cp932[string.char(0x83,0x4C,0x83,0x4C,0x83,0x8B,0x83,0x93,0x83,0x54,0x83,0x62,0x83,0x56,0x83,0x85)] = 15907
xi.synth_result_names_cp932[string.char(0x83,0x4C,0x83,0x4C,0x83,0x8B,0x83,0x93,0x83,0x74,0x81,0x5B,0x83,0x68)] = 16124
xi.synth_result_names_cp932[string.char(0x83,0x4C,0x83,0x5E,0x83,0x89,0x83,0x41,0x83,0x93,0x83,0x4F,0x83,0x8A,0x83,0x4A)] = 17364
xi.synth_result_names_cp932[string.char(0x83,0x4C,0x83,0x67,0x83,0x8D,0x83,0x7D,0x83,0x4A,0x83,0x8D,0x83,0x93)] = 5781
xi.synth_result_names_cp932[string.char(0x83,0x4C,0x83,0x67,0x83,0x8D,0x83,0x93,0x83,0x57,0x83,0x85,0x81,0x5B,0x83,0x58)] = 5932
xi.synth_result_names_cp932[string.char(0x83,0x4C,0x83,0x6C,0x83,0x56,0x83,0x58,0x83,0x7D,0x83,0x93,0x83,0x67)] = 11537
xi.synth_result_names_cp932[string.char(0x83,0x4C,0x83,0x6D,0x83,0x52,0x82,0xCC,0x83,0x58,0x81,0x5B,0x83,0x76)] = 4419
xi.synth_result_names_cp932[string.char(0x83,0x4C,0x83,0x6D,0x83,0x52,0x82,0xCC,0x83,0x8A,0x83,0x5D,0x83,0x62,0x83,0x67)] = 4434
xi.synth_result_names_cp932[string.char(0x83,0x4C,0x83,0x6D,0x83,0x52,0x82,0xCC,0x89,0x96,0x8F,0xC4,0x82,0xAB)] = 4410
xi.synth_result_names_cp932[string.char(0x83,0x4C,0x83,0x6D,0x83,0x52,0x83,0x4E,0x83,0x8C,0x81,0x5B,0x83,0x76)] = 5773
xi.synth_result_names_cp932[string.char(0x83,0x4C,0x83,0x6D,0x83,0x52,0x83,0x56,0x83,0x60,0x83,0x85,0x81,0x5B)] = 4544
xi.synth_result_names_cp932[string.char(0x83,0x4C,0x83,0x6D,0x83,0x52,0x83,0x70,0x83,0x47,0x83,0x8A,0x83,0x41)] = 5970
xi.synth_result_names_cp932[string.char(0x83,0x4C,0x83,0x7D,0x83,0x43,0x83,0x89,0x83,0x50,0x83,0x62,0x83,0x4E,0x83,0x58)] = 15645
xi.synth_result_names_cp932[string.char(0x83,0x4C,0x83,0x7D,0x83,0x43,0x83,0x89,0x83,0x51,0x83,0x7D,0x83,0x62,0x83,0x56,0x83,0x85)] = 15731
xi.synth_result_names_cp932[string.char(0x83,0x4C,0x83,0x7D,0x83,0x43,0x83,0x89,0x83,0x57,0x83,0x83,0x83,0x50,0x83,0x62,0x83,0x67)] = 14566
xi.synth_result_names_cp932[string.char(0x83,0x4C,0x83,0x7D,0x83,0x43,0x83,0x89,0x83,0x57,0x83,0x83,0x83,0x93,0x83,0x72,0x83,0x41)] = 18030
xi.synth_result_names_cp932[string.char(0x83,0x4C,0x83,0x7D,0x83,0x43,0x83,0x89,0x83,0x7B,0x83,0x93,0x83,0x6C,0x83,0x62,0x83,0x67)] = 16104
xi.synth_result_names_cp932[string.char(0x83,0x4C,0x83,0x7D,0x83,0x43,0x83,0x89,0x83,0x8A,0x83,0x58,0x83,0x67)] = 14981
xi.synth_result_names_cp932[string.char(0x83,0x4C,0x83,0x83,0x83,0x62,0x83,0x67,0x83,0x6F,0x83,0x4F,0x83,0x69,0x83,0x45)] = 16405
xi.synth_result_names_cp932[string.char(0x83,0x4C,0x83,0x83,0x83,0x6F,0x83,0x8A,0x81,0x5B,0x83,0x7D,0x83,0x93,0x83,0x67)] = 13635
xi.synth_result_names_cp932[string.char(0x83,0x4C,0x83,0x83,0x83,0x72,0x83,0x6C,0x83,0x62,0x83,0x67)] = 55
xi.synth_result_names_cp932[string.char(0x83,0x4C,0x83,0x83,0x83,0x93,0x83,0x66,0x83,0x8C,0x83,0x75,0x83,0x89,0x83,0x80)] = 450
xi.synth_result_names_cp932[string.char(0x83,0x4C,0x83,0x83,0x83,0x93,0x83,0x68,0x83,0x8B,0x83,0x58,0x83,0x5E,0x83,0x93,0x83,0x68)] = 459
xi.synth_result_names_cp932[string.char(0x83,0x4C,0x83,0x85,0x83,0x58,0x82,0xCC,0x8D,0x81,0x91,0x90,0x8F,0xC4,0x82,0xAB)] = 4559
xi.synth_result_names_cp932[string.char(0x83,0x4C,0x83,0x89,0x81,0x5B,0x83,0x4C,0x83,0x8A,0x83,0x57)] = 18914
xi.synth_result_names_cp932[string.char(0x83,0x4C,0x83,0x8A,0x83,0x57)] = 17660
xi.synth_result_names_cp932[string.char(0x83,0x4C,0x83,0x8C,0x83,0x5F,0x81,0x5B,0x83,0x56,0x81,0x5B,0x83,0x8B,0x83,0x68)] = 28664
xi.synth_result_names_cp932[string.char(0x83,0x4C,0x83,0x8D,0x83,0x6F,0x83,0x62,0x83,0x65,0x83,0x8A,0x81,0x5B)] = 18229
xi.synth_result_names_cp932[string.char(0x83,0x4C,0x83,0x8D,0x83,0x74,0x83,0x40,0x83,0x93)] = 18237
xi.synth_result_names_cp932[string.char(0x83,0x4C,0x83,0x8D,0x83,0x7C,0x83,0x93,0x83,0x76)] = 18233
xi.synth_result_names_cp932[string.char(0x83,0x4C,0x81,0x5B,0x83,0x93,0x83,0x55,0x83,0x4F,0x83,0x69,0x83,0x8B)] = 18067
xi.synth_result_names_cp932[string.char(0x83,0x4D,0x83,0x54,0x81,0x5B,0x83,0x8B,0x83,0x4E,0x83,0x89,0x83,0x62,0x83,0x4A,0x81,0x5B)] = 2394
xi.synth_result_names_cp932[string.char(0x83,0x4D,0x83,0x80,0x83,0x8C,0x83,0x62,0x83,0x67,0x83,0x58,0x83,0x73,0x83,0x41)] = 18117
xi.synth_result_names_cp932[string.char(0x83,0x4D,0x83,0x8A,0x81,0x5B,0x83,0x73,0x83,0x41,0x83,0x58)] = 11056
xi.synth_result_names_cp932[string.char(0x83,0x4E,0x83,0x40,0x81,0x5B,0x83,0x8B,0x82,0xCC,0x82,0xC8,0x82,0xDF,0x82,0xB5,0x8A,0x76)] = 506
xi.synth_result_names_cp932[string.char(0x83,0x4E,0x83,0x40,0x81,0x5B,0x83,0x8B,0x82,0xCC,0x83,0x5C,0x83,0x65,0x81,0x5B)] = 4548
xi.synth_result_names_cp932[string.char(0x83,0x4E,0x83,0x40,0x81,0x5B,0x83,0x8B,0x83,0x4F,0x83,0x8D,0x81,0x5B,0x83,0x75)] = 12703
xi.synth_result_names_cp932[string.char(0x83,0x4E,0x83,0x40,0x81,0x5B,0x83,0x8B,0x83,0x53,0x83,0x8B,0x83,0x51,0x83,0x62,0x83,0x67)] = 13092
xi.synth_result_names_cp932[string.char(0x83,0x4E,0x83,0x40,0x81,0x5B,0x83,0x8B,0x83,0x54,0x83,0x93,0x83,0x68)] = 5166
xi.synth_result_names_cp932[string.char(0x83,0x4E,0x83,0x40,0x81,0x5B,0x83,0x8B,0x83,0x57,0x83,0x83,0x81,0x5B,0x83,0x4C,0x83,0x93)] = 12575
xi.synth_result_names_cp932[string.char(0x83,0x4E,0x83,0x40,0x81,0x5B,0x83,0x8B,0x83,0x5A,0x83,0x58,0x83,0x5E,0x83,0x58)] = 16389
xi.synth_result_names_cp932[string.char(0x83,0x4E,0x83,0x40,0x81,0x5B,0x83,0x8B,0x83,0x67,0x83,0x89,0x83,0x45,0x83,0x55)] = 12831
xi.synth_result_names_cp932[string.char(0x83,0x4E,0x83,0x40,0x81,0x5B,0x83,0x8B,0x83,0x7D,0x83,0x58,0x83,0x4E)] = 12447
xi.synth_result_names_cp932[string.char(0x83,0x4E,0x83,0x40,0x81,0x5B,0x83,0x8B,0x83,0x7D,0x83,0x93,0x83,0x67)] = 13595
xi.synth_result_names_cp932[string.char(0x83,0x4E,0x83,0x40,0x81,0x5B,0x83,0x8B,0x83,0x8C,0x83,0x66,0x83,0x8B,0x83,0x5A,0x83,0x93)] = 12959
xi.synth_result_names_cp932[string.char(0x83,0x4E,0x83,0x43,0x83,0x8B,0x83,0x4F,0x83,0x8D,0x81,0x5B,0x83,0x75)] = 12699
xi.synth_result_names_cp932[string.char(0x83,0x4E,0x83,0x43,0x83,0x8B,0x83,0x67,0x83,0x89,0x83,0x45,0x83,0x55)] = 12827
xi.synth_result_names_cp932[string.char(0x83,0x4E,0x83,0x43,0x83,0x8B,0x83,0x6E,0x83,0x43,0x83,0x75,0x81,0x5B,0x83,0x63)] = 12955
xi.synth_result_names_cp932[string.char(0x83,0x4E,0x83,0x43,0x83,0x8B,0x83,0x6F,0x83,0x93,0x83,0x5F,0x83,0x69)] = 12443
xi.synth_result_names_cp932[string.char(0x83,0x4E,0x83,0x43,0x83,0x8B,0x83,0x75,0x83,0x44,0x83,0x43)] = 12571
xi.synth_result_names_cp932[string.char(0x83,0x4E,0x83,0x44,0x83,0x5F,0x83,0x74,0x83,0x6F,0x83,0x8B,0x83,0x6F,0x83,0x67)] = 15201
xi.synth_result_names_cp932[string.char(0x83,0x4E,0x83,0x45,0x83,0x42,0x83,0x58)] = 12800
xi.synth_result_names_cp932[string.char(0x83,0x4E,0x83,0x48,0x81,0x5B,0x83,0x5E,0x81,0x5B,0x83,0x58,0x83,0x5E,0x83,0x62,0x83,0x74)] = 17523
xi.synth_result_names_cp932[string.char(0x83,0x4E,0x83,0x4E,0x83,0x8A)] = 16473
xi.synth_result_names_cp932[string.char(0x83,0x4E,0x83,0x89,0x83,0x45,0x83,0x93,0x83,0x54,0x83,0x75,0x83,0x8A,0x83,0x4B)] = 14288
xi.synth_result_names_cp932[string.char(0x83,0x4E,0x83,0x89,0x83,0x62,0x83,0x4A,0x81,0x5B)] = 4167
xi.synth_result_names_cp932[string.char(0x83,0x4E,0x83,0x89,0x83,0x75,0x83,0x58,0x83,0x56)] = 5721
xi.synth_result_names_cp932[string.char(0x83,0x4E,0x83,0x89,0x83,0x80,0x83,0x7A,0x83,0x8B,0x83,0x93)] = 17361
xi.synth_result_names_cp932[string.char(0x83,0x4E,0x83,0x89,0x83,0x80,0x83,0x8F,0x81,0x5B,0x83,0x80,0x83,0x78,0x83,0x8B,0x83,0x67)] = 15453
xi.synth_result_names_cp932[string.char(0x83,0x4E,0x83,0x8A,0x83,0x41,0x83,0x67,0x83,0x70,0x81,0x5B,0x83,0x59)] = 809
xi.synth_result_names_cp932[string.char(0x83,0x4E,0x83,0x8A,0x83,0x41,0x83,0x73,0x83,0x41,0x83,0x58)] = 13332
xi.synth_result_names_cp932[string.char(0x83,0x4E,0x83,0x8A,0x83,0x41,0x83,0x8A,0x83,0x93,0x83,0x4F)] = 13470
xi.synth_result_names_cp932[string.char(0x83,0x4E,0x83,0x8A,0x83,0x50,0x83,0x62,0x83,0x67,0x83,0x50,0x81,0x5B,0x83,0x57)] = 372
xi.synth_result_names_cp932[string.char(0x83,0x4E,0x83,0x8A,0x83,0x56,0x83,0x85,0x83,0x7D,0x83,0x8B,0x83,0x68)] = 16515
xi.synth_result_names_cp932[string.char(0x83,0x4E,0x83,0x8A,0x83,0x58)] = 16460
xi.synth_result_names_cp932[string.char(0x83,0x4E,0x83,0x8A,0x83,0x58,0x83,0x5E,0x83,0x8B,0x83,0x74,0x83,0x89,0x83,0x8F,0x81,0x5B)] = 318
xi.synth_result_names_cp932[string.char(0x83,0x4E,0x83,0x8A,0x83,0x5C,0x83,0x78,0x83,0x8A,0x83,0x8B)] = 801
xi.synth_result_names_cp932[string.char(0x83,0x4E,0x83,0x8A,0x83,0x5C,0x83,0x78,0x83,0x8A,0x83,0x8B,0x83,0x8A,0x83,0x93,0x83,0x4F)] = 13489
xi.synth_result_names_cp932[string.char(0x83,0x4E,0x83,0x8A,0x83,0x66,0x83,0x93,0x83,0x55)] = 358
xi.synth_result_names_cp932[string.char(0x83,0x4E,0x83,0x8A,0x83,0x80,0x83,0x5D,0x83,0x93,0x83,0x5B,0x83,0x8A,0x81,0x5B)] = 5144
xi.synth_result_names_cp932[string.char(0x83,0x4E,0x83,0x8A,0x83,0x80,0x83,0x5D,0x83,0x93,0x83,0x73,0x83,0x41,0x83,0x58)] = 15993
xi.synth_result_names_cp932[string.char(0x83,0x4E,0x83,0x8A,0x83,0x80,0x83,0x5D,0x83,0x93,0x83,0x8A,0x83,0x93,0x83,0x4F)] = 15803
xi.synth_result_names_cp932[string.char(0x83,0x4E,0x83,0x8A,0x81,0x5B,0x83,0x80,0x83,0x70,0x83,0x74)] = 5718
xi.synth_result_names_cp932[string.char(0x83,0x4E,0x83,0x8B,0x83,0x58,0x83,0x4A,0x83,0x54,0x83,0x62,0x83,0x56,0x83,0x85)] = 26335
xi.synth_result_names_cp932[string.char(0x83,0x4E,0x83,0x8B,0x83,0x7E,0x83,0x4E,0x83,0x62,0x83,0x4C,0x81,0x5B)] = 5922
xi.synth_result_names_cp932[string.char(0x83,0x4E,0x83,0x8B,0x81,0x5B,0x83,0x56,0x83,0x58,0x83,0x8A,0x83,0x93,0x83,0x4F)] = 15849
xi.synth_result_names_cp932[string.char(0x83,0x4E,0x83,0x8C,0x83,0x43,0x83,0x82,0x83,0x41)] = 16583
xi.synth_result_names_cp932[string.char(0x83,0x4E,0x83,0x8C,0x83,0x8A,0x83,0x4E,0x83,0x67,0x83,0x8B,0x83,0x4E)] = 25429
xi.synth_result_names_cp932[string.char(0x83,0x4E,0x83,0x8C,0x83,0x8A,0x83,0x58,0x83,0x67,0x83,0x89,0x83,0x62,0x83,0x76)] = 22200
xi.synth_result_names_cp932[string.char(0x83,0x4E,0x83,0x8D,0x83,0x45,0x83,0x51,0x81,0x5B,0x83,0x67,0x83,0x8B)] = 15663
xi.synth_result_names_cp932[string.char(0x83,0x4E,0x83,0x8D,0x83,0x45,0x83,0x57,0x83,0x85,0x83,0x7C,0x83,0x93)] = 14498
xi.synth_result_names_cp932[string.char(0x83,0x4E,0x83,0x8D,0x83,0x45,0x83,0x75,0x83,0x8C,0x81,0x5B,0x83,0x54,0x81,0x5B)] = 14907
xi.synth_result_names_cp932[string.char(0x83,0x4E,0x83,0x8D,0x83,0x45,0x83,0x78,0x83,0x8C,0x81,0x5B)] = 15242
xi.synth_result_names_cp932[string.char(0x83,0x4E,0x83,0x8D,0x83,0x45,0x83,0x7A,0x81,0x5B,0x83,0x59)] = 15578
xi.synth_result_names_cp932[string.char(0x83,0x4E,0x83,0x8D,0x83,0x58,0x83,0x7B,0x83,0x45)] = 17217
xi.synth_result_names_cp932[string.char(0x83,0x4E,0x83,0x8D,0x83,0x58,0x83,0x7B,0x83,0x45,0x83,0x7B,0x83,0x8B,0x83,0x67)] = 17336
xi.synth_result_names_cp932[string.char(0x83,0x4E,0x83,0x8D,0x83,0x6D,0x83,0x58,0x82,0xCC,0x8E,0x95)] = 1463
xi.synth_result_names_cp932[string.char(0x83,0x4E,0x83,0x8D,0x83,0x7D,0x83,0x4A,0x83,0x89,0x83,0x4E,0x81,0x5B,0x83,0x8B,0x8A,0x76)] = 2703
xi.synth_result_names_cp932[string.char(0x83,0x4E,0x83,0x8D,0x81,0x5B)] = 16411
xi.synth_result_names_cp932[string.char(0x83,0x4E,0x83,0x8D,0x81,0x5B,0x83,0x4E)] = 12610
xi.synth_result_names_cp932[string.char(0x83,0x4E,0x81,0x5B,0x83,0x5B)] = 18093
xi.synth_result_names_cp932[string.char(0x83,0x4F,0x83,0x84,0x81,0x5B,0x83,0x56,0x83,0x85)] = 5750
xi.synth_result_names_cp932[string.char(0x83,0x4F,0x83,0x89,0x83,0x56,0x83,0x8B,0x83,0x4F,0x83,0x8A,0x83,0x62,0x83,0x76)] = 22206
xi.synth_result_names_cp932[string.char(0x83,0x4F,0x83,0x89,0x83,0x58,0x83,0x74,0x83,0x40,0x83,0x43,0x83,0x6F,0x81,0x5B)] = 933
xi.synth_result_names_cp932[string.char(0x83,0x4F,0x83,0x89,0x83,0x58,0x83,0x8D,0x83,0x62,0x83,0x68)] = 17385
xi.synth_result_names_cp932[string.char(0x83,0x4F,0x83,0x89,0x83,0x66,0x83,0x42,0x83,0x45,0x83,0x58)] = 16532
xi.synth_result_names_cp932[string.char(0x83,0x4F,0x83,0x8A,0x83,0x49,0x83,0x78,0x83,0x8B,0x83,0x67)] = 15939
xi.synth_result_names_cp932[string.char(0x83,0x4F,0x83,0x8A,0x83,0x74,0x83,0x42,0x83,0x93,0x82,0xC8,0x82,0xDF,0x82,0xB5,0x8A,0x76)] = 1459
xi.synth_result_names_cp932[string.char(0x83,0x4F,0x83,0x8A,0x81,0x5B,0x83,0x93,0x83,0x43,0x83,0x84,0x83,0x8A,0x83,0x93,0x83,0x4F)] = 13343
xi.synth_result_names_cp932[string.char(0x83,0x4F,0x83,0x8A,0x81,0x5B,0x83,0x93,0x83,0x4A,0x83,0x8C,0x81,0x5B)] = 4296
xi.synth_result_names_cp932[string.char(0x83,0x4F,0x83,0x8A,0x81,0x5B,0x83,0x93,0x83,0x4A,0x83,0x8C,0x81,0x5B,0x83,0x70,0x83,0x93)] = 5756
xi.synth_result_names_cp932[string.char(0x83,0x4F,0x83,0x8A,0x81,0x5B,0x83,0x93,0x83,0x4C,0x83,0x62,0x83,0x56,0x83,0x85)] = 5170
xi.synth_result_names_cp932[string.char(0x83,0x4F,0x83,0x8A,0x81,0x5B,0x83,0x93,0x83,0x78,0x83,0x8C,0x81,0x5B)] = 12468
xi.synth_result_names_cp932[string.char(0x83,0x4F,0x83,0x8A,0x81,0x5B,0x83,0x93,0x83,0x8A,0x83,0x7B,0x83,0x93)] = 13590
xi.synth_result_names_cp932[string.char(0x83,0x4F,0x83,0x8A,0x81,0x5B,0x83,0x94)] = 12936
xi.synth_result_names_cp932[string.char(0x83,0x4F,0x83,0x8C,0x83,0x6C,0x81,0x5B,0x83,0x68)] = 17313
xi.synth_result_names_cp932[string.char(0x83,0x4F,0x83,0x8C,0x81,0x5B,0x83,0x67,0x83,0x41,0x83,0x4E,0x83,0x58)] = 16705
xi.synth_result_names_cp932[string.char(0x83,0x4F,0x83,0x8C,0x81,0x5B,0x83,0x67,0x83,0x4E,0x83,0x89,0x83,0x75)] = 17030
xi.synth_result_names_cp932[string.char(0x83,0x4F,0x83,0x8C,0x81,0x5B,0x83,0x67,0x83,0x5C,0x81,0x5B,0x83,0x68)] = 16590
xi.synth_result_names_cp932[string.char(0x83,0x4F,0x83,0x8C,0x81,0x5B,0x83,0x67,0x83,0x7B,0x83,0x45)] = 17162
xi.synth_result_names_cp932[string.char(0x83,0x4F,0x83,0x8C,0x81,0x5B,0x83,0x76,0x83,0x57,0x83,0x85,0x81,0x5B,0x83,0x58)] = 4441
xi.synth_result_names_cp932[string.char(0x83,0x4F,0x83,0x8D,0x83,0x45,0x83,0x74,0x83,0x89,0x83,0x43,0x83,0x50,0x81,0x5B,0x83,0x57)] = 373
xi.synth_result_names_cp932[string.char(0x83,0x4F,0x83,0x8D,0x81,0x5B,0x83,0x75)] = 12720
xi.synth_result_names_cp932[string.char(0x83,0x50,0x83,0x8B,0x83,0x78,0x83,0x8D,0x83,0x58,0x82,0xC8,0x82,0xDF,0x82,0xB5,0x8A,0x76)] = 2170
xi.synth_result_names_cp932[string.char(0x83,0x50,0x83,0x8B,0x83,0x78,0x83,0x8D,0x83,0x58,0x83,0x7B,0x83,0x45)] = 18695
xi.synth_result_names_cp932[string.char(0x83,0x50,0x83,0x8B,0x83,0x78,0x83,0x8D,0x83,0x58,0x83,0x7D,0x83,0x93,0x83,0x67)] = 16212
xi.synth_result_names_cp932[string.char(0x83,0x50,0x83,0x8B,0x83,0x78,0x83,0x8D,0x83,0x58,0x83,0x8A,0x83,0x93,0x83,0x4F)] = 15780
xi.synth_result_names_cp932[string.char(0x83,0x50,0x83,0x8D,0x83,0x69,0x83,0x4F,0x83,0x8D,0x81,0x5B,0x83,0x75)] = 10318
xi.synth_result_names_cp932[string.char(0x83,0x50,0x83,0x8D,0x83,0x69,0x83,0x6E,0x83,0x62,0x83,0x67)] = 10436
xi.synth_result_names_cp932[string.char(0x83,0x50,0x83,0x8D,0x83,0x69,0x83,0x70,0x83,0x93,0x83,0x63)] = 10348
xi.synth_result_names_cp932[string.char(0x83,0x50,0x83,0x8D,0x83,0x69,0x83,0x75,0x83,0x8C,0x83,0x55)] = 10274
xi.synth_result_names_cp932[string.char(0x83,0x50,0x83,0x8D,0x83,0x69,0x83,0x75,0x81,0x5B,0x83,0x63)] = 10365
xi.synth_result_names_cp932[string.char(0x83,0x50,0x81,0x5B,0x83,0x5C,0x83,0x93)] = 144
xi.synth_result_names_cp932[string.char(0x83,0x50,0x81,0x5B,0x83,0x65,0x83,0x93)] = 18207
xi.synth_result_names_cp932[string.char(0x83,0x50,0x81,0x5B,0x83,0x6A,0x83,0x71,0x83,0x56,0x81,0x5B,0x83,0x8B,0x83,0x68)] = 12387
xi.synth_result_names_cp932[string.char(0x83,0x50,0x81,0x5B,0x83,0x6A,0x83,0x71,0x83,0x58,0x83,0x4E,0x81,0x5B,0x83,0x77,0x83,0x93)] = 5614
xi.synth_result_names_cp932[string.char(0x83,0x50,0x81,0x5B,0x83,0x6A,0x83,0x71,0x83,0x58,0x83,0x69,0x83,0x62,0x83,0x4E,0x83,0x8B)] = 16396
xi.synth_result_names_cp932[string.char(0x83,0x50,0x81,0x5B,0x83,0x6A,0x83,0x71,0x83,0x58,0x83,0x78,0x83,0x8B,0x83,0x67)] = 13197
xi.synth_result_names_cp932[string.char(0x83,0x50,0x81,0x5B,0x83,0x76)] = 13583
xi.synth_result_names_cp932[string.char(0x83,0x51,0x83,0x5C,0x83,0x59,0x83,0x56)] = 5215
xi.synth_result_names_cp932[string.char(0x83,0x51,0x83,0x80,0x83,0x56,0x83,0x87,0x83,0x8B,0x83,0x93)] = 17351
xi.synth_result_names_cp932[string.char(0x83,0x51,0x81,0x5B,0x83,0x67,0x83,0x8B)] = 12976
xi.synth_result_names_cp932[string.char(0x83,0x52,0x83,0x43,0x83,0x89,0x81,0x5B,0x49,0x49)] = 9041
xi.synth_result_names_cp932[string.char(0x83,0x52,0x83,0x4A,0x83,0x67,0x83,0x8A,0x83,0x58,0x82,0xCC,0x8E,0xCF,0x8D,0x9E,0x82,0xDD)] = 4547
xi.synth_result_names_cp932[string.char(0x83,0x52,0x83,0x4A,0x83,0x67,0x83,0x8A,0x83,0x58,0x83,0x73,0x83,0x5E)] = 5890
xi.synth_result_names_cp932[string.char(0x83,0x52,0x83,0x52,0x83,0x69,0x83,0x62,0x83,0x63,0x83,0x89,0x83,0x58,0x83,0x4E)] = 5784
xi.synth_result_names_cp932[string.char(0x83,0x52,0x83,0x62,0x83,0x67,0x83,0x93,0x83,0x4F,0x83,0x8D,0x81,0x5B,0x83,0x75)] = 12721
xi.synth_result_names_cp932[string.char(0x83,0x52,0x83,0x62,0x83,0x67,0x83,0x93,0x83,0x50,0x81,0x5B,0x83,0x76)] = 13584
xi.synth_result_names_cp932[string.char(0x83,0x52,0x83,0x62,0x83,0x67,0x83,0x93,0x83,0x51,0x81,0x5B,0x83,0x67,0x83,0x8B)] = 12977
xi.synth_result_names_cp932[string.char(0x83,0x52,0x83,0x62,0x83,0x67,0x83,0x93,0x83,0x5F,0x83,0x75,0x83,0x8C,0x83,0x62,0x83,0x67)] = 12593
xi.synth_result_names_cp932[string.char(0x83,0x52,0x83,0x62,0x83,0x67,0x83,0x93,0x83,0x75,0x83,0x8C,0x81,0x5B)] = 12849
xi.synth_result_names_cp932[string.char(0x83,0x52,0x83,0x62,0x83,0x67,0x83,0x93,0x83,0x77,0x83,0x62,0x83,0x68,0x83,0x4D,0x83,0x41)] = 12465
xi.synth_result_names_cp932[string.char(0x83,0x52,0x83,0x62,0x83,0x74,0x83,0x40,0x81,0x5B)] = 49
xi.synth_result_names_cp932[string.char(0x83,0x52,0x83,0x82,0x83,0x68,0x83,0x41,0x83,0x60,0x83,0x83,0x81,0x5B,0x83,0x80)] = 25513
xi.synth_result_names_cp932[string.char(0x83,0x52,0x83,0x82,0x81,0x5B,0x83,0x68)] = 56
xi.synth_result_names_cp932[string.char(0x83,0x52,0x83,0x8A,0x83,0x75,0x83,0x8A,0x82,0xCC,0x96,0xEE,0x89,0x48,0x8D,0xAA)] = 2649
xi.synth_result_names_cp932[string.char(0x83,0x52,0x83,0x8B,0x83,0x5A,0x83,0x41,0x83,0x4B,0x83,0x93)] = 17262
xi.synth_result_names_cp932[string.char(0x83,0x52,0x83,0x8B,0x83,0x5A,0x83,0x41,0x83,0x6E,0x83,0x62,0x83,0x67)] = 13882
xi.synth_result_names_cp932[string.char(0x83,0x52,0x83,0x8B,0x83,0x5A,0x83,0x62,0x83,0x67)] = 13271
xi.synth_result_names_cp932[string.char(0x83,0x52,0x83,0x8B,0x83,0x5A,0x83,0x8C,0x83,0x62,0x83,0x67)] = 14544
xi.synth_result_names_cp932[string.char(0x83,0x52,0x83,0x8B,0x83,0x6C,0x83,0x62,0x83,0x67)] = 17344
xi.synth_result_names_cp932[string.char(0x83,0x52,0x83,0x8D,0x83,0x62,0x83,0x54,0x83,0x8B,0x83,0x41,0x83,0x4E,0x83,0x58)] = 16730
xi.synth_result_names_cp932[string.char(0x83,0x52,0x83,0x93,0x83,0x5C,0x81,0x5B,0x83,0x8B)] = 128
xi.synth_result_names_cp932[string.char(0x83,0x52,0x83,0x93,0x83,0x6F,0x83,0x62,0x83,0x67,0x83,0x7E,0x83,0x67,0x83,0x93)] = 15053
xi.synth_result_names_cp932[string.char(0x83,0x52,0x83,0x93,0x83,0x7C,0x83,0x57,0x83,0x62,0x83,0x67,0x83,0x7B,0x83,0x45)] = 17155
xi.synth_result_names_cp932[string.char(0x83,0x52,0x81,0x5B,0x83,0x65,0x83,0x62,0x83,0x68,0x83,0x56,0x81,0x5B,0x83,0x8B,0x83,0x68)] = 12406
xi.synth_result_names_cp932[string.char(0x83,0x52,0x81,0x5B,0x83,0x71,0x81,0x5B,0x83,0x65,0x81,0x5B,0x83,0x75,0x83,0x8B)] = 127
xi.synth_result_names_cp932[string.char(0x83,0x52,0x81,0x5B,0x83,0x71,0x81,0x5B,0x83,0x70,0x83,0x45,0x83,0x5F,0x81,0x5B)] = 2273
xi.synth_result_names_cp932[string.char(0x83,0x52,0x81,0x5B,0x83,0x71,0x81,0x5B,0x83,0x72,0x81,0x5B,0x83,0x93)] = 2271
xi.synth_result_names_cp932[string.char(0x83,0x52,0x81,0x5B,0x83,0x71,0x81,0x5B,0x83,0x7D,0x83,0x4A,0x83,0x8D,0x83,0x93)] = 5780
xi.synth_result_names_cp932[string.char(0x83,0x52,0x81,0x5B,0x83,0x71,0x81,0x5B,0x83,0x7D,0x83,0x74,0x83,0x42,0x83,0x93)] = 5655
xi.synth_result_names_cp932[string.char(0x83,0x52,0x81,0x5B,0x83,0x7D,0x83,0x4E,0x83,0x8D,0x83,0x58)] = 9252
xi.synth_result_names_cp932[string.char(0x83,0x52,0x81,0x5B,0x83,0x7D,0x91,0xD1)] = 26339
xi.synth_result_names_cp932[string.char(0x83,0x52,0x81,0x5B,0x83,0x89,0x83,0x8B,0x83,0x43,0x83,0x84,0x83,0x8A,0x83,0x93,0x83,0x4F)] = 13312
xi.synth_result_names_cp932[string.char(0x83,0x52,0x81,0x5B,0x83,0x89,0x83,0x8B,0x83,0x4C,0x83,0x83,0x83,0x62,0x83,0x76)] = 12453
xi.synth_result_names_cp932[string.char(0x83,0x52,0x81,0x5B,0x83,0x89,0x83,0x8B,0x83,0x4E,0x83,0x45,0x83,0x42,0x83,0x58)] = 12819
xi.synth_result_names_cp932[string.char(0x83,0x52,0x81,0x5B,0x83,0x89,0x83,0x8B,0x83,0x4F,0x83,0x8A,0x81,0x5B,0x83,0x94)] = 12947
xi.synth_result_names_cp932[string.char(0x83,0x52,0x81,0x5B,0x83,0x89,0x83,0x8B,0x83,0x53,0x83,0x8B,0x83,0x51,0x83,0x62,0x83,0x67)] = 13108
xi.synth_result_names_cp932[string.char(0x83,0x52,0x81,0x5B,0x83,0x89,0x83,0x8B,0x83,0x54,0x83,0x75,0x83,0x8A,0x83,0x4B)] = 12878
xi.synth_result_names_cp932[string.char(0x83,0x52,0x81,0x5B,0x83,0x89,0x83,0x8B,0x83,0x58,0x83,0x50,0x83,0x43,0x83,0x8B)] = 12563
xi.synth_result_names_cp932[string.char(0x83,0x52,0x81,0x5B,0x83,0x89,0x83,0x8B,0x83,0x6E,0x81,0x5B,0x83,0x6C,0x83,0x58)] = 12581
xi.synth_result_names_cp932[string.char(0x83,0x52,0x81,0x5B,0x83,0x89,0x83,0x8B,0x83,0x6F,0x83,0x43,0x83,0x55,0x81,0x5B)] = 12435
xi.synth_result_names_cp932[string.char(0x83,0x52,0x81,0x5B,0x83,0x89,0x83,0x8B,0x83,0x6F,0x83,0x93,0x83,0x4F,0x83,0x8B)] = 13987
xi.synth_result_names_cp932[string.char(0x83,0x52,0x81,0x5B,0x83,0x89,0x83,0x8B,0x83,0x74,0x83,0x42,0x83,0x93,0x83,0x4B,0x81,0x5B)] = 12691
xi.synth_result_names_cp932[string.char(0x83,0x52,0x81,0x5B,0x83,0x89,0x83,0x8B,0x83,0x7A,0x81,0x5B,0x83,0x93)] = 2009
xi.synth_result_names_cp932[string.char(0x83,0x52,0x81,0x5B,0x83,0x89,0x83,0x8B,0x83,0x7E,0x83,0x67,0x83,0x93)] = 12709
xi.synth_result_names_cp932[string.char(0x83,0x52,0x81,0x5B,0x83,0x89,0x83,0x8B,0x83,0x8A,0x83,0x93,0x83,0x4F)] = 13455
xi.synth_result_names_cp932[string.char(0x83,0x52,0x81,0x5B,0x83,0x89,0x83,0x8B,0x83,0x8C,0x83,0x4D,0x83,0x93,0x83,0x58)] = 12965
xi.synth_result_names_cp932[string.char(0x83,0x52,0x81,0x5B,0x83,0x8B,0x83,0x8D,0x83,0x89,0x81,0x5B,0x83,0x66,0x83,0x93)] = 5760
xi.synth_result_names_cp932[string.char(0x83,0x52,0x81,0x5B,0x83,0x93,0x83,0x58,0x83,0x5E,0x81,0x5B,0x83,0x60)] = 2215
xi.synth_result_names_cp932[string.char(0x83,0x53,0x83,0x56,0x83,0x46,0x83,0x69,0x83,0x43,0x83,0x67,0x83,0x73,0x83,0x41,0x83,0x58)] = 13339
xi.synth_result_names_cp932[string.char(0x83,0x53,0x83,0x56,0x83,0x46,0x83,0x69,0x83,0x43,0x83,0x67,0x83,0x8A,0x83,0x93,0x83,0x4F)] = 13478
xi.synth_result_names_cp932[string.char(0x83,0x53,0x83,0x75,0x83,0x8A,0x83,0x93,0x83,0x52,0x83,0x43,0x83,0x74)] = 15203
xi.synth_result_names_cp932[string.char(0x83,0x53,0x83,0x75,0x83,0x8A,0x83,0x93,0x83,0x60,0x83,0x87,0x83,0x52)] = 4495
xi.synth_result_names_cp932[string.char(0x83,0x53,0x83,0x75,0x83,0x8A,0x83,0x93,0x83,0x68,0x83,0x8A,0x83,0x93,0x83,0x4E)] = 4541
xi.synth_result_names_cp932[string.char(0x83,0x53,0x83,0x75,0x83,0x8A,0x83,0x93,0x83,0x70,0x83,0x43)] = 4539
xi.synth_result_names_cp932[string.char(0x83,0x53,0x83,0x75,0x83,0x8A,0x83,0x93,0x83,0x70,0x83,0x93)] = 4458
xi.synth_result_names_cp932[string.char(0x83,0x53,0x83,0x75,0x83,0x8A,0x83,0x93,0x95,0x97,0x83,0x4C,0x83,0x6D,0x83,0x52,0x93,0xE7)] = 4543
xi.synth_result_names_cp932[string.char(0x83,0x53,0x83,0x75,0x83,0x8A,0x83,0x93,0x95,0x97,0x83,0x56,0x83,0x60,0x83,0x85,0x81,0x5B)] = 4465
xi.synth_result_names_cp932[string.char(0x83,0x53,0x83,0x75,0x83,0x8A,0x83,0x93,0x95,0x97,0xE5,0xB3,0x8F,0x60)] = 17896
xi.synth_result_names_cp932[string.char(0x83,0x53,0x83,0x75,0x83,0x8A,0x83,0x93,0x95,0x97,0x96,0xEC,0x8D,0xD8,0xE0,0x75,0x82,0xDF)] = 5143
xi.synth_result_names_cp932[string.char(0x83,0x53,0x83,0x8B,0x83,0x4A,0x83,0x8A,0x83,0x4E,0x83,0x4E,0x83,0x8A)] = 19788
xi.synth_result_names_cp932[string.char(0x83,0x53,0x83,0x8B,0x83,0x51,0x83,0x62,0x83,0x67)] = 13080
xi.synth_result_names_cp932[string.char(0x83,0x53,0x81,0x5B,0x83,0x58,0x83,0x67,0x83,0x50,0x81,0x5B,0x83,0x76)] = 16257
xi.synth_result_names_cp932[string.char(0x83,0x53,0x81,0x5B,0x83,0x58,0x83,0x67,0x83,0x80,0x83,0x8C,0x83,0x5E)] = 1824
xi.synth_result_names_cp932[string.char(0x83,0x53,0x81,0x5B,0x83,0x8B,0x83,0x66,0x83,0x93,0x83,0x58,0x83,0x73,0x83,0x41)] = 16842
xi.synth_result_names_cp932[string.char(0x83,0x53,0x81,0x5B,0x83,0x8B,0x83,0x68,0x82,0xCC,0x8D,0xBD)] = 761
xi.synth_result_names_cp932[string.char(0x83,0x53,0x81,0x5B,0x83,0x8B,0x83,0x68,0x83,0x41,0x83,0x8B,0x83,0x53,0x83,0x8B)] = 16587
xi.synth_result_names_cp932[string.char(0x83,0x53,0x81,0x5B,0x83,0x8B,0x83,0x68,0x83,0x41,0x81,0x5B,0x83,0x81,0x83,0x62,0x83,0x67)] = 12418
xi.synth_result_names_cp932[string.char(0x83,0x53,0x81,0x5B,0x83,0x8B,0x83,0x68,0x83,0x43,0x83,0x93,0x83,0x53,0x83,0x62,0x83,0x67)] = 745
xi.synth_result_names_cp932[string.char(0x83,0x53,0x81,0x5B,0x83,0x8B,0x83,0x68,0x83,0x4B,0x83,0x93,0x83,0x67,0x83,0x8C)] = 12674
xi.synth_result_names_cp932[string.char(0x83,0x53,0x81,0x5B,0x83,0x8B,0x83,0x68,0x83,0x4C,0x83,0x85,0x83,0x43,0x83,0x89,0x83,0x58)] = 12546
xi.synth_result_names_cp932[string.char(0x83,0x53,0x81,0x5B,0x83,0x8B,0x83,0x68,0x83,0x4D,0x83,0x41)] = 2360
xi.synth_result_names_cp932[string.char(0x83,0x53,0x81,0x5B,0x83,0x8B,0x83,0x68,0x83,0x4E,0x83,0x45,0x83,0x42,0x83,0x58)] = 12802
xi.synth_result_names_cp932[string.char(0x83,0x53,0x81,0x5B,0x83,0x8B,0x83,0x68,0x83,0x52,0x83,0x43,0x83,0x8B)] = 9052
xi.synth_result_names_cp932[string.char(0x83,0x53,0x81,0x5B,0x83,0x8B,0x83,0x68,0x83,0x54,0x83,0x6F,0x83,0x67,0x83,0x93)] = 12930
xi.synth_result_names_cp932[string.char(0x83,0x53,0x81,0x5B,0x83,0x8B,0x83,0x68,0x83,0x5C,0x81,0x5B,0x83,0x68)] = 16569
xi.synth_result_names_cp932[string.char(0x83,0x53,0x81,0x5B,0x83,0x8B,0x83,0x68,0x83,0x69,0x83,0x51,0x83,0x62,0x83,0x67)] = 1225
xi.synth_result_names_cp932[string.char(0x83,0x53,0x81,0x5B,0x83,0x8B,0x83,0x68,0x83,0x6F,0x83,0x62,0x83,0x4E,0x83,0x89,0x81,0x5B)] = 12303
xi.synth_result_names_cp932[string.char(0x83,0x53,0x81,0x5B,0x83,0x8B,0x83,0x68,0x83,0x6F,0x83,0x93,0x83,0x4F,0x83,0x8B)] = 13983
xi.synth_result_names_cp932[string.char(0x83,0x53,0x81,0x5B,0x83,0x8B,0x83,0x68,0x83,0x70,0x83,0x5E)] = 16421
xi.synth_result_names_cp932[string.char(0x83,0x53,0x81,0x5B,0x83,0x8B,0x83,0x68,0x83,0x73,0x83,0x41,0x83,0x58)] = 13315
xi.synth_result_names_cp932[string.char(0x83,0x53,0x81,0x5B,0x83,0x8B,0x83,0x68,0x83,0x75,0x83,0x8C,0x83,0x62,0x83,0x67)] = 17278
xi.synth_result_names_cp932[string.char(0x83,0x53,0x81,0x5B,0x83,0x8B,0x83,0x68,0x83,0x75,0x83,0x8D,0x83,0x50,0x81,0x5B,0x83,0x68)] = 1999
xi.synth_result_names_cp932[string.char(0x83,0x53,0x81,0x5B,0x83,0x8B,0x83,0x68,0x83,0x8A,0x83,0x93,0x83,0x4F)] = 13445
xi.synth_result_names_cp932[string.char(0x83,0x53,0x81,0x5B,0x83,0x8B,0x83,0x68,0x94,0xC2)] = 752
xi.synth_result_names_cp932[string.char(0x83,0x54,0x83,0x43,0x83,0x59)] = 16774
xi.synth_result_names_cp932[string.char(0x83,0x54,0x83,0x43,0x83,0x5F,0x83,0x8A,0x83,0x93,0x83,0x4F)] = 10792
xi.synth_result_names_cp932[string.char(0x83,0x54,0x83,0x43,0x83,0x74,0x83,0x48,0x83,0x58)] = 16530
xi.synth_result_names_cp932[string.char(0x83,0x54,0x83,0x43,0x83,0x8C,0x83,0x58,0x83,0x5F,0x83,0x4B,0x81,0x5B)] = 16495
xi.synth_result_names_cp932[string.char(0x83,0x54,0x83,0x43,0x83,0x8C,0x83,0x58,0x83,0x6F,0x83,0x4F,0x83,0x69,0x83,0x45)] = 16429
xi.synth_result_names_cp932[string.char(0x83,0x54,0x83,0x43,0x83,0x8C,0x83,0x93,0x83,0x67,0x83,0x49,0x83,0x43,0x83,0x8B)] = 4165
xi.synth_result_names_cp932[string.char(0x83,0x54,0x83,0x43,0x83,0x93,0x83,0x65,0x83,0x42)] = 18362
xi.synth_result_names_cp932[string.char(0x83,0x54,0x83,0x4E,0x83,0x8C,0x83,0x62,0x83,0x68,0x83,0x5C,0x81,0x5B,0x83,0x68)] = 17682
xi.synth_result_names_cp932[string.char(0x83,0x54,0x83,0x4E,0x83,0x8C,0x83,0x62,0x83,0x68,0x83,0x66,0x81,0x5B,0x83,0x51,0x83,0x93)] = 17683
xi.synth_result_names_cp932[string.char(0x83,0x54,0x83,0x4E,0x83,0x8C,0x83,0x62,0x83,0x68,0x83,0x81,0x83,0x43,0x83,0x58)] = 18391
xi.synth_result_names_cp932[string.char(0x83,0x54,0x83,0x4E,0x83,0x8C,0x83,0x62,0x83,0x68,0x83,0x82,0x81,0x5B,0x83,0x8B)] = 18392
xi.synth_result_names_cp932[string.char(0x83,0x54,0x83,0x4E,0x83,0x8C,0x83,0x62,0x83,0x68,0x83,0x89,0x83,0x93,0x83,0x58)] = 16858
xi.synth_result_names_cp932[string.char(0x83,0x54,0x83,0x4E,0x83,0x8C,0x83,0x62,0x83,0x68,0x83,0x8F,0x83,0x93,0x83,0x68)] = 18393
xi.synth_result_names_cp932[string.char(0x83,0x54,0x83,0x4F,0x83,0x57,0x83,0x83,0x83,0x93,0x83,0x72,0x83,0x41)] = 19105
xi.synth_result_names_cp932[string.char(0x83,0x54,0x83,0x5C,0x83,0x8A,0x82,0xCC,0x96,0xEE,0x90,0x4B)] = 1250
xi.synth_result_names_cp932[string.char(0x83,0x54,0x83,0x62,0x83,0x54,0x81,0x5B,0x83,0x8F,0x83,0x93,0x83,0x68)] = 21134
xi.synth_result_names_cp932[string.char(0x83,0x54,0x83,0x70,0x83,0x89)] = 16551
xi.synth_result_names_cp932[string.char(0x83,0x54,0x83,0x74,0x83,0x40,0x83,0x43,0x83,0x41,0x83,0x73,0x83,0x41,0x83,0x58)] = 13355
xi.synth_result_names_cp932[string.char(0x83,0x54,0x83,0x74,0x83,0x40,0x83,0x43,0x83,0x41,0x83,0x8A,0x83,0x93,0x83,0x4F)] = 13452
xi.synth_result_names_cp932[string.char(0x83,0x54,0x83,0x74,0x83,0x89,0x83,0x93)] = 3916
xi.synth_result_names_cp932[string.char(0x83,0x54,0x83,0x80,0x83,0x5C,0x83,0x6A,0x83,0x41,0x83,0x93,0x83,0x78,0x83,0x8B,0x83,0x67)] = 15863
xi.synth_result_names_cp932[string.char(0x83,0x54,0x83,0x89,0x83,0x5C,0x83,0x4E,0x83,0x89,0x83,0x62,0x83,0x67)] = 18123
xi.synth_result_names_cp932[string.char(0x83,0x54,0x83,0x8A,0x83,0x62,0x83,0x67)] = 12416
xi.synth_result_names_cp932[string.char(0x83,0x54,0x83,0x8A,0x83,0x85,0x83,0x5E,0x83,0x8A,0x83,0x8D,0x81,0x5B,0x83,0x75)] = 11340
xi.synth_result_names_cp932[string.char(0x83,0x54,0x83,0x8B,0x83,0x54)] = 5299
xi.synth_result_names_cp932[string.char(0x83,0x54,0x83,0x8B,0x83,0x65,0x81,0x5B,0x83,0x6A,0x83,0x83)] = 5885
xi.synth_result_names_cp932[string.char(0x83,0x54,0x83,0x93,0x83,0x43,0x83,0x84,0x83,0x8A,0x83,0x93,0x83,0x4F)] = 13344
xi.synth_result_names_cp932[string.char(0x83,0x54,0x83,0x93,0x83,0x4A,0x83,0x58,0x83,0x54,0x83,0x56,0x83,0x46)] = 21394
xi.synth_result_names_cp932[string.char(0x83,0x54,0x83,0x93,0x83,0x58,0x83,0x67,0x81,0x5B,0x83,0x93)] = 803
xi.synth_result_names_cp932[string.char(0x83,0x54,0x83,0x93,0x83,0x5F,0x83,0x8B)] = 12993
xi.synth_result_names_cp932[string.char(0x83,0x54,0x83,0x93,0x83,0x5F,0x81,0x5B,0x83,0x4A,0x81,0x5B,0x83,0x68)] = 2180
xi.synth_result_names_cp932[string.char(0x83,0x54,0x83,0x93,0x83,0x5F,0x81,0x5B,0x83,0x58,0x83,0x5E,0x83,0x62,0x83,0x74)] = 17553
xi.synth_result_names_cp932[string.char(0x83,0x54,0x83,0x93,0x83,0x5F,0x81,0x5B,0x83,0x7E,0x83,0x67,0x83,0x93)] = 14987
xi.synth_result_names_cp932[string.char(0x83,0x54,0x83,0x93,0x83,0x5F,0x81,0x5B,0x83,0x89,0x83,0x93,0x83,0x76)] = 211
xi.synth_result_names_cp932[string.char(0x83,0x54,0x83,0x93,0x83,0x5F,0x81,0x5B,0x83,0x8A,0x83,0x93,0x83,0x4F)] = 14638
xi.synth_result_names_cp932[string.char(0x83,0x54,0x83,0x93,0x83,0x68,0x83,0x8A,0x83,0x41,0x83,0x56,0x83,0x8B)] = 3711
xi.synth_result_names_cp932[string.char(0x83,0x54,0x83,0x93,0x83,0x68,0x83,0x8A,0x83,0x41,0x83,0x65,0x83,0x42,0x81,0x5B)] = 4494
xi.synth_result_names_cp932[string.char(0x83,0x54,0x83,0x93,0x83,0x8A,0x83,0x93,0x83,0x4F)] = 13485
xi.synth_result_names_cp932[string.char(0x83,0x54,0x81,0x5B,0x83,0x4E,0x83,0x8C,0x83,0x62,0x83,0x67)] = 12472
xi.synth_result_names_cp932[string.char(0x83,0x54,0x81,0x5B,0x83,0x5A,0x83,0x6C,0x83,0x62,0x83,0x67,0x83,0x50,0x81,0x5B,0x83,0x76)] = 13643
xi.synth_result_names_cp932[string.char(0x83,0x54,0x81,0x5B,0x83,0x68,0x83,0x6A,0x83,0x4E,0x83,0x58)] = 807
xi.synth_result_names_cp932[string.char(0x83,0x54,0x81,0x5B,0x83,0x68,0x83,0x6A,0x83,0x4E,0x83,0x58,0x83,0x73,0x83,0x41,0x83,0x58)] = 13331
xi.synth_result_names_cp932[string.char(0x83,0x54,0x81,0x5B,0x83,0x68,0x83,0x6A,0x83,0x4E,0x83,0x58,0x83,0x8A,0x83,0x93,0x83,0x4F)] = 13444
xi.synth_result_names_cp932[string.char(0x83,0x54,0x81,0x5B,0x83,0x78,0x83,0x8B)] = 16568
xi.synth_result_names_cp932[string.char(0x83,0x54,0x81,0x5B,0x83,0x81,0x83,0x62,0x83,0x67,0x83,0x4C,0x83,0x8A,0x83,0x57)] = 17746
xi.synth_result_names_cp932[string.char(0x83,0x54,0x81,0x5B,0x83,0x81,0x83,0x62,0x83,0x67,0x83,0x4E,0x83,0x4E,0x83,0x8A)] = 16477
xi.synth_result_names_cp932[string.char(0x83,0x54,0x81,0x5B,0x83,0x81,0x83,0x62,0x83,0x67,0x83,0x4E,0x83,0x8D,0x81,0x5B)] = 16414
xi.synth_result_names_cp932[string.char(0x83,0x54,0x81,0x5B,0x83,0x81,0x83,0x62,0x83,0x67,0x83,0x5C,0x81,0x5B,0x83,0x68)] = 16539
xi.synth_result_names_cp932[string.char(0x83,0x54,0x81,0x5B,0x83,0x81,0x83,0x62,0x83,0x67,0x83,0x60,0x83,0x62,0x83,0x76,0x83,0x58)] = 931
xi.synth_result_names_cp932[string.char(0x83,0x54,0x81,0x5B,0x83,0x81,0x83,0x62,0x83,0x67,0x83,0x69,0x83,0x43,0x83,0x74)] = 16469
xi.synth_result_names_cp932[string.char(0x83,0x54,0x81,0x5B,0x83,0x81,0x83,0x62,0x83,0x67,0x83,0x89,0x83,0x93,0x83,0x58)] = 16849
xi.synth_result_names_cp932[string.char(0x83,0x54,0x81,0x5B,0x83,0x82,0x83,0x93,0x82,0xCC,0x83,0x4E,0x83,0x8B,0x81,0x5B,0x83,0x67)] = 4551
xi.synth_result_names_cp932[string.char(0x83,0x54,0x81,0x5B,0x83,0x82,0x83,0x93,0x82,0xCC,0x83,0x80,0x83,0x6A,0x83,0x47,0x83,0x8B)] = 4583
xi.synth_result_names_cp932[string.char(0x83,0x54,0x81,0x5B,0x83,0x82,0x83,0x93,0x82,0xCC,0x95,0xA0,0x8E,0x71)] = 5217
xi.synth_result_names_cp932[string.char(0x83,0x54,0x81,0x5B,0x83,0x82,0x83,0x93,0x83,0x54,0x83,0x93,0x83,0x68)] = 4355
xi.synth_result_names_cp932[string.char(0x83,0x54,0x81,0x5B,0x83,0x82,0x83,0x93,0x83,0x58,0x83,0x56)] = 5663
xi.synth_result_names_cp932[string.char(0x83,0x54,0x81,0x5B,0x83,0x82,0x83,0x93,0x83,0x8D,0x83,0x45)] = 5218
xi.synth_result_names_cp932[string.char(0x83,0x55,0x83,0x4F,0x83,0x69,0x83,0x8B)] = 16770
xi.synth_result_names_cp932[string.char(0x83,0x55,0x83,0x80,0x83,0x59,0x83,0x7E,0x83,0x80,0x83,0x58,0x83,0x5E,0x83,0x62,0x83,0x74)] = 18634
xi.synth_result_names_cp932[string.char(0x83,0x55,0x83,0x8A,0x83,0x4B,0x83,0x6A,0x82,0xCC,0x89,0x96,0x82,0xE4,0x82,0xC5)] = 4535
xi.synth_result_names_cp932[string.char(0x83,0x55,0x83,0x93,0x83,0x6F,0x81,0x5B,0x83,0x6E)] = 17218
xi.synth_result_names_cp932[string.char(0x83,0x56,0x83,0x41,0x83,0x93,0x83,0x49,0x81,0x5B,0x83,0x75)] = 9256
xi.synth_result_names_cp932[string.char(0x83,0x56,0x83,0x41,0x81,0x5B,0x83,0x4E,0x83,0x89,0x83,0x45,0x83,0x93)] = 15163
xi.synth_result_names_cp932[string.char(0x83,0x56,0x83,0x41,0x81,0x5B,0x83,0x59,0x83,0x7B,0x83,0x93)] = 14325
xi.synth_result_names_cp932[string.char(0x83,0x56,0x83,0x41,0x81,0x5B,0x83,0x60,0x83,0x85,0x83,0x6A,0x83,0x62,0x83,0x4E)] = 14424
xi.synth_result_names_cp932[string.char(0x83,0x56,0x83,0x41,0x81,0x5B,0x83,0x70,0x83,0x93,0x83,0x76,0x83,0x58)] = 15313
xi.synth_result_names_cp932[string.char(0x83,0x56,0x83,0x41,0x81,0x5B,0x83,0x7E,0x83,0x67,0x83,0x93)] = 14856
xi.synth_result_names_cp932[string.char(0x83,0x56,0x83,0x46,0x83,0x8B,0x83,0x43,0x83,0x84,0x83,0x8A,0x83,0x93,0x83,0x4F)] = 13313
xi.synth_result_names_cp932[string.char(0x83,0x56,0x83,0x46,0x83,0x8B,0x83,0x89,0x83,0x93,0x83,0x76)] = 319
xi.synth_result_names_cp932[string.char(0x83,0x56,0x83,0x46,0x83,0x8B,0x83,0x8A,0x83,0x93,0x83,0x4F)] = 13442
xi.synth_result_names_cp932[string.char(0x83,0x56,0x83,0x46,0x81,0x5B,0x83,0x68,0x83,0x5E,0x83,0x43,0x83,0x63)] = 14327
xi.synth_result_names_cp932[string.char(0x83,0x56,0x83,0x46,0x81,0x5B,0x83,0x68,0x83,0x65,0x83,0x42,0x83,0x41,0x83,0x89)] = 15165
xi.synth_result_names_cp932[string.char(0x83,0x56,0x83,0x46,0x81,0x5B,0x83,0x68,0x83,0x6E,0x81,0x5B,0x83,0x6C,0x83,0x58)] = 14426
xi.synth_result_names_cp932[string.char(0x83,0x56,0x83,0x46,0x81,0x5B,0x83,0x68,0x83,0x7E,0x83,0x67,0x83,0x93)] = 14858
xi.synth_result_names_cp932[string.char(0x83,0x56,0x83,0x46,0x81,0x5B,0x83,0x68,0x83,0x8C,0x83,0x4D,0x83,0x93,0x83,0x58)] = 15315
xi.synth_result_names_cp932[string.char(0x83,0x56,0x83,0x56,0x83,0x50,0x83,0x6F,0x83,0x75)] = 5598
xi.synth_result_names_cp932[string.char(0x83,0x56,0x83,0x62,0x83,0x4E,0x83,0x5C,0x83,0x8B,0x83,0x8C,0x83,0x62,0x83,0x67)] = 12940
xi.synth_result_names_cp932[string.char(0x83,0x56,0x83,0x62,0x83,0x4E,0x83,0x75,0x83,0x8A,0x81,0x5B,0x83,0x60,0x83,0x59)] = 12812
xi.synth_result_names_cp932[string.char(0x83,0x56,0x83,0x62,0x83,0x4E,0x83,0x7D,0x83,0x74,0x83,0x89)] = 12684
xi.synth_result_names_cp932[string.char(0x83,0x56,0x83,0x69,0x83,0x82,0x83,0x93,0x83,0x4E,0x83,0x62,0x83,0x4C,0x81,0x5B)] = 4397
xi.synth_result_names_cp932[string.char(0x83,0x56,0x83,0x70,0x81,0x5B,0x83,0x71,0x83,0x57,0x83,0x87,0x83,0x56,0x83,0x83,0x83,0x93)] = 14524
xi.synth_result_names_cp932[string.char(0x83,0x56,0x83,0x70,0x81,0x5B,0x83,0x71,0x83,0x5B,0x83,0x8C,0x83,0x6E)] = 15603
xi.synth_result_names_cp932[string.char(0x83,0x56,0x83,0x70,0x81,0x5B,0x83,0x71,0x83,0x5E,0x81,0x5B,0x83,0x6F,0x83,0x93)] = 16061
xi.synth_result_names_cp932[string.char(0x83,0x56,0x83,0x70,0x81,0x5B,0x83,0x71,0x83,0x5F,0x83,0x58,0x83,0x5E,0x83,0x69)] = 14932
xi.synth_result_names_cp932[string.char(0x83,0x56,0x83,0x70,0x81,0x5B,0x83,0x71,0x83,0x75,0x81,0x5B,0x83,0x63)] = 15687
xi.synth_result_names_cp932[string.char(0x83,0x56,0x83,0x74,0x83,0x48,0x83,0x6A,0x83,0x47)] = 59
xi.synth_result_names_cp932[string.char(0x83,0x56,0x83,0x74,0x83,0x7D,0x83,0x4E,0x83,0x89,0x83,0x81)] = 8728
xi.synth_result_names_cp932[string.char(0x83,0x56,0x83,0x7E,0x83,0x5E,0x81,0x5B)] = 16552
xi.synth_result_names_cp932[string.char(0x83,0x56,0x83,0x7E,0x83,0x5E,0x81,0x5B,0x83,0x4A,0x83,0x4E,0x83,0x5E,0x83,0x58)] = 98
xi.synth_result_names_cp932[string.char(0x83,0x56,0x83,0x83,0x83,0x43,0x83,0x6A,0x83,0x93,0x83,0x4F,0x83,0x8A,0x83,0x93,0x83,0x4F)] = 15771
xi.synth_result_names_cp932[string.char(0x83,0x56,0x83,0x83,0x83,0x43,0x83,0x8B,0x83,0x4E,0x83,0x89,0x83,0x62,0x83,0x52,0x81,0x5B)] = 15303
xi.synth_result_names_cp932[string.char(0x83,0x56,0x83,0x83,0x83,0x43,0x83,0x8B,0x83,0x51,0x81,0x5B,0x83,0x57)] = 14846
xi.synth_result_names_cp932[string.char(0x83,0x56,0x83,0x83,0x83,0x43,0x83,0x8B,0x83,0x54,0x83,0x89,0x83,0x45,0x83,0x42,0x83,0x8B)] = 14315
xi.synth_result_names_cp932[string.char(0x83,0x56,0x83,0x83,0x83,0x43,0x83,0x8B,0x83,0x5E,0x81,0x5B,0x83,0x6F,0x83,0x93)] = 15153
xi.synth_result_names_cp932[string.char(0x83,0x56,0x83,0x83,0x83,0x43,0x83,0x8B,0x83,0x7D,0x83,0x93,0x83,0x65,0x83,0x42,0x83,0x8B)] = 14414
xi.synth_result_names_cp932[string.char(0x83,0x56,0x83,0x83,0x83,0x57,0x83,0x85,0x83,0x75,0x83,0x8B)] = 14440
xi.synth_result_names_cp932[string.char(0x83,0x56,0x83,0x83,0x83,0x68,0x83,0x45,0x83,0x41,0x83,0x62,0x83,0x76,0x83,0x8B)] = 2391
xi.synth_result_names_cp932[string.char(0x83,0x56,0x83,0x83,0x83,0x68,0x83,0x45,0x83,0x7B,0x83,0x45)] = 17193
xi.synth_result_names_cp932[string.char(0x83,0x56,0x83,0x83,0x83,0x68,0x83,0x45,0x83,0x8D,0x81,0x5B,0x83,0x8B)] = 2400
xi.synth_result_names_cp932[string.char(0x83,0x56,0x83,0x83,0x83,0x75,0x83,0x65,0x83,0x41,0x81,0x5B,0x83,0x81,0x83,0x62,0x83,0x67)] = 27748
xi.synth_result_names_cp932[string.char(0x83,0x56,0x83,0x83,0x83,0x75,0x83,0x65,0x83,0x4B,0x83,0x93,0x83,0x67,0x83,0x8C)] = 28038
xi.synth_result_names_cp932[string.char(0x83,0x56,0x83,0x83,0x83,0x75,0x83,0x65,0x83,0x4C,0x83,0x85,0x83,0x43,0x83,0x89,0x83,0x58)] = 27891
xi.synth_result_names_cp932[string.char(0x83,0x56,0x83,0x83,0x83,0x75,0x83,0x65,0x83,0x4E,0x83,0x45,0x83,0x42,0x83,0x58)] = 28178
xi.synth_result_names_cp932[string.char(0x83,0x56,0x83,0x83,0x83,0x75,0x83,0x65,0x83,0x54,0x83,0x6F,0x83,0x67,0x83,0x93)] = 28316
xi.synth_result_names_cp932[string.char(0x83,0x56,0x83,0x83,0x83,0x89,0x83,0x80,0x83,0x72,0x81,0x5B,0x83,0x60,0x81,0x5B,0x83,0x59)] = 5684
xi.synth_result_names_cp932[string.char(0x83,0x56,0x83,0x83,0x83,0x8B,0x8A,0x4C,0x83,0x70,0x83,0x43,0x83,0x93,0x8F,0xF6,0x82,0xB5)] = 4554
xi.synth_result_names_cp932[string.char(0x83,0x56,0x83,0x83,0x83,0x8F,0x81,0x5B,0x83,0x58,0x83,0x5E,0x83,0x93,0x83,0x68)] = 3700
xi.synth_result_names_cp932[string.char(0x83,0x56,0x83,0x85,0x83,0x4B,0x81,0x5B,0x83,0x89,0x83,0x58,0x83,0x4E)] = 5782
xi.synth_result_names_cp932[string.char(0x83,0x56,0x83,0x85,0x83,0x67,0x83,0x89,0x83,0x62,0x83,0x60)] = 5577
xi.synth_result_names_cp932[string.char(0x83,0x56,0x83,0x85,0x83,0x8A,0x83,0x93,0x83,0x76,0x83,0x58,0x83,0x56)] = 5691
xi.synth_result_names_cp932[string.char(0x83,0x56,0x83,0x85,0x83,0x8A,0x83,0x93,0x83,0x76,0x83,0x8B,0x83,0x41,0x81,0x5B)] = 17402
xi.synth_result_names_cp932[string.char(0x83,0x56,0x83,0x85,0x83,0x8C,0x83,0x43,0x83,0x4B,0x81,0x5B)] = 16519
xi.synth_result_names_cp932[string.char(0x83,0x56,0x83,0x85,0x83,0x94,0x83,0x46,0x81,0x5B,0x83,0x8B,0x83,0x67)] = 16526
xi.synth_result_names_cp932[string.char(0x83,0x56,0x83,0x85,0x81,0x5B,0x83,0x59)] = 12994
xi.synth_result_names_cp932[string.char(0x83,0x56,0x83,0x87,0x83,0x62,0x83,0x4E,0x83,0x54,0x83,0x75,0x83,0x8A,0x83,0x4B)] = 15650
xi.synth_result_names_cp932[string.char(0x83,0x56,0x83,0x87,0x83,0x65,0x83,0x8B)] = 17701
xi.synth_result_names_cp932[string.char(0x83,0x56,0x83,0x87,0x83,0x74,0x83,0x40,0x81,0x5B)] = 17362
xi.synth_result_names_cp932[string.char(0x83,0x56,0x83,0x87,0x81,0x5B,0x83,0x67,0x83,0x7B,0x83,0x45)] = 17152
xi.synth_result_names_cp932[string.char(0x83,0x56,0x83,0x8A,0x83,0x58)] = 2537
xi.synth_result_names_cp932[string.char(0x83,0x56,0x83,0x8B,0x83,0x4C,0x81,0x5B,0x83,0x58,0x83,0x47,0x81,0x5B,0x83,0x68)] = 2737
xi.synth_result_names_cp932[string.char(0x83,0x56,0x83,0x8B,0x83,0x4E,0x83,0x4A,0x83,0x74,0x83,0x58)] = 12732
xi.synth_result_names_cp932[string.char(0x83,0x56,0x83,0x8B,0x83,0x4E,0x83,0x4E,0x83,0x8D,0x81,0x5B,0x83,0x4E)] = 12612
xi.synth_result_names_cp932[string.char(0x83,0x56,0x83,0x8B,0x83,0x4E,0x83,0x52,0x81,0x5B,0x83,0x67)] = 12604
xi.synth_result_names_cp932[string.char(0x83,0x56,0x83,0x8B,0x83,0x4E,0x83,0x58,0x83,0x8D,0x83,0x62,0x83,0x76,0x83,0x58)] = 12860
xi.synth_result_names_cp932[string.char(0x83,0x56,0x83,0x8B,0x83,0x4E,0x83,0x59,0x83,0x7B,0x83,0x93)] = 12868
xi.synth_result_names_cp932[string.char(0x83,0x56,0x83,0x8B,0x83,0x4E,0x83,0x6E,0x83,0x62,0x83,0x67)] = 12476
xi.synth_result_names_cp932[string.char(0x83,0x56,0x83,0x8B,0x83,0x4E,0x83,0x70,0x83,0x93,0x83,0x76,0x83,0x58)] = 12996
xi.synth_result_names_cp932[string.char(0x83,0x56,0x83,0x8B,0x83,0x4E,0x83,0x7E,0x83,0x67,0x83,0x93)] = 12740
xi.synth_result_names_cp932[string.char(0x83,0x56,0x83,0x8B,0x83,0x50,0x83,0x93,0x83,0x4A,0x83,0x74,0x83,0x58)] = 14955
xi.synth_result_names_cp932[string.char(0x83,0x56,0x83,0x8B,0x83,0x50,0x83,0x93,0x83,0x52,0x81,0x5B,0x83,0x67)] = 14542
xi.synth_result_names_cp932[string.char(0x83,0x56,0x83,0x8B,0x83,0x50,0x83,0x93,0x83,0x58,0x83,0x8D,0x83,0x62,0x83,0x76,0x83,0x58)] = 15620
xi.synth_result_names_cp932[string.char(0x83,0x56,0x83,0x8B,0x83,0x50,0x83,0x93,0x83,0x6E,0x83,0x62,0x83,0x67)] = 16079
xi.synth_result_names_cp932[string.char(0x83,0x56,0x83,0x8B,0x83,0x50,0x83,0x93,0x83,0x73,0x83,0x4B,0x83,0x62,0x83,0x56,0x83,0x85)] = 15706
xi.synth_result_names_cp932[string.char(0x83,0x56,0x83,0x8B,0x83,0x6F,0x81,0x5B,0x82,0xCC,0x8D,0xBD)] = 760
xi.synth_result_names_cp932[string.char(0x83,0x56,0x83,0x8B,0x83,0x6F,0x81,0x5B,0x83,0x43,0x83,0x93,0x83,0x53,0x83,0x62,0x83,0x67)] = 744
xi.synth_result_names_cp932[string.char(0x83,0x56,0x83,0x8B,0x83,0x6F,0x81,0x5B,0x83,0x4A,0x83,0x54,0x83,0x93,0x83,0x68,0x83,0x89)] = 19206
xi.synth_result_names_cp932[string.char(0x83,0x56,0x83,0x8B,0x83,0x6F,0x81,0x5B,0x83,0x4F,0x83,0x8A,0x81,0x5B,0x83,0x94)] = 12937
xi.synth_result_names_cp932[string.char(0x83,0x56,0x83,0x8B,0x83,0x6F,0x81,0x5B,0x83,0x69,0x83,0x51,0x83,0x62,0x83,0x67)] = 1233
xi.synth_result_names_cp932[string.char(0x83,0x56,0x83,0x8B,0x83,0x6F,0x81,0x5B,0x83,0x6F,0x83,0x93,0x83,0x4F,0x83,0x8B)] = 13979
xi.synth_result_names_cp932[string.char(0x83,0x56,0x83,0x8B,0x83,0x6F,0x81,0x5B,0x83,0x73,0x83,0x41,0x83,0x58)] = 13327
xi.synth_result_names_cp932[string.char(0x83,0x56,0x83,0x8B,0x83,0x6F,0x81,0x5B,0x83,0x75,0x83,0x8C,0x83,0x62,0x83,0x67)] = 17341
xi.synth_result_names_cp932[string.char(0x83,0x56,0x83,0x8B,0x83,0x6F,0x81,0x5B,0x83,0x75,0x83,0x8D,0x83,0x50,0x81,0x5B,0x83,0x68)] = 1991
xi.synth_result_names_cp932[string.char(0x83,0x56,0x83,0x8B,0x83,0x6F,0x81,0x5B,0x83,0x78,0x83,0x8B,0x83,0x67)] = 13196
xi.synth_result_names_cp932[string.char(0x83,0x56,0x83,0x8B,0x83,0x6F,0x81,0x5B,0x83,0x7A,0x81,0x5B,0x83,0x59)] = 12809
xi.synth_result_names_cp932[string.char(0x83,0x56,0x83,0x8B,0x83,0x6F,0x81,0x5B,0x83,0x7D,0x83,0x58,0x83,0x4E)] = 12425
xi.synth_result_names_cp932[string.char(0x83,0x56,0x83,0x8B,0x83,0x6F,0x81,0x5B,0x83,0x7E,0x83,0x67,0x83,0x93)] = 12681
xi.synth_result_names_cp932[string.char(0x83,0x56,0x83,0x8B,0x83,0x6F,0x81,0x5B,0x83,0x81,0x83,0x43,0x83,0x8B)] = 12553
xi.synth_result_names_cp932[string.char(0x83,0x56,0x83,0x8B,0x83,0x6F,0x81,0x5B,0x83,0x8A,0x83,0x93,0x83,0x4F)] = 13456
xi.synth_result_names_cp932[string.char(0x83,0x56,0x83,0x8B,0x83,0x6F,0x81,0x5B,0x94,0xC2)] = 671
xi.synth_result_names_cp932[string.char(0x83,0x56,0x83,0x93,0x83,0x60,0x83,0x8C,0x81,0x5B,0x83,0x5E,0x81,0x5B)] = 2275
xi.synth_result_names_cp932[string.char(0x83,0x56,0x81,0x5B,0x83,0x68,0x83,0x62,0x83,0x4F,0x83,0x4B,0x83,0x93)] = 18710
xi.synth_result_names_cp932[string.char(0x83,0x56,0x81,0x5B,0x83,0x74,0x83,0x63,0x81,0x5B,0x83,0x8B)] = 1022
xi.synth_result_names_cp932[string.char(0x83,0x56,0x81,0x5B,0x83,0x74,0x81,0x5B,0x83,0x68,0x83,0x56,0x83,0x60,0x83,0x85,0x81,0x5B)] = 4561
xi.synth_result_names_cp932[string.char(0x83,0x56,0x81,0x5B,0x83,0x74,0x81,0x5B,0x83,0x68,0x83,0x70,0x83,0x47,0x83,0x8A,0x83,0x41)] = 5968
xi.synth_result_names_cp932[string.char(0x83,0x56,0x81,0x5B,0x83,0x76,0x83,0x7C,0x81,0x5B,0x83,0x60)] = 1655
xi.synth_result_names_cp932[string.char(0x83,0x56,0x81,0x5B,0x83,0x8A,0x83,0x60,0x83,0x8A,0x83,0x93,0x83,0x4F)] = 26181
xi.synth_result_names_cp932[string.char(0x83,0x56,0x81,0x5B,0x83,0x8B,0x83,0x68,0x83,0x76,0x83,0x89,0x81,0x5B,0x83,0x4E)] = 186
xi.synth_result_names_cp932[string.char(0x83,0x57,0x83,0x46,0x83,0x58,0x83,0x5E,0x81,0x5B,0x83,0x50,0x81,0x5B,0x83,0x76)] = 13579
xi.synth_result_names_cp932[string.char(0x83,0x57,0x83,0x46,0x83,0x5F,0x83,0x43,0x83,0x68)] = 784
xi.synth_result_names_cp932[string.char(0x83,0x57,0x83,0x46,0x83,0x5F,0x83,0x43,0x83,0x68,0x83,0x8A,0x83,0x93,0x83,0x4F)] = 13484
xi.synth_result_names_cp932[string.char(0x83,0x57,0x83,0x46,0x83,0x62,0x83,0x67,0x83,0x56,0x83,0x62,0x83,0x4E,0x83,0x8B)] = 18945
xi.synth_result_names_cp932[string.char(0x83,0x57,0x83,0x46,0x83,0x6C,0x83,0x89,0x83,0x8B,0x83,0x56,0x81,0x5B,0x83,0x8B,0x83,0x68)] = 12383
xi.synth_result_names_cp932[string.char(0x83,0x57,0x83,0x46,0x83,0x93,0x83,0x5F,0x83,0x8F)] = 17205
xi.synth_result_names_cp932[string.char(0x83,0x57,0x83,0x83,0x83,0x5F,0x83,0x4F,0x83,0x69)] = 18405
xi.synth_result_names_cp932[string.char(0x83,0x57,0x83,0x83,0x83,0x62,0x83,0x4E,0x82,0xCC,0x83,0x89,0x83,0x93,0x83,0x5E,0x83,0x93)] = 4488
xi.synth_result_names_cp932[string.char(0x83,0x57,0x83,0x83,0x83,0x62,0x83,0x4E,0x83,0x70,0x83,0x43)] = 5644
xi.synth_result_names_cp932[string.char(0x83,0x57,0x83,0x83,0x83,0x68,0x83,0x76,0x83,0x89,0x81,0x5B,0x83,0x65)] = 16541
xi.synth_result_names_cp932[string.char(0x83,0x57,0x83,0x83,0x83,0x6B,0x83,0x43,0x83,0x84)] = 16161
xi.synth_result_names_cp932[string.char(0x83,0x57,0x83,0x83,0x83,0x7D,0x83,0x5F,0x83,0x8B)] = 16401
xi.synth_result_names_cp932[string.char(0x83,0x57,0x83,0x83,0x83,0x8A,0x83,0x5F,0x83,0x4E,0x81,0x5B,0x83,0x68)] = 16063
xi.synth_result_names_cp932[string.char(0x83,0x57,0x83,0x83,0x83,0x8A,0x83,0x5F,0x83,0x56,0x83,0x83,0x83,0x8B,0x83,0x6F,0x83,0x8B)] = 15605
xi.synth_result_names_cp932[string.char(0x83,0x57,0x83,0x83,0x83,0x8A,0x83,0x5F,0x83,0x6C,0x81,0x5B,0x83,0x8B)] = 15689
xi.synth_result_names_cp932[string.char(0x83,0x57,0x83,0x83,0x83,0x8A,0x83,0x5F,0x83,0x6F,0x83,0x59,0x83,0x6F,0x83,0x93,0x83,0x68)] = 14934
xi.synth_result_names_cp932[string.char(0x83,0x57,0x83,0x83,0x83,0x8A,0x83,0x5F,0x83,0x79,0x83,0x65,0x83,0x42)] = 14526
xi.synth_result_names_cp932[string.char(0x83,0x57,0x83,0x83,0x83,0x93,0x83,0x72,0x83,0x41)] = 18023
xi.synth_result_names_cp932[string.char(0x83,0x57,0x83,0x85,0x83,0x47,0x83,0x8B,0x83,0x68,0x83,0x4A,0x83,0x89,0x81,0x5B)] = 13087
xi.synth_result_names_cp932[string.char(0x83,0x57,0x83,0x85,0x83,0x58,0x83,0x67,0x83,0x52,0x81,0x5B,0x83,0x8B)] = 13744
xi.synth_result_names_cp932[string.char(0x83,0x57,0x83,0x87,0x83,0x8B,0x83,0x67,0x83,0x41,0x83,0x4E,0x83,0x58)] = 17954
xi.synth_result_names_cp932[string.char(0x83,0x57,0x83,0x89,0x83,0x93,0x83,0x68,0x81,0x5B,0x83,0x8B)] = 425
xi.synth_result_names_cp932[string.char(0x83,0x57,0x83,0x8B,0x83,0x52,0x83,0x93)] = 805
xi.synth_result_names_cp932[string.char(0x83,0x57,0x83,0x8B,0x83,0x52,0x83,0x93,0x83,0x43,0x83,0x84,0x83,0x8A,0x83,0x93,0x83,0x4F)] = 13345
xi.synth_result_names_cp932[string.char(0x83,0x57,0x83,0x8B,0x83,0x52,0x83,0x93,0x83,0x8A,0x83,0x93,0x83,0x4F)] = 13486
xi.synth_result_names_cp932[string.char(0x83,0x57,0x83,0x93,0x83,0x57,0x83,0x83,0x81,0x5B,0x83,0x4E,0x83,0x62,0x83,0x4C,0x81,0x5B)] = 4394
xi.synth_result_names_cp932[string.char(0x83,0x57,0x81,0x5B,0x83,0x4F,0x83,0x8A,0x83,0x93,0x83,0x66,0x83,0x70,0x83,0x65)] = 1886
xi.synth_result_names_cp932[string.char(0x83,0x57,0x81,0x5B,0x83,0x8B,0x83,0x4C,0x83,0x83,0x83,0x62,0x83,0x76)] = 11495
xi.synth_result_names_cp932[string.char(0x83,0x58,0x83,0x42,0x83,0x7E,0x83,0x62,0x83,0x67)] = 5596
xi.synth_result_names_cp932[string.char(0x83,0x58,0x83,0x42,0x81,0x5B,0x83,0x67,0x83,0x8A,0x83,0x55,0x81,0x5B,0x83,0x68)] = 5738
xi.synth_result_names_cp932[string.char(0x83,0x58,0x83,0x43,0x83,0x58,0x83,0x50,0x81,0x5B,0x83,0x76)] = 11000
xi.synth_result_names_cp932[string.char(0x83,0x58,0x83,0x4A,0x83,0x45,0x83,0x67,0x83,0x53,0x83,0x8B,0x83,0x51,0x83,0x62,0x83,0x67)] = 25477
xi.synth_result_names_cp932[string.char(0x83,0x58,0x83,0x4A,0x81,0x5B,0x83,0x8C,0x83,0x62,0x83,0x67,0x83,0x8A,0x83,0x7B,0x83,0x93)] = 13568
xi.synth_result_names_cp932[string.char(0x83,0x58,0x83,0x4C,0x83,0x62,0x83,0x68,0x83,0x58,0x83,0x56)] = 5148
xi.synth_result_names_cp932[string.char(0x83,0x58,0x83,0x4C,0x83,0x83,0x83,0x69,0x81,0x5B)] = 2244
xi.synth_result_names_cp932[string.char(0x83,0x58,0x83,0x4E,0x83,0x67,0x83,0x44,0x83,0x80)] = 12323
xi.synth_result_names_cp932[string.char(0x83,0x58,0x83,0x4E,0x83,0x8C,0x83,0x65,0x81,0x5B,0x83,0x8B)] = 29
xi.synth_result_names_cp932[string.char(0x83,0x58,0x83,0x50,0x83,0x43,0x83,0x8B,0x83,0x4E,0x83,0x45,0x83,0x42,0x83,0x58)] = 12816
xi.synth_result_names_cp932[string.char(0x83,0x58,0x83,0x50,0x83,0x43,0x83,0x8B,0x83,0x4F,0x83,0x8A,0x81,0x5B,0x83,0x94)] = 12944
xi.synth_result_names_cp932[string.char(0x83,0x58,0x83,0x50,0x83,0x43,0x83,0x8B,0x83,0x74,0x83,0x42,0x83,0x93,0x83,0x4B,0x81,0x5B)] = 12688
xi.synth_result_names_cp932[string.char(0x83,0x58,0x83,0x50,0x83,0x43,0x83,0x8B,0x83,0x81,0x83,0x43,0x83,0x8B)] = 12560
xi.synth_result_names_cp932[string.char(0x83,0x58,0x83,0x50,0x83,0x8B,0x83,0x67,0x83,0x93,0x83,0x4C,0x81,0x5B)] = 1115
xi.synth_result_names_cp932[string.char(0x83,0x58,0x83,0x50,0x81,0x5B,0x83,0x76,0x83,0x53,0x81,0x5B,0x83,0x67)] = 5412
xi.synth_result_names_cp932[string.char(0x83,0x58,0x83,0x52,0x83,0x62,0x83,0x60,0x83,0x47,0x83,0x62,0x83,0x4F)] = 6274
xi.synth_result_names_cp932[string.char(0x83,0x58,0x83,0x52,0x83,0x73,0x83,0x49,0x83,0x4B,0x83,0x93,0x83,0x67,0x83,0x8C)] = 12751
xi.synth_result_names_cp932[string.char(0x83,0x58,0x83,0x52,0x83,0x73,0x83,0x49,0x83,0x54,0x83,0x75,0x83,0x8A,0x83,0x4B)] = 12838
xi.synth_result_names_cp932[string.char(0x83,0x58,0x83,0x52,0x83,0x73,0x83,0x49,0x83,0x6E,0x81,0x5B,0x83,0x6C,0x83,0x58)] = 12579
xi.synth_result_names_cp932[string.char(0x83,0x58,0x83,0x52,0x83,0x73,0x83,0x49,0x83,0x75,0x83,0x8C,0x83,0x58,0x83,0x67)] = 12621
xi.synth_result_names_cp932[string.char(0x83,0x58,0x83,0x52,0x83,0x73,0x83,0x49,0x83,0x77,0x83,0x8B,0x83,0x80)] = 13846
xi.synth_result_names_cp932[string.char(0x83,0x58,0x83,0x52,0x83,0x73,0x83,0x49,0x83,0x7D,0x83,0x58,0x83,0x4E)] = 12451
xi.synth_result_names_cp932[string.char(0x83,0x58,0x83,0x52,0x83,0x73,0x83,0x49,0x83,0x7E,0x83,0x67,0x83,0x93)] = 12707
xi.synth_result_names_cp932[string.char(0x83,0x58,0x83,0x52,0x83,0x73,0x83,0x49,0x83,0x8A,0x83,0x93,0x83,0x4F)] = 13458
xi.synth_result_names_cp932[string.char(0x83,0x58,0x83,0x52,0x83,0x73,0x83,0x49,0x83,0x8C,0x83,0x4D,0x83,0x93,0x83,0x58)] = 12963
xi.synth_result_names_cp932[string.char(0x83,0x58,0x83,0x52,0x81,0x5B,0x83,0x73,0x83,0x49,0x83,0x93,0x83,0x41,0x83,0x8D,0x81,0x5B)] = 18155
xi.synth_result_names_cp932[string.char(0x83,0x58,0x83,0x52,0x81,0x5B,0x83,0x76)] = 2247
xi.synth_result_names_cp932[string.char(0x83,0x58,0x83,0x59,0x83,0x4C,0x82,0xCC,0x83,0x4E,0x83,0x8B,0x81,0x5B,0x83,0x67)] = 4353
xi.synth_result_names_cp932[string.char(0x83,0x58,0x83,0x5E,0x83,0x45,0x83,0x8D,0x81,0x5B,0x83,0x7B,0x83,0x45)] = 17213
xi.synth_result_names_cp932[string.char(0x83,0x58,0x83,0x5E,0x83,0x66,0x83,0x62,0x83,0x68,0x83,0x4F,0x83,0x8D,0x81,0x5B,0x83,0x75)] = 12698
xi.synth_result_names_cp932[string.char(0x83,0x58,0x83,0x5E,0x83,0x66,0x83,0x62,0x83,0x68,0x83,0x67,0x83,0x89,0x83,0x45,0x83,0x55)] = 12826
xi.synth_result_names_cp932[string.char(0x83,0x58,0x83,0x5E,0x83,0x66,0x83,0x62,0x83,0x68,0x83,0x6F,0x83,0x93,0x83,0x5F,0x83,0x69)] = 12442
xi.synth_result_names_cp932[string.char(0x83,0x58,0x83,0x5E,0x83,0x66,0x83,0x62,0x83,0x68,0x83,0x75,0x81,0x5B,0x83,0x63)] = 12954
xi.synth_result_names_cp932[string.char(0x83,0x58,0x83,0x5E,0x83,0x66,0x83,0x62,0x83,0x68,0x83,0x78,0x83,0x58,0x83,0x67)] = 12570
xi.synth_result_names_cp932[string.char(0x83,0x58,0x83,0x5E,0x83,0x72,0x83,0x89,0x83,0x43,0x83,0x55,0x81,0x5B)] = 2254
xi.synth_result_names_cp932[string.char(0x83,0x58,0x83,0x5E,0x83,0x72,0x83,0x89,0x83,0x43,0x83,0x55,0x81,0x5B,0x49,0x49)] = 2257
xi.synth_result_names_cp932[string.char(0x83,0x58,0x83,0x5E,0x83,0x7E,0x83,0x69,0x83,0x41,0x83,0x62,0x83,0x76,0x83,0x8B)] = 2390
xi.synth_result_names_cp932[string.char(0x83,0x58,0x83,0x5E,0x83,0x93,0x83,0x4E,0x83,0x4E,0x83,0x8A)] = 16506
xi.synth_result_names_cp932[string.char(0x83,0x58,0x83,0x5E,0x83,0x93,0x83,0x4E,0x83,0x8D,0x81,0x5B)] = 16431
xi.synth_result_names_cp932[string.char(0x83,0x58,0x83,0x5E,0x83,0x93,0x83,0x57,0x83,0x83,0x83,0x7D,0x83,0x5F,0x83,0x8B)] = 16432
xi.synth_result_names_cp932[string.char(0x83,0x58,0x83,0x5E,0x83,0x93,0x83,0x69,0x83,0x43,0x83,0x74)] = 16503
xi.synth_result_names_cp932[string.char(0x83,0x58,0x83,0x5E,0x81,0x5B,0x83,0x57,0x83,0x78,0x83,0x8B,0x83,0x67)] = 15933
xi.synth_result_names_cp932[string.char(0x83,0x58,0x83,0x5E,0x81,0x5B,0x83,0x66,0x83,0x42,0x83,0x59,0x83,0x7B,0x83,0x93)] = 15611
xi.synth_result_names_cp932[string.char(0x83,0x58,0x83,0x5E,0x81,0x5B,0x83,0x66,0x83,0x42,0x83,0x67,0x83,0x89,0x83,0x45,0x83,0x55)] = 15610
xi.synth_result_names_cp932[string.char(0x83,0x58,0x83,0x5E,0x81,0x5B,0x83,0x73,0x83,0x41,0x83,0x58)] = 15991
xi.synth_result_names_cp932[string.char(0x83,0x58,0x83,0x5E,0x81,0x5B,0x83,0x8A,0x83,0x93,0x83,0x4F)] = 15805
xi.synth_result_names_cp932[string.char(0x83,0x58,0x83,0x5E,0x81,0x5B,0x83,0x93,0x83,0x6F,0x81,0x5B,0x83,0x6A,0x81,0x5B)] = 11344
xi.synth_result_names_cp932[string.char(0x83,0x58,0x83,0x60,0x81,0x5B,0x83,0x8B,0x82,0xCC,0x8F,0xAC,0x8E,0x44)] = 676
xi.synth_result_names_cp932[string.char(0x83,0x58,0x83,0x60,0x81,0x5B,0x83,0x8B,0x83,0x43,0x83,0x93,0x83,0x53,0x83,0x62,0x83,0x67)] = 652
xi.synth_result_names_cp932[string.char(0x83,0x58,0x83,0x60,0x81,0x5B,0x83,0x8B,0x83,0x4C,0x83,0x8A,0x83,0x57)] = 17739
xi.synth_result_names_cp932[string.char(0x83,0x58,0x83,0x60,0x81,0x5B,0x83,0x8B,0x83,0x4E,0x83,0x45,0x83,0x42,0x83,0x58)] = 14245
xi.synth_result_names_cp932[string.char(0x83,0x58,0x83,0x60,0x81,0x5B,0x83,0x8B,0x83,0x4F,0x83,0x8A,0x81,0x5B,0x83,0x94)] = 14120
xi.synth_result_names_cp932[string.char(0x83,0x58,0x83,0x60,0x81,0x5B,0x83,0x8B,0x83,0x58,0x83,0x50,0x83,0x43,0x83,0x8B)] = 13785
xi.synth_result_names_cp932[string.char(0x83,0x58,0x83,0x60,0x81,0x5B,0x83,0x8B,0x83,0x6F,0x83,0x43,0x83,0x55,0x81,0x5B)] = 13873
xi.synth_result_names_cp932[string.char(0x83,0x58,0x83,0x60,0x81,0x5B,0x83,0x8B,0x83,0x74,0x83,0x42,0x83,0x93,0x83,0x4B,0x81,0x5B)] = 14003
xi.synth_result_names_cp932[string.char(0x83,0x58,0x83,0x60,0x81,0x5B,0x83,0x8B,0x83,0x75,0x83,0x8C,0x83,0x62,0x83,0x67)] = 18723
xi.synth_result_names_cp932[string.char(0x83,0x58,0x83,0x60,0x81,0x5B,0x83,0x8B,0x94,0xC2)] = 666
xi.synth_result_names_cp932[string.char(0x83,0x58,0x83,0x62,0x83,0x7C,0x83,0x93,0x83,0x58,0x81,0x5B,0x83,0x76)] = 4418
xi.synth_result_names_cp932[string.char(0x83,0x58,0x83,0x65,0x83,0x42,0x83,0x4C,0x83,0x6A,0x83,0x8A,0x83,0x93,0x83,0x4F)] = 26183
xi.synth_result_names_cp932[string.char(0x83,0x58,0x83,0x65,0x83,0x62,0x83,0x76,0x83,0x58,0x83,0x63,0x81,0x5B,0x83,0x8B)] = 3609
xi.synth_result_names_cp932[string.char(0x83,0x58,0x83,0x65,0x83,0x8B,0x83,0x58,0x83,0x58,0x83,0x4E,0x83,0x8A,0x81,0x5B,0x83,0x93)] = 2260
xi.synth_result_names_cp932[string.char(0x83,0x58,0x83,0x67,0x83,0x8D,0x83,0x7B)] = 2238
xi.synth_result_names_cp932[string.char(0x83,0x58,0x83,0x67,0x83,0x8D,0x83,0x7B,0x49,0x49)] = 9032
xi.synth_result_names_cp932[string.char(0x83,0x58,0x83,0x67,0x83,0x93,0x83,0x58,0x83,0x4C,0x83,0x93,0x83,0x67,0x83,0x8B,0x83,0x4E)] = 13170
xi.synth_result_names_cp932[string.char(0x83,0x58,0x83,0x67,0x83,0x93,0x83,0x60,0x83,0x5E,0x83,0x58,0x83,0x89,0x83,0x80)] = 22278
xi.synth_result_names_cp932[string.char(0x83,0x58,0x83,0x67,0x81,0x5B,0x83,0x80,0x83,0x89,0x83,0x93,0x83,0x5E,0x83,0x93,0x82,0x61)] = 430
xi.synth_result_names_cp932[string.char(0x83,0x58,0x83,0x67,0x81,0x5B,0x83,0x80,0x83,0x89,0x83,0x93,0x83,0x5E,0x83,0x93,0x82,0x66)] = 431
xi.synth_result_names_cp932[string.char(0x83,0x58,0x83,0x67,0x81,0x5B,0x83,0x80,0x83,0x89,0x83,0x93,0x83,0x5E,0x83,0x93,0x82,0x71)] = 429
xi.synth_result_names_cp932[string.char(0x83,0x58,0x83,0x67,0x81,0x5B,0x83,0x80,0x83,0x89,0x83,0x93,0x83,0x5E,0x83,0x93,0x82,0x76)] = 433
xi.synth_result_names_cp932[string.char(0x83,0x58,0x83,0x67,0x81,0x5B,0x83,0x80,0x83,0x89,0x83,0x93,0x83,0x5E,0x83,0x93,0x82,0x78)] = 432
xi.synth_result_names_cp932[string.char(0x83,0x58,0x83,0x67,0x81,0x5B,0x83,0x93,0x83,0x60,0x81,0x5B,0x83,0x59)] = 4460
xi.synth_result_names_cp932[string.char(0x83,0x58,0x83,0x67,0x81,0x5B,0x83,0x93,0x83,0x6F,0x83,0x93,0x83,0x4F,0x83,0x8B)] = 14988
xi.synth_result_names_cp932[string.char(0x83,0x58,0x83,0x69,0x83,0x43,0x83,0x70,0x81,0x5B,0x83,0x8A,0x83,0x93,0x83,0x4F)] = 13280
xi.synth_result_names_cp932[string.char(0x83,0x58,0x83,0x6C,0x81,0x5B,0x83,0x4E,0x83,0x41,0x83,0x43)] = 18708
xi.synth_result_names_cp932[string.char(0x83,0x58,0x83,0x6D,0x81,0x5B,0x83,0x8A,0x83,0x93,0x83,0x4F)] = 14640
xi.synth_result_names_cp932[string.char(0x83,0x58,0x83,0x6D,0x81,0x5B,0x83,0x8B,0x83,0x57,0x83,0x46,0x83,0x89,0x81,0x5B,0x83,0x67)] = 5147
xi.synth_result_names_cp932[string.char(0x83,0x58,0x83,0x70,0x83,0x43,0x83,0x4E,0x83,0x68,0x83,0x4E,0x83,0x89,0x83,0x75)] = 17424
xi.synth_result_names_cp932[string.char(0x83,0x58,0x83,0x70,0x83,0x51,0x83,0x65,0x83,0x42)] = 1776
xi.synth_result_names_cp932[string.char(0x83,0x58,0x83,0x70,0x83,0x5E)] = 16565
xi.synth_result_names_cp932[string.char(0x83,0x58,0x83,0x70,0x83,0x8B,0x83,0x5E,0x83,0x93,0x83,0x75,0x83,0x8C,0x83,0x62,0x83,0x67)] = 18160
xi.synth_result_names_cp932[string.char(0x83,0x58,0x83,0x70,0x83,0x8B,0x83,0x5E,0x83,0x93,0x83,0x7A,0x83,0x76,0x83,0x8D,0x83,0x93)] = 15071
xi.synth_result_names_cp932[string.char(0x83,0x58,0x83,0x70,0x81,0x5B,0x83,0x4E,0x83,0x4E,0x83,0x8A,0x83,0x58)] = 17988
xi.synth_result_names_cp932[string.char(0x83,0x58,0x83,0x70,0x81,0x5B,0x83,0x4E,0x83,0x58,0x83,0x73,0x83,0x41)] = 18076
xi.synth_result_names_cp932[string.char(0x83,0x58,0x83,0x70,0x81,0x5B,0x83,0x4E,0x83,0x5F,0x83,0x4B,0x81,0x5B)] = 17984
xi.synth_result_names_cp932[string.char(0x83,0x58,0x83,0x70,0x81,0x5B,0x83,0x4E,0x83,0x66,0x81,0x5B,0x83,0x51,0x83,0x93)] = 17688
xi.synth_result_names_cp932[string.char(0x83,0x58,0x83,0x70,0x81,0x5B,0x83,0x4E,0x83,0x6F,0x83,0x5B,0x83,0x89,0x81,0x5B,0x83,0x68)] = 17986
xi.synth_result_names_cp932[string.char(0x83,0x58,0x83,0x70,0x81,0x5B,0x83,0x4E,0x83,0x72,0x83,0x8B,0x83,0x7B)] = 17686
xi.synth_result_names_cp932[string.char(0x83,0x58,0x83,0x70,0x81,0x5B,0x83,0x4E,0x83,0x74,0x83,0x48,0x81,0x5B,0x83,0x4E)] = 18080
xi.synth_result_names_cp932[string.char(0x83,0x58,0x83,0x70,0x81,0x5B,0x83,0x4E,0x83,0x89,0x83,0x93,0x83,0x58)] = 18078
xi.synth_result_names_cp932[string.char(0x83,0x58,0x83,0x70,0x81,0x5B,0x83,0x4E,0x83,0x8B,0x83,0x4B,0x83,0x58)] = 2464
xi.synth_result_names_cp932[string.char(0x83,0x58,0x83,0x70,0x81,0x5B,0x83,0x4E,0x83,0x8B,0x83,0x6E,0x83,0x93,0x83,0x68)] = 4217
xi.synth_result_names_cp932[string.char(0x83,0x58,0x83,0x70,0x81,0x5B,0x83,0x4E,0x83,0x8C,0x83,0x43,0x83,0x73,0x83,0x41)] = 17690
xi.synth_result_names_cp932[string.char(0x83,0x58,0x83,0x73,0x83,0x41)] = 16835
xi.synth_result_names_cp932[string.char(0x83,0x58,0x83,0x73,0x83,0x6C,0x83,0x62,0x83,0x67,0x83,0x56,0x81,0x5B,0x83,0x67)] = 3678
xi.synth_result_names_cp932[string.char(0x83,0x58,0x83,0x73,0x83,0x6C,0x83,0x8B,0x83,0x73,0x83,0x41,0x83,0x58)] = 13354
xi.synth_result_names_cp932[string.char(0x83,0x58,0x83,0x73,0x83,0x6C,0x83,0x8B,0x83,0x8A,0x83,0x93,0x83,0x4F)] = 13451
xi.synth_result_names_cp932[string.char(0x83,0x58,0x83,0x73,0x83,0x8A,0x83,0x62,0x83,0x67,0x83,0x5C,0x81,0x5B,0x83,0x68)] = 16613
xi.synth_result_names_cp932[string.char(0x83,0x58,0x83,0x73,0x83,0x8A,0x83,0x62,0x83,0x67,0x83,0x82,0x81,0x5B,0x83,0x8B)] = 18853
xi.synth_result_names_cp932[string.char(0x83,0x58,0x83,0x73,0x81,0x5B,0x83,0x68,0x83,0x41,0x83,0x62,0x83,0x76,0x83,0x8B)] = 2389
xi.synth_result_names_cp932[string.char(0x83,0x58,0x83,0x74,0x83,0x46,0x81,0x5B,0x83,0x93,0x83,0x73,0x83,0x41,0x83,0x58)] = 13342
xi.synth_result_names_cp932[string.char(0x83,0x58,0x83,0x74,0x83,0x46,0x81,0x5B,0x83,0x93,0x83,0x8A,0x83,0x93,0x83,0x4F)] = 13481
xi.synth_result_names_cp932[string.char(0x83,0x58,0x83,0x79,0x83,0x93,0x83,0x58)] = 353
xi.synth_result_names_cp932[string.char(0x83,0x58,0x83,0x7C,0x83,0x8A,0x83,0x41,0x83,0x4A,0x83,0x74,0x83,0x58)] = 10548
xi.synth_result_names_cp932[string.char(0x83,0x58,0x83,0x7C,0x83,0x8A,0x83,0x41,0x83,0x54,0x83,0x43,0x83,0x49)] = 10498
xi.synth_result_names_cp932[string.char(0x83,0x58,0x83,0x7C,0x83,0x8A,0x83,0x41,0x83,0x56,0x83,0x83,0x83,0x7C,0x81,0x5B)] = 10414
xi.synth_result_names_cp932[string.char(0x83,0x58,0x83,0x7C,0x83,0x8A,0x83,0x41,0x83,0x67,0x83,0x8B,0x81,0x5B,0x83,0x59)] = 10579
xi.synth_result_names_cp932[string.char(0x83,0x58,0x83,0x7C,0x83,0x8A,0x83,0x41,0x83,0x73,0x83,0x4B,0x83,0x62,0x83,0x56,0x83,0x85)] = 10645
xi.synth_result_names_cp932[string.char(0x83,0x58,0x83,0x7D,0x83,0x43,0x83,0x67,0x83,0x54,0x83,0x43,0x83,0x59)] = 18957
xi.synth_result_names_cp932[string.char(0x83,0x58,0x83,0x7D,0x83,0x62,0x83,0x56,0x83,0x85,0x83,0x5A,0x83,0x58,0x83,0x5E,0x83,0x58)] = 18747
xi.synth_result_names_cp932[string.char(0x83,0x58,0x83,0x7E,0x83,0x8D,0x83,0x68,0x83,0x93,0x82,0xCC,0x8A,0x76)] = 2529
xi.synth_result_names_cp932[string.char(0x83,0x58,0x83,0x7E,0x83,0x8D,0x83,0x68,0x83,0x93,0x83,0x7D,0x83,0x93,0x83,0x67)] = 16231
xi.synth_result_names_cp932[string.char(0x83,0x58,0x83,0x7E,0x83,0x8D,0x83,0x68,0x83,0x93,0x83,0x8A,0x83,0x93,0x83,0x4F)] = 15836
xi.synth_result_names_cp932[string.char(0x83,0x58,0x83,0x82,0x81,0x5B,0x83,0x4E,0x83,0x68,0x83,0x54,0x81,0x5B,0x83,0x82,0x83,0x93)] = 4380
xi.synth_result_names_cp932[string.char(0x83,0x58,0x83,0x8A,0x83,0x75,0x83,0x8B)] = 145
xi.synth_result_names_cp932[string.char(0x83,0x58,0x83,0x8A,0x83,0x76,0x83,0x8B,0x83,0x41,0x83,0x8D,0x81,0x5B)] = 18158
xi.synth_result_names_cp932[string.char(0x83,0x58,0x83,0x8A,0x83,0x76,0x83,0x8B,0x83,0x7B,0x83,0x8B,0x83,0x67)] = 18149
xi.synth_result_names_cp932[string.char(0x83,0x58,0x83,0x8B,0x83,0x5E,0x83,0x93,0x83,0x78,0x83,0x8B,0x83,0x67)] = 15867
xi.synth_result_names_cp932[string.char(0x83,0x58,0x83,0x8D,0x83,0x62,0x83,0x76,0x83,0x58)] = 12856
xi.synth_result_names_cp932[string.char(0x83,0x58,0x81,0x5B,0x83,0x70,0x81,0x5B,0x83,0x47,0x81,0x5B,0x83,0x65,0x83,0x8B)] = 4136
xi.synth_result_names_cp932[string.char(0x83,0x59,0x83,0x7B,0x83,0x93)] = 12864
xi.synth_result_names_cp932[string.char(0x83,0x5A,0x83,0x43,0x83,0x8C,0x81,0x5B,0x83,0x93,0x83,0x7D,0x83,0x4E,0x83,0x89,0x83,0x81)] = 1409
xi.synth_result_names_cp932[string.char(0x83,0x5A,0x83,0x43,0x83,0x93,0x83,0x67,0x83,0x8A,0x83,0x93,0x83,0x4F)] = 13282
xi.synth_result_names_cp932[string.char(0x83,0x5A,0x83,0x58,0x83,0x5E,0x83,0x58)] = 16385
xi.synth_result_names_cp932[string.char(0x83,0x5A,0x83,0x76,0x83,0x5E,0x81,0x5B)] = 17064
xi.synth_result_names_cp932[string.char(0x83,0x5A,0x83,0x8B,0x83,0x72,0x83,0x69,0x83,0x6F,0x83,0x5E,0x81,0x5B)] = 615
xi.synth_result_names_cp932[string.char(0x83,0x5A,0x83,0x8B,0x83,0x74,0x83,0x7B,0x83,0x45)] = 17153
xi.synth_result_names_cp932[string.char(0x83,0x5A,0x83,0x8B,0x83,0x79,0x83,0x62,0x83,0x67)] = 18956
xi.synth_result_names_cp932[string.char(0x83,0x5A,0x83,0x8C,0x83,0x8A,0x83,0x65,0x83,0x42,0x81,0x5B,0x83,0x54,0x83,0x89,0x83,0x5F)] = 2207
xi.synth_result_names_cp932[string.char(0x83,0x5A,0x83,0x93,0x83,0x6F,0x83,0x4E,0x83,0x69,0x81,0x5B,0x83,0x4B,0x83,0x93)] = 20779
xi.synth_result_names_cp932[string.char(0x83,0x5A,0x83,0x93,0x83,0x8D,0x81,0x5B,0x95,0x97,0x8A,0x43,0x82,0xCC,0x8B,0xF8,0x8F,0xC4)] = 5982
xi.synth_result_names_cp932[string.char(0x83,0x5A,0x83,0x94,0x83,0x46,0x83,0x8B,0x83,0x58,0x83,0x4E,0x83,0x8D,0x81,0x5B)] = 18769
xi.synth_result_names_cp932[string.char(0x83,0x5B,0x83,0x89,0x83,0x60,0x83,0x93)] = 1111
xi.synth_result_names_cp932[string.char(0x83,0x5C,0x83,0x43,0x83,0x8B,0x83,0x8A,0x83,0x93,0x83,0x4F)] = 14634
xi.synth_result_names_cp932[string.char(0x83,0x5C,0x83,0x62,0x83,0x4E,0x83,0x58)] = 12978
xi.synth_result_names_cp932[string.char(0x83,0x5C,0x83,0x6A,0x83,0x62,0x83,0x4E,0x83,0x78,0x83,0x8B,0x83,0x67)] = 13249
xi.synth_result_names_cp932[string.char(0x83,0x5C,0x83,0x74,0x83,0x67,0x82,0xC8,0x83,0x75,0x83,0x4B,0x81,0x5B,0x83,0x68,0x8A,0x76)] = 1971
xi.synth_result_names_cp932[string.char(0x83,0x5C,0x83,0x8B,0x83,0x8C,0x83,0x62,0x83,0x67)] = 12938
xi.synth_result_names_cp932[string.char(0x83,0x5C,0x83,0x8C,0x83,0x41)] = 12992
xi.synth_result_names_cp932[string.char(0x83,0x5C,0x81,0x5B,0x83,0x54,0x83,0x89,0x83,0x58,0x83,0x67,0x81,0x5B,0x83,0x8B)] = 25435
xi.synth_result_names_cp932[string.char(0x83,0x5C,0x81,0x5B,0x83,0x5A,0x81,0x5B,0x83,0x57)] = 4578
xi.synth_result_names_cp932[string.char(0x83,0x5C,0x81,0x5B,0x83,0x5A,0x81,0x5B,0x83,0x57,0x83,0x8D,0x81,0x5B,0x83,0x8B)] = 4396
xi.synth_result_names_cp932[string.char(0x83,0x5C,0x81,0x5B,0x83,0x68,0x83,0x74,0x83,0x46,0x81,0x5B,0x83,0x65,0x83,0x8B)] = 28446
xi.synth_result_names_cp932[string.char(0x83,0x5C,0x81,0x5B,0x83,0x68,0x83,0x78,0x83,0x8B,0x83,0x67)] = 13198
xi.synth_result_names_cp932[string.char(0x83,0x5C,0x81,0x5B,0x83,0x8B,0x83,0x58,0x83,0x56)] = 5149
xi.synth_result_names_cp932[string.char(0x83,0x5E,0x83,0x43,0x83,0x4B,0x81,0x5B,0x83,0x41,0x83,0x43,0x83,0x8A,0x83,0x93,0x83,0x4F)] = 15801
xi.synth_result_names_cp932[string.char(0x83,0x5E,0x83,0x43,0x83,0x4B,0x81,0x5B,0x83,0x4F,0x83,0x8D,0x81,0x5B,0x83,0x75)] = 12702
xi.synth_result_names_cp932[string.char(0x83,0x5E,0x83,0x43,0x83,0x4B,0x81,0x5B,0x83,0x57,0x83,0x83,0x81,0x5B,0x83,0x4C,0x83,0x93)] = 12574
xi.synth_result_names_cp932[string.char(0x83,0x5E,0x83,0x43,0x83,0x4B,0x81,0x5B,0x83,0x67,0x83,0x89,0x83,0x45,0x83,0x55)] = 12830
xi.synth_result_names_cp932[string.char(0x83,0x5E,0x83,0x43,0x83,0x4B,0x81,0x5B,0x83,0x74,0x83,0x40,0x83,0x93,0x83,0x4F)] = 16422
xi.synth_result_names_cp932[string.char(0x83,0x5E,0x83,0x43,0x83,0x4B,0x81,0x5B,0x83,0x77,0x83,0x8B,0x83,0x80)] = 12446
xi.synth_result_names_cp932[string.char(0x83,0x5E,0x83,0x43,0x83,0x4B,0x81,0x5B,0x83,0x7D,0x83,0x58,0x83,0x4E)] = 13918
xi.synth_result_names_cp932[string.char(0x83,0x5E,0x83,0x43,0x83,0x4B,0x81,0x5B,0x83,0x7D,0x83,0x93,0x83,0x67)] = 13589
xi.synth_result_names_cp932[string.char(0x83,0x5E,0x83,0x43,0x83,0x4B,0x81,0x5B,0x83,0x8C,0x83,0x66,0x83,0x8B,0x83,0x5A,0x83,0x93)] = 12958
xi.synth_result_names_cp932[string.char(0x83,0x5E,0x83,0x43,0x83,0x8D,0x83,0x4A,0x83,0x5E,0x81,0x5B,0x83,0x8B)] = 18766
xi.synth_result_names_cp932[string.char(0x83,0x5E,0x83,0x58,0x83,0x89,0x83,0x80)] = 17298
xi.synth_result_names_cp932[string.char(0x83,0x5E,0x83,0x62,0x83,0x4E)] = 16513
xi.synth_result_names_cp932[string.char(0x83,0x5E,0x83,0x65,0x83,0x42,0x83,0x43,0x83,0x84,0x83,0x8A,0x83,0x93,0x83,0x4F)] = 28526
xi.synth_result_names_cp932[string.char(0x83,0x5E,0x83,0x6F,0x83,0x8B,0x83,0x57,0x83,0x93)] = 16659
xi.synth_result_names_cp932[string.char(0x83,0x5E,0x83,0x6F,0x81,0x5B,0x83,0x8B)] = 16657
xi.synth_result_names_cp932[string.char(0x83,0x5E,0x83,0x6F,0x81,0x5B,0x83,0x93,0x83,0x78,0x83,0x93,0x83,0x60)] = 423
xi.synth_result_names_cp932[string.char(0x83,0x5E,0x83,0x72,0x83,0x93,0x83,0x57,0x83,0x85,0x83,0x7C,0x83,0x93)] = 14571
xi.synth_result_names_cp932[string.char(0x83,0x5E,0x83,0x72,0x83,0x93,0x83,0x75,0x83,0x8C,0x81,0x5B,0x83,0x54,0x81,0x5B)] = 14993
xi.synth_result_names_cp932[string.char(0x83,0x5E,0x83,0x72,0x83,0x93,0x83,0x75,0x81,0x5B,0x83,0x63)] = 15738
xi.synth_result_names_cp932[string.char(0x83,0x5E,0x83,0x72,0x83,0x93,0x83,0x78,0x83,0x8C,0x81,0x5B)] = 16111
xi.synth_result_names_cp932[string.char(0x83,0x5E,0x83,0x72,0x83,0x93,0x83,0x7A,0x81,0x5B,0x83,0x59)] = 15653
xi.synth_result_names_cp932[string.char(0x83,0x5E,0x83,0x74,0x82,0xC8,0x83,0x75,0x83,0x4B,0x81,0x5B,0x83,0x68,0x8A,0x76)] = 1970
xi.synth_result_names_cp932[string.char(0x83,0x5E,0x83,0x74,0x83,0x5E,0x83,0x50,0x81,0x5B,0x83,0x76)] = 13649
xi.synth_result_names_cp932[string.char(0x83,0x5E,0x83,0x74,0x83,0x78,0x83,0x8B,0x83,0x67)] = 15864
xi.synth_result_names_cp932[string.char(0x83,0x5E,0x83,0x75,0x83,0x69,0x83,0x57,0x83,0x41,0x95,0x97,0x83,0x54,0x83,0x89,0x83,0x5F)] = 4279
xi.synth_result_names_cp932[string.char(0x83,0x5E,0x83,0x75,0x83,0x69,0x83,0x57,0x83,0x41,0x95,0x97,0x83,0x5E,0x83,0x52,0x83,0x58)] = 5174
xi.synth_result_names_cp932[string.char(0x83,0x5E,0x83,0x89,0x83,0x58,0x83,0x4E,0x83,0x7E,0x83,0x67,0x83,0x93)] = 14067
xi.synth_result_names_cp932[string.char(0x83,0x5E,0x83,0x89,0x90,0xD8,0x82,0xE8,0x90,0x67)] = 17393
xi.synth_result_names_cp932[string.char(0x83,0x5E,0x83,0x8A,0x83,0x4A,0x81,0x5B)] = 16162
xi.synth_result_names_cp932[string.char(0x83,0x5E,0x83,0x8A,0x83,0x58,0x83,0x7D,0x83,0x93,0x83,0x50,0x81,0x5B,0x83,0x76)] = 15485
xi.synth_result_names_cp932[string.char(0x83,0x5E,0x83,0x8B,0x83,0x5E,0x83,0x8B,0x83,0x54,0x83,0x62,0x83,0x56,0x83,0x85)] = 13212
xi.synth_result_names_cp932[string.char(0x83,0x5E,0x83,0x8B,0x83,0x5E,0x83,0x8B,0x83,0x58,0x83,0x63,0x81,0x5B,0x83,0x8B)] = 92
xi.synth_result_names_cp932[string.char(0x83,0x5E,0x83,0x8B,0x83,0x5E,0x83,0x8B,0x83,0x66,0x83,0x58,0x83,0x4E)] = 26
xi.synth_result_names_cp932[string.char(0x83,0x5E,0x83,0x8B,0x83,0x5E,0x83,0x8B,0x83,0x66,0x83,0x58,0x83,0x4E,0x82,0x61)] = 394
xi.synth_result_names_cp932[string.char(0x83,0x5E,0x83,0x8B,0x83,0x5E,0x83,0x8B,0x83,0x66,0x83,0x58,0x83,0x4E,0x82,0x66)] = 395
xi.synth_result_names_cp932[string.char(0x83,0x5E,0x83,0x8B,0x83,0x5E,0x83,0x8B,0x83,0x66,0x83,0x58,0x83,0x4E,0x82,0x76)] = 397
xi.synth_result_names_cp932[string.char(0x83,0x5E,0x83,0x8B,0x83,0x5E,0x83,0x8B,0x83,0x66,0x83,0x58,0x83,0x4E,0x82,0x78)] = 396
xi.synth_result_names_cp932[string.char(0x83,0x5E,0x83,0x8B,0x83,0x5E,0x83,0x8B,0x9B,0xA0,0x95,0x97)] = 104
xi.synth_result_names_cp932[string.char(0x83,0x5E,0x83,0x8B,0x83,0x5E,0x83,0x8B,0x9B,0xA0,0x95,0x97,0x82,0x61)] = 406
xi.synth_result_names_cp932[string.char(0x83,0x5E,0x83,0x8B,0x83,0x5E,0x83,0x8B,0x9B,0xA0,0x95,0x97,0x82,0x66)] = 407
xi.synth_result_names_cp932[string.char(0x83,0x5E,0x83,0x8B,0x83,0x5E,0x83,0x8B,0x9B,0xA0,0x95,0x97,0x82,0x76)] = 409
xi.synth_result_names_cp932[string.char(0x83,0x5E,0x83,0x8B,0x83,0x5E,0x83,0x8B,0x9B,0xA0,0x95,0x97,0x82,0x78)] = 408
xi.synth_result_names_cp932[string.char(0x83,0x5E,0x83,0x8B,0x83,0x5E,0x83,0x8B,0x8E,0xAE,0x92,0xDE,0x8A,0xC6)] = 17387
xi.synth_result_names_cp932[string.char(0x83,0x5E,0x83,0x8B,0x83,0x8F,0x81,0x5B,0x83,0x8B)] = 16553
xi.synth_result_names_cp932[string.char(0x83,0x5E,0x83,0x8F,0x81,0x5B,0x83,0x56,0x81,0x5B,0x83,0x8B,0x83,0x68)] = 12324
xi.synth_result_names_cp932[string.char(0x83,0x5E,0x81,0x5B,0x83,0x52,0x83,0x43,0x83,0x59,0x83,0x73,0x83,0x41,0x83,0x58)] = 13341
xi.synth_result_names_cp932[string.char(0x83,0x5E,0x81,0x5B,0x83,0x52,0x83,0x43,0x83,0x59,0x83,0x8A,0x83,0x93,0x83,0x4F)] = 13480
xi.synth_result_names_cp932[string.char(0x83,0x5E,0x81,0x5B,0x83,0x57,0x83,0x46)] = 12300
xi.synth_result_names_cp932[string.char(0x83,0x5E,0x81,0x5B,0x83,0x67,0x83,0x8B,0x83,0x56,0x81,0x5B,0x83,0x8B,0x83,0x68)] = 12414
xi.synth_result_names_cp932[string.char(0x83,0x5E,0x81,0x5B,0x83,0x67,0x83,0x8B,0x83,0x6F,0x83,0x93,0x83,0x4F,0x83,0x8B)] = 13981
xi.synth_result_names_cp932[string.char(0x83,0x5E,0x81,0x5B,0x83,0x67,0x83,0x8B,0x83,0x73,0x83,0x41,0x83,0x58)] = 13324
xi.synth_result_names_cp932[string.char(0x83,0x5F,0x83,0x43,0x83,0x41,0x83,0x56,0x81,0x5B,0x83,0x8B,0x83,0x68)] = 12310
xi.synth_result_names_cp932[string.char(0x83,0x5F,0x83,0x43,0x83,0x41,0x83,0x69,0x83,0x62,0x83,0x4E,0x83,0x8B)] = 16395
xi.synth_result_names_cp932[string.char(0x83,0x5F,0x83,0x43,0x83,0x41,0x83,0x82,0x83,0x93,0x83,0x68,0x83,0x73,0x83,0x41,0x83,0x58)] = 13353
xi.synth_result_names_cp932[string.char(0x83,0x5F,0x83,0x43,0x83,0x41,0x83,0x8A,0x83,0x93,0x83,0x4F)] = 13450
xi.synth_result_names_cp932[string.char(0x83,0x5F,0x83,0x43,0x83,0x69,0x83,0x7E,0x83,0x4E,0x83,0x78,0x83,0x8B,0x83,0x67)] = 28466
xi.synth_result_names_cp932[string.char(0x83,0x5F,0x83,0x4B,0x81,0x5B)] = 16450
xi.synth_result_names_cp932[string.char(0x83,0x5F,0x83,0x58,0x83,0x4E,0x83,0x4F,0x83,0x8D,0x81,0x5B,0x83,0x75)] = 12701
xi.synth_result_names_cp932[string.char(0x83,0x5F,0x83,0x58,0x83,0x4E,0x83,0x57,0x83,0x83,0x81,0x5B,0x83,0x4C,0x83,0x93)] = 12573
xi.synth_result_names_cp932[string.char(0x83,0x5F,0x83,0x58,0x83,0x4E,0x83,0x67,0x83,0x89,0x83,0x45,0x83,0x55)] = 12879
xi.synth_result_names_cp932[string.char(0x83,0x5F,0x83,0x58,0x83,0x4E,0x83,0x7D,0x83,0x58,0x83,0x4E)] = 12445
xi.synth_result_names_cp932[string.char(0x83,0x5F,0x83,0x58,0x83,0x4E,0x83,0x8C,0x83,0x66,0x83,0x8B,0x83,0x5A,0x83,0x93)] = 12957
xi.synth_result_names_cp932[string.char(0x83,0x5F,0x83,0x62,0x83,0x56,0x83,0x93,0x83,0x4F,0x83,0x54,0x83,0x75,0x83,0x8A,0x83,0x4B)] = 25849
xi.synth_result_names_cp932[string.char(0x83,0x5F,0x83,0x75,0x83,0x8C,0x83,0x62,0x83,0x67)] = 12592
xi.synth_result_names_cp932[string.char(0x83,0x5F,0x83,0x7D,0x83,0x58,0x83,0x4E,0x82,0xCC,0xE8,0x56)] = 3947
xi.synth_result_names_cp932[string.char(0x83,0x5F,0x83,0x7D,0x83,0x58,0x83,0x4E,0x83,0x43,0x83,0x93,0x83,0x53,0x83,0x62,0x83,0x67)] = 658
xi.synth_result_names_cp932[string.char(0x83,0x5F,0x83,0x81,0x81,0x5B,0x83,0x57,0x83,0x51,0x81,0x5B,0x83,0x57)] = 2264
xi.synth_result_names_cp932[string.char(0x83,0x5F,0x83,0x8A,0x83,0x45,0x83,0x80,0x82,0xCC,0x8D,0xBD)] = 759
xi.synth_result_names_cp932[string.char(0x83,0x5F,0x83,0x8A,0x83,0x45,0x83,0x80,0x83,0x43,0x83,0x93,0x83,0x53,0x83,0x62,0x83,0x67)] = 757
xi.synth_result_names_cp932[string.char(0x83,0x5F,0x83,0x8A,0x83,0x45,0x83,0x80,0x94,0xC2)] = 758
xi.synth_result_names_cp932[string.char(0x83,0x5F,0x83,0x8B,0x83,0x81,0x83,0x8B,0x82,0xCC,0x82,0xC8,0x82,0xDF,0x82,0xB5,0x8A,0x76)] = 848
xi.synth_result_names_cp932[string.char(0x83,0x5F,0x83,0x8B,0x83,0x81,0x83,0x8B,0x83,0x56,0x83,0x60,0x83,0x85,0x81,0x5B)] = 4433
xi.synth_result_names_cp932[string.char(0x83,0x5F,0x83,0x8B,0x83,0x81,0x83,0x8B,0x83,0x58,0x83,0x65,0x81,0x5B,0x83,0x4C)] = 4438
xi.synth_result_names_cp932[string.char(0x83,0x5F,0x83,0x8B,0x83,0x81,0x83,0x8B,0x83,0x70,0x83,0x43)] = 4411
xi.synth_result_names_cp932[string.char(0x83,0x5F,0x83,0x8B,0x83,0x81,0x83,0x8B,0x83,0x77,0x83,0x41)] = 2539
xi.synth_result_names_cp932[string.char(0x83,0x5F,0x83,0x8B,0x83,0x81,0x83,0x8B,0x83,0x7D,0x83,0x93,0x83,0x67)] = 13588
xi.synth_result_names_cp932[string.char(0x83,0x5F,0x83,0x93,0x83,0x56,0x83,0x93,0x83,0x4F,0x83,0x58,0x81,0x5B,0x83,0x76)] = 5930
xi.synth_result_names_cp932[string.char(0x83,0x5F,0x83,0x93,0x83,0x58,0x83,0x56,0x83,0x85,0x81,0x5B,0x83,0x59)] = 14196
xi.synth_result_names_cp932[string.char(0x83,0x5F,0x81,0x5B,0x83,0x4E,0x82,0xCC,0x8F,0xAC,0x8E,0x44)] = 1773
xi.synth_result_names_cp932[string.char(0x83,0x5F,0x81,0x5B,0x83,0x4E,0x82,0xCC,0x8D,0xBD)] = 682
xi.synth_result_names_cp932[string.char(0x83,0x5F,0x81,0x5B,0x83,0x4E,0x83,0x41,0x83,0x4E,0x83,0x58)] = 16645
xi.synth_result_names_cp932[string.char(0x83,0x5F,0x81,0x5B,0x83,0x4E,0x83,0x41,0x83,0x5F,0x83,0x7D,0x83,0x93)] = 2000
xi.synth_result_names_cp932[string.char(0x83,0x5F,0x81,0x5B,0x83,0x4E,0x83,0x41,0x83,0x5F,0x83,0x7D,0x83,0x93,0x94,0xC2)] = 2001
xi.synth_result_names_cp932[string.char(0x83,0x5F,0x81,0x5B,0x83,0x4E,0x83,0x41,0x83,0x80,0x81,0x5B,0x83,0x68)] = 18489
xi.synth_result_names_cp932[string.char(0x83,0x5F,0x81,0x5B,0x83,0x4E,0x83,0x41,0x81,0x5B,0x83,0x81,0x83,0x62,0x83,0x67)] = 12419
xi.synth_result_names_cp932[string.char(0x83,0x5F,0x81,0x5B,0x83,0x4E,0x83,0x43,0x83,0x93,0x83,0x53,0x83,0x62,0x83,0x67)] = 654
xi.synth_result_names_cp932[string.char(0x83,0x5F,0x81,0x5B,0x83,0x4E,0x83,0x4A,0x83,0x5E,0x81,0x5B,0x83,0x8B)] = 16400
xi.synth_result_names_cp932[string.char(0x83,0x5F,0x81,0x5B,0x83,0x4E,0x83,0x4A,0x81,0x5B,0x83,0x68)] = 2183
xi.synth_result_names_cp932[string.char(0x83,0x5F,0x81,0x5B,0x83,0x4E,0x83,0x4B,0x83,0x93,0x83,0x67,0x83,0x8C)] = 12675
xi.synth_result_names_cp932[string.char(0x83,0x5F,0x81,0x5B,0x83,0x4E,0x83,0x4C,0x83,0x83,0x83,0x62,0x83,0x76)] = 12452
xi.synth_result_names_cp932[string.char(0x83,0x5F,0x81,0x5B,0x83,0x4E,0x83,0x4C,0x83,0x85,0x83,0x43,0x83,0x89,0x83,0x58)] = 12547
xi.synth_result_names_cp932[string.char(0x83,0x5F,0x81,0x5B,0x83,0x4E,0x83,0x4C,0x83,0x8A,0x83,0x57)] = 17724
xi.synth_result_names_cp932[string.char(0x83,0x5F,0x81,0x5B,0x83,0x4E,0x83,0x4E,0x83,0x45,0x83,0x42,0x83,0x58)] = 12803
xi.synth_result_names_cp932[string.char(0x83,0x5F,0x81,0x5B,0x83,0x4E,0x83,0x4E,0x83,0x4E,0x83,0x8A)] = 16476
xi.synth_result_names_cp932[string.char(0x83,0x5F,0x81,0x5B,0x83,0x4E,0x83,0x4E,0x83,0x8A,0x83,0x58)] = 16759
xi.synth_result_names_cp932[string.char(0x83,0x5F,0x81,0x5B,0x83,0x4E,0x83,0x4E,0x83,0x8C,0x83,0x43,0x83,0x82,0x83,0x41)] = 16585
xi.synth_result_names_cp932[string.char(0x83,0x5F,0x81,0x5B,0x83,0x4E,0x83,0x4E,0x83,0x8D,0x81,0x5B)] = 16413
xi.synth_result_names_cp932[string.char(0x83,0x5F,0x81,0x5B,0x83,0x4E,0x83,0x53,0x83,0x8B,0x83,0x51,0x83,0x62,0x83,0x67)] = 13079
xi.synth_result_names_cp932[string.char(0x83,0x5F,0x81,0x5B,0x83,0x4E,0x83,0x54,0x83,0x43,0x83,0x59)] = 16789
xi.synth_result_names_cp932[string.char(0x83,0x5F,0x81,0x5B,0x83,0x4E,0x83,0x54,0x83,0x43,0x83,0x93,0x83,0x65,0x83,0x42)] = 18743
xi.synth_result_names_cp932[string.char(0x83,0x5F,0x81,0x5B,0x83,0x4E,0x83,0x54,0x83,0x6F,0x83,0x67,0x83,0x93)] = 12931
xi.synth_result_names_cp932[string.char(0x83,0x5F,0x81,0x5B,0x83,0x4E,0x83,0x54,0x83,0x75,0x83,0x8A,0x83,0x4B)] = 12839
xi.synth_result_names_cp932[string.char(0x83,0x5F,0x81,0x5B,0x83,0x4E,0x83,0x56,0x81,0x5B,0x83,0x8B,0x83,0x68)] = 12308
xi.synth_result_names_cp932[string.char(0x83,0x5F,0x81,0x5B,0x83,0x4E,0x83,0x57,0x83,0x83,0x83,0x93,0x83,0x72,0x83,0x41)] = 19103
xi.synth_result_names_cp932[string.char(0x83,0x5F,0x81,0x5B,0x83,0x4E,0x83,0x58,0x83,0x5E,0x83,0x62,0x83,0x74)] = 17559
xi.synth_result_names_cp932[string.char(0x83,0x5F,0x81,0x5B,0x83,0x4E,0x83,0x5C,0x83,0x8B,0x83,0x8C,0x83,0x62,0x83,0x67)] = 12939
xi.synth_result_names_cp932[string.char(0x83,0x5F,0x81,0x5B,0x83,0x4E,0x83,0x5C,0x81,0x5B,0x83,0x68)] = 16538
xi.synth_result_names_cp932[string.char(0x83,0x5F,0x81,0x5B,0x83,0x4E,0x83,0x5E,0x83,0x6F,0x81,0x5B,0x83,0x8B)] = 16658
xi.synth_result_names_cp932[string.char(0x83,0x5F,0x81,0x5B,0x83,0x4E,0x83,0x69,0x83,0x43,0x83,0x74)] = 16468
xi.synth_result_names_cp932[string.char(0x83,0x5F,0x81,0x5B,0x83,0x4E,0x83,0x69,0x83,0x62,0x83,0x4E,0x83,0x8B)] = 16394
xi.synth_result_names_cp932[string.char(0x83,0x5F,0x81,0x5B,0x83,0x4E,0x83,0x6E,0x81,0x5B,0x83,0x6C,0x83,0x58)] = 12580
xi.synth_result_names_cp932[string.char(0x83,0x5F,0x81,0x5B,0x83,0x4E,0x83,0x6F,0x83,0x5B,0x83,0x89,0x81,0x5B,0x83,0x68)] = 16457
xi.synth_result_names_cp932[string.char(0x83,0x5F,0x81,0x5B,0x83,0x4E,0x83,0x6F,0x83,0x62,0x83,0x4E,0x83,0x89,0x81,0x5B)] = 12302
xi.synth_result_names_cp932[string.char(0x83,0x5F,0x81,0x5B,0x83,0x4E,0x83,0x73,0x83,0x62,0x83,0x4E)] = 16652
xi.synth_result_names_cp932[string.char(0x83,0x5F,0x81,0x5B,0x83,0x4E,0x83,0x74,0x83,0x40,0x83,0x8B,0x83,0x4E,0x83,0x58)] = 18382
xi.synth_result_names_cp932[string.char(0x83,0x5F,0x81,0x5B,0x83,0x4E,0x83,0x74,0x83,0x40,0x83,0x8B,0x83,0x56,0x83,0x49,0x83,0x93)] = 16559
xi.synth_result_names_cp932[string.char(0x83,0x5F,0x81,0x5B,0x83,0x4E,0x83,0x75,0x83,0x8A,0x81,0x5B,0x83,0x60,0x83,0x59)] = 12811
xi.synth_result_names_cp932[string.char(0x83,0x5F,0x81,0x5B,0x83,0x4E,0x83,0x75,0x83,0x8D,0x83,0x93,0x83,0x59)] = 1989
xi.synth_result_names_cp932[string.char(0x83,0x5F,0x81,0x5B,0x83,0x4E,0x83,0x75,0x83,0x8D,0x83,0x93,0x83,0x59,0x94,0xC2)] = 1990
xi.synth_result_names_cp932[string.char(0x83,0x5F,0x81,0x5B,0x83,0x4E,0x83,0x77,0x83,0x4C,0x83,0x54,0x83,0x4B,0x83,0x93)] = 18704
xi.synth_result_names_cp932[string.char(0x83,0x5F,0x81,0x5B,0x83,0x4E,0x83,0x7B,0x83,0x8B,0x83,0x67)] = 17338
xi.synth_result_names_cp932[string.char(0x83,0x5F,0x81,0x5B,0x83,0x4E,0x83,0x7B,0x83,0x8B,0x83,0x67,0x82,0xCC,0xE8,0x56)] = 1213
xi.synth_result_names_cp932[string.char(0x83,0x5F,0x81,0x5B,0x83,0x4E,0x83,0x7D,0x83,0x74,0x83,0x89)] = 12683
xi.synth_result_names_cp932[string.char(0x83,0x5F,0x81,0x5B,0x83,0x4E,0x83,0x7E,0x83,0x67,0x83,0x93)] = 12708
xi.synth_result_names_cp932[string.char(0x83,0x5F,0x81,0x5B,0x83,0x4E,0x83,0x81,0x83,0x43,0x83,0x58)] = 17037
xi.synth_result_names_cp932[string.char(0x83,0x5F,0x81,0x5B,0x83,0x4E,0x83,0x81,0x83,0x55,0x83,0x89,0x83,0x4E)] = 18118
xi.synth_result_names_cp932[string.char(0x83,0x5F,0x81,0x5B,0x83,0x4E,0x83,0x82,0x81,0x5B,0x83,0x8B)] = 17046
xi.synth_result_names_cp932[string.char(0x83,0x5F,0x81,0x5B,0x83,0x4E,0x83,0x89,0x83,0x93,0x83,0x58)] = 16848
xi.synth_result_names_cp932[string.char(0x83,0x5F,0x81,0x5B,0x83,0x4E,0x83,0x89,0x83,0x93,0x83,0x76)] = 214
xi.synth_result_names_cp932[string.char(0x83,0x5F,0x81,0x5B,0x83,0x4E,0x83,0x8A,0x83,0x93,0x83,0x4F)] = 14644
xi.synth_result_names_cp932[string.char(0x83,0x5F,0x81,0x5B,0x83,0x4E,0x83,0x8C,0x83,0x4D,0x83,0x93,0x83,0x58)] = 12964
xi.synth_result_names_cp932[string.char(0x83,0x5F,0x81,0x5B,0x83,0x4E,0x83,0x8D,0x83,0x62,0x83,0x68)] = 17063
xi.synth_result_names_cp932[string.char(0x83,0x5F,0x81,0x5B,0x83,0x4E,0x83,0x94,0x83,0x48,0x83,0x45,0x83,0x57,0x83,0x46)] = 18226
xi.synth_result_names_cp932[string.char(0x83,0x5F,0x81,0x5B,0x83,0x4E,0x94,0xC2)] = 664
xi.synth_result_names_cp932[string.char(0x83,0x5F,0x81,0x5B,0x83,0x67)] = 17307
xi.synth_result_names_cp932[string.char(0x83,0x60,0x83,0x46,0x83,0x58,0x83,0x67)] = 51
xi.synth_result_names_cp932[string.char(0x83,0x60,0x83,0x46,0x83,0x58,0x83,0x69,0x83,0x62,0x83,0x67,0x83,0x4E,0x83,0x89,0x83,0x75)] = 17025
xi.synth_result_names_cp932[string.char(0x83,0x60,0x83,0x46,0x83,0x58,0x83,0x69,0x83,0x62,0x83,0x67,0x83,0x54,0x83,0x7B)] = 12986
xi.synth_result_names_cp932[string.char(0x83,0x60,0x83,0x46,0x83,0x58,0x83,0x69,0x83,0x62,0x83,0x67,0x83,0x8F,0x83,0x93,0x83,0x68)] = 17052
xi.synth_result_names_cp932[string.char(0x83,0x60,0x83,0x46,0x83,0x58,0x83,0x69,0x83,0x62,0x83,0x67,0x8D,0xDE)] = 710
xi.synth_result_names_cp932[string.char(0x83,0x60,0x83,0x46,0x83,0x72,0x83,0x49,0x83,0x62,0x83,0x67,0x83,0x50,0x81,0x5B,0x83,0x76)] = 13651
xi.synth_result_names_cp932[string.char(0x83,0x60,0x83,0x46,0x83,0x89,0x81,0x5B,0x83,0x5E)] = 12428
xi.synth_result_names_cp932[string.char(0x83,0x60,0x83,0x46,0x83,0x8A,0x81,0x5B,0x83,0x6F,0x83,0x6F,0x83,0x8D,0x83,0x41)] = 5745
xi.synth_result_names_cp932[string.char(0x83,0x60,0x83,0x46,0x83,0x8A,0x81,0x5B,0x83,0x7D,0x83,0x4A,0x83,0x8D,0x83,0x93)] = 5779
xi.synth_result_names_cp932[string.char(0x83,0x60,0x83,0x46,0x83,0x8A,0x81,0x5B,0x83,0x7D,0x83,0x74,0x83,0x42,0x83,0x93)] = 5653
xi.synth_result_names_cp932[string.char(0x83,0x60,0x83,0x46,0x81,0x5B,0x83,0x93,0x83,0x53,0x83,0x8B,0x83,0x51,0x83,0x62,0x83,0x67)] = 13082
xi.synth_result_names_cp932[string.char(0x83,0x60,0x83,0x46,0x81,0x5B,0x83,0x93,0x83,0x60,0x83,0x87,0x81,0x5B,0x83,0x4A,0x81,0x5B)] = 13083
xi.synth_result_names_cp932[string.char(0x83,0x60,0x83,0x46,0x81,0x5B,0x83,0x93,0x83,0x78,0x83,0x8B,0x83,0x67)] = 13209
xi.synth_result_names_cp932[string.char(0x83,0x60,0x83,0x46,0x81,0x5B,0x83,0x93,0x83,0x7A,0x81,0x5B,0x83,0x59)] = 12808
xi.synth_result_names_cp932[string.char(0x83,0x60,0x83,0x46,0x81,0x5B,0x83,0x93,0x83,0x7E,0x83,0x67,0x83,0x93)] = 12680
xi.synth_result_names_cp932[string.char(0x83,0x60,0x83,0x46,0x81,0x5B,0x83,0x93,0x83,0x81,0x83,0x43,0x83,0x8B)] = 12552
xi.synth_result_names_cp932[string.char(0x83,0x60,0x83,0x5E,0x83,0x93,0x82,0xCC,0xE8,0x56)] = 3949
xi.synth_result_names_cp932[string.char(0x83,0x60,0x83,0x5E,0x83,0x93,0x83,0x43,0x83,0x93,0x83,0x53,0x83,0x62,0x83,0x67)] = 4021
xi.synth_result_names_cp932[string.char(0x83,0x60,0x83,0x5E,0x83,0x93,0x94,0xC2)] = 4022
xi.synth_result_names_cp932[string.char(0x83,0x60,0x83,0x83,0x83,0x43)] = 5570
xi.synth_result_names_cp932[string.char(0x83,0x60,0x83,0x83,0x83,0x4E,0x83,0x89,0x83,0x80)] = 17284
xi.synth_result_names_cp932[string.char(0x83,0x60,0x83,0x83,0x83,0x76,0x83,0x8A,0x82,0xCC,0x96,0xEE,0x90,0x4B)] = 3944
xi.synth_result_names_cp932[string.char(0x83,0x60,0x83,0x83,0x83,0x76,0x83,0x8A,0x82,0xCC,0x96,0xEE,0x89,0x48,0x8D,0xAA)] = 3943
xi.synth_result_names_cp932[string.char(0x83,0x60,0x83,0x85,0x83,0x6A,0x83,0x62,0x83,0x4E)] = 12608
xi.synth_result_names_cp932[string.char(0x83,0x60,0x83,0x85,0x83,0x8B,0x83,0x75,0x83,0x8B)] = 5642
xi.synth_result_names_cp932[string.char(0x83,0x60,0x83,0x87,0x83,0x52,0x83,0x47,0x83,0x8A,0x83,0x4E,0x83,0x54,0x81,0x5B)] = 2206
xi.synth_result_names_cp932[string.char(0x83,0x60,0x83,0x87,0x83,0x52,0x83,0x4E,0x83,0x8C,0x81,0x5B,0x83,0x76)] = 5775
xi.synth_result_names_cp932[string.char(0x83,0x60,0x83,0x87,0x83,0x52,0x83,0x67,0x83,0x6A,0x83,0x62,0x83,0x4E)] = 2197
xi.synth_result_names_cp932[string.char(0x83,0x60,0x83,0x87,0x83,0x52,0x83,0x68,0x83,0x8A,0x83,0x93,0x83,0x4E)] = 4498
xi.synth_result_names_cp932[string.char(0x83,0x60,0x83,0x87,0x83,0x52,0x83,0x7B,0x82,0xCC,0x96,0xEE,0x89,0x48,0x8D,0xAA)] = 1221
xi.synth_result_names_cp932[string.char(0x83,0x60,0x83,0x87,0x83,0x52,0x83,0x7B,0x83,0x4F,0x83,0x8D,0x81,0x5B,0x83,0x75)] = 14072
xi.synth_result_names_cp932[string.char(0x83,0x60,0x83,0x87,0x83,0x52,0x83,0x7B,0x83,0x57,0x83,0x83,0x83,0x62,0x83,0x4E)] = 13810
xi.synth_result_names_cp932[string.char(0x83,0x60,0x83,0x87,0x83,0x52,0x83,0x7B,0x83,0x6F,0x83,0x93,0x83,0x66,0x81,0x5B,0x83,0x57)] = 2398
xi.synth_result_names_cp932[string.char(0x83,0x60,0x83,0x87,0x83,0x52,0x83,0x7B,0x83,0x74,0x81,0x5B,0x83,0x68)] = 2401
xi.synth_result_names_cp932[string.char(0x83,0x60,0x83,0x87,0x83,0x52,0x83,0x7B,0x83,0x75,0x83,0x8A,0x83,0x93,0x83,0x4A,0x81,0x5B)] = 2399
xi.synth_result_names_cp932[string.char(0x83,0x60,0x83,0x87,0x83,0x52,0x83,0x7B,0x83,0x75,0x81,0x5B,0x83,0x63)] = 14173
xi.synth_result_names_cp932[string.char(0x83,0x60,0x83,0x87,0x83,0x52,0x83,0x7B,0x83,0x7A,0x81,0x5B,0x83,0x59)] = 14294
xi.synth_result_names_cp932[string.char(0x83,0x60,0x83,0x87,0x83,0x52,0x83,0x89,0x83,0x58,0x83,0x4E)] = 5783
xi.synth_result_names_cp932[string.char(0x83,0x60,0x83,0x87,0x83,0x52,0x83,0x8C,0x81,0x5B,0x83,0x67,0x83,0x50,0x81,0x5B,0x83,0x4C)] = 5633
xi.synth_result_names_cp932[string.char(0x83,0x60,0x81,0x5B,0x83,0x4E,0x8D,0xDE)] = 2533
xi.synth_result_names_cp932[string.char(0x83,0x60,0x81,0x5B,0x83,0x58,0x83,0x5E,0x83,0x62,0x83,0x74)] = 18611
xi.synth_result_names_cp932[string.char(0x83,0x60,0x81,0x5B,0x83,0x59,0x83,0x54,0x83,0x93,0x83,0x68)] = 5686
xi.synth_result_names_cp932[string.char(0x83,0x63,0x83,0x40,0x83,0x84,0x83,0x93,0x83,0x7D,0x83,0x58,0x83,0x4E)] = 200
xi.synth_result_names_cp932[string.char(0x83,0x63,0x83,0x40,0x81,0x5B,0x83,0x8A,0x83,0x78,0x83,0x8B,0x83,0x67)] = 15868
xi.synth_result_names_cp932[string.char(0x83,0x63,0x83,0x43,0x83,0x93,0x83,0x4E,0x83,0x8B,0x83,0x56,0x83,0x83,0x83,0x8F,0x81,0x5B)] = 4168
xi.synth_result_names_cp932[string.char(0x83,0x63,0x83,0x58,0x83,0x65,0x83,0x58,0x83,0x69,0x83,0x43,0x83,0x74)] = 20644
xi.synth_result_names_cp932[string.char(0x83,0x63,0x83,0x6F,0x83,0x43,0x83,0x6E,0x83,0x93,0x83,0x5F,0x81,0x5B)] = 16591
xi.synth_result_names_cp932[string.char(0x83,0x65,0x83,0x42,0x83,0x93,0x83,0x43,0x83,0x93,0x83,0x53,0x83,0x62,0x83,0x67)] = 659
xi.synth_result_names_cp932[string.char(0x83,0x65,0x83,0x42,0x83,0x93,0x83,0x75,0x83,0x8C,0x83,0x62,0x83,0x67)] = 19229
xi.synth_result_names_cp932[string.char(0x83,0x65,0x83,0x4C,0x83,0x58,0x83,0x5E,0x83,0x43,0x83,0x8B,0x83,0x5F,0x83,0x43,0x82,0x61)] = 2706
xi.synth_result_names_cp932[string.char(0x83,0x65,0x83,0x4C,0x83,0x58,0x83,0x5E,0x83,0x43,0x83,0x8B,0x83,0x5F,0x83,0x43,0x82,0x66)] = 2707
xi.synth_result_names_cp932[string.char(0x83,0x65,0x83,0x4C,0x83,0x58,0x83,0x5E,0x83,0x43,0x83,0x8B,0x83,0x5F,0x83,0x43,0x82,0x71)] = 2712
xi.synth_result_names_cp932[string.char(0x83,0x65,0x83,0x4C,0x83,0x58,0x83,0x5E,0x83,0x43,0x83,0x8B,0x83,0x5F,0x83,0x43,0x82,0x76)] = 2709
xi.synth_result_names_cp932[string.char(0x83,0x65,0x83,0x4C,0x83,0x58,0x83,0x5E,0x83,0x43,0x83,0x8B,0x83,0x5F,0x83,0x43,0x82,0x78)] = 2708
xi.synth_result_names_cp932[string.char(0x83,0x65,0x83,0x58,0x83,0x65,0x83,0x85,0x83,0x68,0x83,0x7D,0x83,0x93,0x83,0x67)] = 10996
xi.synth_result_names_cp932[string.char(0x83,0x65,0x83,0x93,0x83,0x70,0x83,0x58,0x83,0x74,0x83,0x57,0x83,0x62,0x83,0x67)] = 26331
xi.synth_result_names_cp932[string.char(0x83,0x66,0x83,0x42,0x83,0x57,0x83,0x83,0x83,0x5C,0x81,0x5B,0x83,0x68)] = 20723
xi.synth_result_names_cp932[string.char(0x83,0x66,0x83,0x42,0x83,0x58,0x83,0x79,0x83,0x8B,0x83,0x4E,0x81,0x5B,0x83,0x5B)] = 18095
xi.synth_result_names_cp932[string.char(0x83,0x66,0x83,0x42,0x83,0x6F,0x83,0x43,0x83,0x93,0x83,0x5C,0x81,0x5B,0x83,0x68)] = 16549
xi.synth_result_names_cp932[string.char(0x83,0x66,0x83,0x49,0x83,0x68,0x83,0x89,0x83,0x43,0x83,0x55,0x81,0x5B)] = 4166
xi.synth_result_names_cp932[string.char(0x83,0x66,0x83,0x55,0x81,0x5B,0x83,0x67,0x83,0x75,0x81,0x5B,0x83,0x63)] = 14166
xi.synth_result_names_cp932[string.char(0x83,0x66,0x83,0x55,0x81,0x5B,0x83,0x67,0x83,0x7D,0x83,0x93,0x83,0x67)] = 13653
xi.synth_result_names_cp932[string.char(0x83,0x66,0x83,0x57,0x83,0x87,0x83,0x93,0x83,0x4A,0x83,0x57,0x83,0x46,0x83,0x8B)] = 17040
xi.synth_result_names_cp932[string.char(0x83,0x66,0x83,0x58,0x83,0x54,0x83,0x43,0x83,0x59)] = 16777
xi.synth_result_names_cp932[string.char(0x83,0x66,0x83,0x58,0x83,0x73,0x83,0x41,0x83,0x58)] = 13356
xi.synth_result_names_cp932[string.char(0x83,0x66,0x83,0x58,0x83,0x7B,0x81,0x5B,0x83,0x93,0x83,0x69,0x83,0x43,0x83,0x74)] = 18035
xi.synth_result_names_cp932[string.char(0x83,0x66,0x83,0x58,0x83,0x8A,0x83,0x93,0x83,0x4F)] = 13462
xi.synth_result_names_cp932[string.char(0x83,0x66,0x83,0x7B,0x83,0x65,0x83,0x42,0x81,0x5B,0x83,0x7E,0x83,0x67,0x83,0x93)] = 14024
xi.synth_result_names_cp932[string.char(0x83,0x66,0x83,0x85,0x83,0x47,0x83,0x8B,0x83,0x67,0x83,0x8B,0x83,0x4E)] = 25441
xi.synth_result_names_cp932[string.char(0x83,0x66,0x83,0x85,0x83,0x4E,0x83,0x58,0x83,0x4E,0x83,0x45,0x83,0x42,0x83,0x58)] = 10346
xi.synth_result_names_cp932[string.char(0x83,0x66,0x83,0x85,0x83,0x4E,0x83,0x58,0x83,0x4F,0x83,0x8A,0x81,0x5B,0x83,0x94)] = 10363
xi.synth_result_names_cp932[string.char(0x83,0x66,0x83,0x85,0x83,0x4E,0x83,0x58,0x83,0x58,0x83,0x50,0x83,0x43,0x83,0x8B)] = 10272
xi.synth_result_names_cp932[string.char(0x83,0x66,0x83,0x85,0x83,0x4E,0x83,0x58,0x83,0x6F,0x83,0x43,0x83,0x55,0x81,0x5B)] = 10434
xi.synth_result_names_cp932[string.char(0x83,0x66,0x83,0x85,0x83,0x4E,0x83,0x58,0x83,0x74,0x83,0x42,0x83,0x93,0x83,0x4B,0x81,0x5B)] = 10316
xi.synth_result_names_cp932[string.char(0x83,0x66,0x81,0x5B,0x83,0x51,0x83,0x93)] = 16517
xi.synth_result_names_cp932[string.char(0x83,0x66,0x81,0x5B,0x83,0x63,0x83,0x65,0x83,0x42,0x81,0x5B)] = 5926
xi.synth_result_names_cp932[string.char(0x83,0x66,0x81,0x5B,0x83,0x82,0x83,0x93,0x83,0x41,0x83,0x8D,0x81,0x5B)] = 18159
xi.synth_result_names_cp932[string.char(0x83,0x66,0x81,0x5B,0x83,0x82,0x83,0x93,0x83,0x58,0x83,0x8C,0x83,0x43,0x83,0x84,0x81,0x5B)] = 17735
xi.synth_result_names_cp932[string.char(0x83,0x66,0x81,0x5B,0x83,0x82,0x83,0x93,0x83,0x69,0x83,0x43,0x83,0x74)] = 17601
xi.synth_result_names_cp932[string.char(0x83,0x66,0x81,0x5B,0x83,0x82,0x83,0x93,0x83,0x6E,0x81,0x5B,0x83,0x6C,0x83,0x58)] = 13767
xi.synth_result_names_cp932[string.char(0x83,0x66,0x81,0x5B,0x83,0x82,0x83,0x93,0x83,0x77,0x83,0x8B,0x83,0x80)] = 13922
xi.synth_result_names_cp932[string.char(0x83,0x66,0x81,0x5B,0x83,0x82,0x83,0x93,0x83,0x8A,0x83,0x93,0x83,0x4F)] = 13464
xi.synth_result_names_cp932[string.char(0x83,0x67,0x83,0x44,0x83,0x6E,0x83,0x67,0x83,0x44,0x83,0x6E)] = 18506
xi.synth_result_names_cp932[string.char(0x83,0x67,0x83,0x44,0x83,0x6E,0x83,0x93,0x83,0x68,0x83,0x5C,0x81,0x5B,0x83,0x68)] = 16589
xi.synth_result_names_cp932[string.char(0x83,0x67,0x83,0x44,0x83,0x8B,0x81,0x5B,0x83,0x54,0x83,0x43,0x83,0x63)] = 9889
xi.synth_result_names_cp932[string.char(0x83,0x67,0x83,0x44,0x81,0x5B,0x83,0x69,0x82,0xCC,0x82,0xA9,0x82,0xD4,0x82,0xC6,0x8E,0xCF)] = 4540
xi.synth_result_names_cp932[string.char(0x83,0x67,0x83,0x44,0x81,0x5B,0x83,0x69,0x83,0x58,0x83,0x56)] = 5150
xi.synth_result_names_cp932[string.char(0x83,0x67,0x83,0x45,0x83,0x42,0x83,0x55,0x83,0x8A,0x83,0x80,0x82,0xCC,0x97,0xD8,0x95,0xB2)] = 3931
xi.synth_result_names_cp932[string.char(0x83,0x67,0x83,0x4E,0x83,0x60,0x83,0x83,0x83,0x43,0x83,0x93,0x83,0x53,0x83,0x62,0x83,0x67)] = 735
xi.synth_result_names_cp932[string.char(0x83,0x67,0x83,0x70,0x81,0x5B,0x83,0x59,0x83,0x73,0x83,0x41,0x83,0x58)] = 13318
xi.synth_result_names_cp932[string.char(0x83,0x67,0x83,0x70,0x81,0x5B,0x83,0x59,0x83,0x8A,0x83,0x93,0x83,0x4F)] = 13453
xi.synth_result_names_cp932[string.char(0x83,0x67,0x83,0x7C,0x83,0x8D,0x83,0x4E)] = 18223
xi.synth_result_names_cp932[string.char(0x83,0x67,0x83,0x7D,0x83,0x67,0x83,0x57,0x83,0x85,0x81,0x5B,0x83,0x58)] = 4425
xi.synth_result_names_cp932[string.char(0x83,0x67,0x83,0x7D,0x83,0x67,0x83,0x58,0x81,0x5B,0x83,0x76)] = 4420
xi.synth_result_names_cp932[string.char(0x83,0x67,0x83,0x7D,0x83,0x7A,0x81,0x5B,0x83,0x4E)] = 17942
xi.synth_result_names_cp932[string.char(0x83,0x67,0x83,0x89,0x83,0x62,0x83,0x4A,0x81,0x5B,0x83,0x7B,0x83,0x45)] = 19231
xi.synth_result_names_cp932[string.char(0x83,0x67,0x83,0x89,0x83,0x78,0x83,0x8B,0x83,0x56,0x83,0x47,0x81,0x5B,0x83,0x8B)] = 17348
xi.synth_result_names_cp932[string.char(0x83,0x67,0x83,0x89,0x83,0x93,0x83,0x4C,0x83,0x89,0x83,0x43,0x83,0x55,0x81,0x5B,0x49,0x49)] = 9035
xi.synth_result_names_cp932[string.char(0x83,0x67,0x83,0x89,0x83,0x93,0x83,0x4C,0x83,0x89,0x83,0x43,0x83,0x55,0x81,0x5B,0x49,0x49,0x49)] = 9134
xi.synth_result_names_cp932[string.char(0x83,0x67,0x83,0x89,0x83,0x93,0x83,0x4C,0x83,0x89,0x83,0x43,0x83,0x55,0x81,0x5B,0x49,0x56)] = 9882
xi.synth_result_names_cp932[string.char(0x83,0x67,0x83,0x89,0x83,0x93,0x83,0x79,0x83,0x62,0x83,0x67,0x83,0x8A,0x83,0x93,0x83,0x4F)] = 15813
xi.synth_result_names_cp932[string.char(0x83,0x67,0x83,0x8B,0x83,0x4E)] = 13125
xi.synth_result_names_cp932[string.char(0x83,0x67,0x83,0x8B,0x83,0x65,0x83,0x42,0x81,0x5B,0x83,0x84)] = 4408
xi.synth_result_names_cp932[string.char(0x83,0x67,0x83,0x8B,0x83,0x7D,0x83,0x8A,0x83,0x93)] = 806
xi.synth_result_names_cp932[string.char(0x83,0x67,0x83,0x8B,0x83,0x7D,0x83,0x8A,0x83,0x93,0x83,0x73,0x83,0x41,0x83,0x58)] = 13330
xi.synth_result_names_cp932[string.char(0x83,0x67,0x83,0x8B,0x83,0x7D,0x83,0x8A,0x83,0x93,0x83,0x8A,0x83,0x93,0x83,0x4F)] = 13468
xi.synth_result_names_cp932[string.char(0x83,0x67,0x83,0x8C,0x83,0x5F,0x81,0x5B,0x83,0x4A,0x83,0x74,0x83,0x58)] = 14053
xi.synth_result_names_cp932[string.char(0x83,0x67,0x83,0x8C,0x83,0x5F,0x81,0x5B,0x83,0x54,0x83,0x43,0x83,0x49)] = 14446
xi.synth_result_names_cp932[string.char(0x83,0x67,0x83,0x8C,0x83,0x5F,0x81,0x5B,0x83,0x56,0x83,0x83,0x83,0x7C,0x81,0x5B)] = 15207
xi.synth_result_names_cp932[string.char(0x83,0x67,0x83,0x8C,0x83,0x5F,0x81,0x5B,0x83,0x58,0x83,0x8D,0x83,0x62,0x83,0x76,0x83,0x58)] = 15404
xi.synth_result_names_cp932[string.char(0x83,0x67,0x83,0x8C,0x83,0x5F,0x81,0x5B,0x83,0x73,0x83,0x4B,0x83,0x62,0x83,0x56,0x83,0x85)] = 15343
xi.synth_result_names_cp932[string.char(0x83,0x67,0x83,0x8D,0x83,0x73,0x83,0x4A,0x83,0x8B,0x83,0x4E,0x83,0x8C,0x81,0x5B,0x83,0x76)] = 6567
xi.synth_result_names_cp932[string.char(0x83,0x67,0x83,0x8D,0x83,0x73,0x83,0x4A,0x83,0x8B,0x83,0x70,0x83,0x93,0x83,0x60)] = 17493
xi.synth_result_names_cp932[string.char(0x83,0x67,0x83,0x8D,0x81,0x5B,0x83,0x8B,0x83,0x52,0x83,0x43,0x83,0x74)] = 16122
xi.synth_result_names_cp932[string.char(0x83,0x67,0x83,0x8D,0x81,0x5B,0x83,0x8B,0x83,0x75,0x83,0x8D,0x83,0x93,0x83,0x59,0x94,0xC2)] = 2303
xi.synth_result_names_cp932[string.char(0x83,0x67,0x83,0x8F,0x83,0x43,0x83,0x54,0x81,0x5B)] = 18216
xi.synth_result_names_cp932[string.char(0x83,0x67,0x83,0x93,0x83,0x6D)] = 5623
xi.synth_result_names_cp932[string.char(0x83,0x67,0x81,0x5B,0x83,0x65,0x83,0x80,0x83,0x7C,0x81,0x5B,0x83,0x8B)] = 201
xi.synth_result_names_cp932[string.char(0x83,0x68,0x83,0x44,0x83,0x47,0x83,0x49,0x83,0x7D,0x81,0x5B,0x83,0x54,0x83,0x43,0x83,0x59)] = 18955
xi.synth_result_names_cp932[string.char(0x83,0x68,0x83,0x44,0x83,0x47,0x83,0x49,0x83,0x7D,0x81,0x5B,0x83,0x69,0x83,0x43,0x83,0x74)] = 19116
xi.synth_result_names_cp932[string.char(0x83,0x68,0x83,0x44,0x83,0x47,0x83,0x49,0x83,0x7D,0x81,0x5B,0x83,0x82,0x81,0x5B,0x83,0x8B)] = 18870
xi.synth_result_names_cp932[string.char(0x83,0x68,0x83,0x44,0x83,0x47,0x83,0x49,0x83,0x7D,0x81,0x5B,0x8D,0x7C)] = 2764
xi.synth_result_names_cp932[string.char(0x83,0x68,0x83,0x62,0x83,0x4F,0x83,0x45,0x83,0x62,0x83,0x68,0x8D,0xDE)] = 728
xi.synth_result_names_cp932[string.char(0x83,0x68,0x83,0x7E,0x83,0x69,0x83,0x58,0x83,0x56,0x81,0x5B,0x83,0x8B,0x83,0x68)] = 12411
xi.synth_result_names_cp932[string.char(0x83,0x68,0x83,0x89,0x83,0x43,0x83,0x66,0x81,0x5B,0x83,0x63)] = 5567
xi.synth_result_names_cp932[string.char(0x83,0x68,0x83,0x89,0x83,0x43,0x83,0x78,0x83,0x8A,0x81,0x5B)] = 5672
xi.synth_result_names_cp932[string.char(0x83,0x68,0x83,0x89,0x83,0x53,0x83,0x93,0x83,0x4C,0x83,0x83,0x83,0x62,0x83,0x76)] = 13936
xi.synth_result_names_cp932[string.char(0x83,0x68,0x83,0x89,0x83,0x53,0x83,0x93,0x83,0x4E,0x83,0x45,0x83,0x42,0x83,0x58)] = 12820
xi.synth_result_names_cp932[string.char(0x83,0x68,0x83,0x89,0x83,0x53,0x83,0x93,0x83,0x4E,0x83,0x8D,0x81,0x5B)] = 16416
xi.synth_result_names_cp932[string.char(0x83,0x68,0x83,0x89,0x83,0x53,0x83,0x93,0x83,0x4F,0x83,0x8A,0x81,0x5B,0x83,0x94)] = 12948
xi.synth_result_names_cp932[string.char(0x83,0x68,0x83,0x89,0x83,0x53,0x83,0x93,0x83,0x54,0x83,0x75,0x83,0x8A,0x83,0x4B)] = 14305
xi.synth_result_names_cp932[string.char(0x83,0x68,0x83,0x89,0x83,0x53,0x83,0x93,0x83,0x58,0x83,0x65,0x81,0x5B,0x83,0x4C)] = 4350
xi.synth_result_names_cp932[string.char(0x83,0x68,0x83,0x89,0x83,0x53,0x83,0x93,0x83,0x58,0x83,0x8C,0x83,0x43,0x83,0x84,0x81,0x5B)] = 17733
xi.synth_result_names_cp932[string.char(0x83,0x68,0x83,0x89,0x83,0x53,0x83,0x93,0x83,0x58,0x81,0x5B,0x83,0x76)] = 4549
xi.synth_result_names_cp932[string.char(0x83,0x68,0x83,0x89,0x83,0x53,0x83,0x93,0x83,0x6E,0x81,0x5B,0x83,0x6C,0x83,0x58)] = 14389
xi.synth_result_names_cp932[string.char(0x83,0x68,0x83,0x89,0x83,0x53,0x83,0x93,0x83,0x74,0x83,0x42,0x83,0x93,0x83,0x4B,0x81,0x5B)] = 12692
xi.synth_result_names_cp932[string.char(0x83,0x68,0x83,0x89,0x83,0x53,0x83,0x93,0x83,0x7D,0x83,0x58,0x83,0x4E)] = 12436
xi.synth_result_names_cp932[string.char(0x83,0x68,0x83,0x89,0x83,0x53,0x83,0x93,0x83,0x7E,0x83,0x67,0x83,0x93)] = 14823
xi.synth_result_names_cp932[string.char(0x83,0x68,0x83,0x89,0x83,0x53,0x83,0x93,0x83,0x81,0x83,0x43,0x83,0x8B)] = 12564
xi.synth_result_names_cp932[string.char(0x83,0x68,0x83,0x89,0x83,0x53,0x83,0x93,0x83,0x8A,0x83,0x93,0x83,0x4F)] = 13467
xi.synth_result_names_cp932[string.char(0x83,0x68,0x83,0x89,0x83,0x53,0x83,0x93,0x83,0x8C,0x83,0x4D,0x83,0x93,0x83,0x58)] = 14186
xi.synth_result_names_cp932[string.char(0x83,0x68,0x83,0x89,0x83,0x53,0x83,0x93,0x81,0x45,0x83,0x49,0x83,0x8C)] = 5933
xi.synth_result_names_cp932[string.char(0x83,0x68,0x83,0x89,0x83,0x53,0x83,0x93,0x82,0x60,0x83,0x5E,0x83,0x93,0x83,0x4E)] = 11002
xi.synth_result_names_cp932[string.char(0x83,0x68,0x83,0x89,0x83,0x68,0x83,0x58,0x83,0x56)] = 5178
xi.synth_result_names_cp932[string.char(0x83,0x68,0x83,0x8C,0x83,0x62,0x83,0x54,0x81,0x5B)] = 32
xi.synth_result_names_cp932[string.char(0x83,0x69,0x83,0x43,0x83,0x67,0x83,0x43,0x83,0x84,0x83,0x8A,0x83,0x93,0x83,0x4F)] = 13349
xi.synth_result_names_cp932[string.char(0x83,0x69,0x83,0x43,0x83,0x67,0x83,0x5C,0x81,0x5B,0x83,0x68)] = 16567
xi.synth_result_names_cp932[string.char(0x83,0x69,0x83,0x43,0x83,0x74)] = 16466
xi.synth_result_names_cp932[string.char(0x83,0x69,0x83,0x62,0x83,0x67,0x82,0xCC,0x96,0xEE,0x89,0x48,0x8D,0xAA)] = 2548
xi.synth_result_names_cp932[string.char(0x83,0x69,0x83,0x67,0x83,0x57,0x81,0x5B,0x83,0x4E)] = 16653
xi.synth_result_names_cp932[string.char(0x83,0x69,0x83,0x67,0x83,0x74,0x83,0x56,0x83,0x85,0x83,0x6C)] = 18630
xi.synth_result_names_cp932[string.char(0x83,0x69,0x83,0x7D,0x83,0x59,0x82,0xCC,0x83,0x4F,0x83,0x8C,0x81,0x5B,0x83,0x76,0x8F,0xF6)] = 4557
xi.synth_result_names_cp932[string.char(0x83,0x69,0x83,0x89,0x83,0x56,0x83,0x93,0x83,0x6E,0x82,0xC8,0x82,0xDF,0x82,0xB5,0x8A,0x76)] = 1297
xi.synth_result_names_cp932[string.char(0x83,0x69,0x83,0x89,0x83,0x56,0x83,0x93,0x83,0x6E,0x83,0x5A,0x83,0x58,0x83,0x5E,0x83,0x58)] = 17505
xi.synth_result_names_cp932[string.char(0x83,0x69,0x83,0x89,0x83,0x56,0x83,0x93,0x83,0x6E,0x83,0x78,0x83,0x58,0x83,0x67)] = 13816
xi.synth_result_names_cp932[string.char(0x83,0x69,0x83,0x93,0x83,0x65,0x83,0x42,0x83,0x69,0x83,0x43,0x83,0x74)] = 20621
xi.synth_result_names_cp932[string.char(0x83,0x69,0x83,0x94,0x83,0x40,0x83,0x89,0x83,0x93)] = 4439
xi.synth_result_names_cp932[string.char(0x83,0x69,0x81,0x5B,0x83,0x4B,0x83,0x93)] = 16597
xi.synth_result_names_cp932[string.char(0x83,0x6A,0x83,0x49,0x83,0x75,0x83,0x43,0x83,0x93,0x83,0x53,0x83,0x62,0x83,0x67)] = 9248
xi.synth_result_names_cp932[string.char(0x83,0x6A,0x83,0x56,0x83,0x93,0x82,0xCC,0x89,0x96,0x92,0xD0,0x82,0xAF)] = 4490
xi.synth_result_names_cp932[string.char(0x83,0x6A,0x83,0x93,0x83,0x74,0x83,0x56,0x81,0x5B,0x83,0x8B,0x83,0x68)] = 12364
xi.synth_result_names_cp932[string.char(0x83,0x6B,0x83,0x69,0x83,0x53,0x83,0x8B,0x83,0x51,0x83,0x62,0x83,0x67)] = 28406
xi.synth_result_names_cp932[string.char(0x83,0x6B,0x83,0x7E,0x83,0x69,0x83,0x58,0x83,0x56,0x81,0x5B,0x83,0x8B,0x83,0x68)] = 12409
xi.synth_result_names_cp932[string.char(0x83,0x6C,0x83,0x72,0x83,0x80,0x83,0x69,0x83,0x43,0x83,0x67,0x82,0xCC,0x92,0xD9,0x8F,0xC4)] = 4459
xi.synth_result_names_cp932[string.char(0x83,0x6C,0x83,0x79,0x83,0x93,0x83,0x58,0x83,0x4F,0x83,0x8A,0x83,0x62,0x83,0x76)] = 22204
xi.synth_result_names_cp932[string.char(0x83,0x6C,0x83,0x8D,0x83,0x66,0x83,0x42,0x83,0x5A,0x83,0x73,0x83,0x41)] = 5193
xi.synth_result_names_cp932[string.char(0x83,0x6C,0x81,0x5B,0x83,0x72,0x81,0x5B,0x83,0x41,0x83,0x4E,0x83,0x58)] = 17957
xi.synth_result_names_cp932[string.char(0x83,0x6D,0x83,0x4E,0x83,0x67,0x83,0x4F,0x83,0x8D,0x81,0x5B,0x83,0x75)] = 14854
xi.synth_result_names_cp932[string.char(0x83,0x6D,0x83,0x4E,0x83,0x67,0x83,0x51,0x81,0x5B,0x83,0x67,0x83,0x8B)] = 15311
xi.synth_result_names_cp932[string.char(0x83,0x6D,0x83,0x4E,0x83,0x67,0x83,0x5F,0x83,0x75,0x83,0x8C,0x83,0x62,0x83,0x67)] = 14422
xi.synth_result_names_cp932[string.char(0x83,0x6D,0x83,0x4E,0x83,0x67,0x83,0x75,0x83,0x8C,0x81,0x5B)] = 14323
xi.synth_result_names_cp932[string.char(0x83,0x6D,0x83,0x4E,0x83,0x67,0x83,0x78,0x83,0x8C,0x81,0x5B)] = 15161
xi.synth_result_names_cp932[string.char(0x83,0x6D,0x83,0x7D,0x83,0x68,0x83,0x7D,0x83,0x93,0x83,0x67)] = 13631
xi.synth_result_names_cp932[string.char(0x83,0x6D,0x81,0x5B,0x83,0x4E,0x83,0x62,0x83,0x74,0x83,0x41,0x83,0x4E,0x83,0x58)] = 20878
xi.synth_result_names_cp932[string.char(0x83,0x6D,0x81,0x5B,0x83,0x55,0x83,0x93,0x83,0x57,0x83,0x83,0x81,0x5B,0x83,0x4C,0x83,0x93)] = 14284
xi.synth_result_names_cp932[string.char(0x83,0x6D,0x81,0x5B,0x83,0x75,0x83,0x8B,0x83,0x4E,0x83,0x89,0x83,0x45,0x83,0x93)] = 12477
xi.synth_result_names_cp932[string.char(0x83,0x6D,0x81,0x5B,0x83,0x75,0x83,0x8B,0x83,0x59,0x83,0x7B,0x83,0x93)] = 12861
xi.synth_result_names_cp932[string.char(0x83,0x6D,0x81,0x5B,0x83,0x75,0x83,0x8B,0x83,0x60,0x83,0x85,0x83,0x6A,0x83,0x62,0x83,0x4E)] = 12605
xi.synth_result_names_cp932[string.char(0x83,0x6D,0x81,0x5B,0x83,0x75,0x83,0x8B,0x83,0x70,0x83,0x93,0x83,0x76,0x83,0x58)] = 12989
xi.synth_result_names_cp932[string.char(0x83,0x6D,0x81,0x5B,0x83,0x75,0x83,0x8B,0x83,0x71,0x83,0x7D,0x83,0x93,0x83,0x65,0x83,0x58)] = 18755
xi.synth_result_names_cp932[string.char(0x83,0x6D,0x81,0x5B,0x83,0x75,0x83,0x8B,0x83,0x78,0x83,0x62,0x83,0x68)] = 6
xi.synth_result_names_cp932[string.char(0x83,0x6D,0x81,0x5B,0x83,0x75,0x83,0x8B,0x83,0x78,0x83,0x62,0x83,0x68,0x82,0x61)] = 402
xi.synth_result_names_cp932[string.char(0x83,0x6D,0x81,0x5B,0x83,0x75,0x83,0x8B,0x83,0x78,0x83,0x62,0x83,0x68,0x82,0x66)] = 403
xi.synth_result_names_cp932[string.char(0x83,0x6D,0x81,0x5B,0x83,0x75,0x83,0x8B,0x83,0x78,0x83,0x62,0x83,0x68,0x82,0x76)] = 405
xi.synth_result_names_cp932[string.char(0x83,0x6D,0x81,0x5B,0x83,0x75,0x83,0x8B,0x83,0x78,0x83,0x62,0x83,0x68,0x82,0x78)] = 404
xi.synth_result_names_cp932[string.char(0x83,0x6D,0x81,0x5B,0x83,0x75,0x83,0x8B,0x83,0x7E,0x83,0x67,0x83,0x93)] = 12733
xi.synth_result_names_cp932[string.char(0x83,0x6D,0x81,0x5B,0x83,0x8B,0x83,0x54,0x83,0x43,0x83,0x93,0x83,0x65,0x83,0x42)] = 18757
xi.synth_result_names_cp932[string.char(0x83,0x6E,0x83,0x43,0x83,0x47,0x83,0x7B,0x83,0x69,0x83,0x43,0x83,0x67)] = 2362
xi.synth_result_names_cp932[string.char(0x83,0x6E,0x83,0x43,0x83,0x47,0x81,0x5B,0x83,0x65,0x83,0x8B)] = 4132
xi.synth_result_names_cp932[string.char(0x83,0x6E,0x83,0x43,0x83,0x47,0x81,0x5B,0x83,0x65,0x83,0x8B,0x82,0x63)] = 5358
xi.synth_result_names_cp932[string.char(0x83,0x6E,0x83,0x43,0x83,0x68,0x83,0x44,0x83,0x4E,0x83,0x8A,0x83,0x93,0x83,0x4F)] = 11058
xi.synth_result_names_cp932[string.char(0x83,0x6E,0x83,0x43,0x83,0x68,0x83,0x89,0x83,0x4C,0x83,0x87,0x83,0x74,0x83,0x65)] = 5602
xi.synth_result_names_cp932[string.char(0x83,0x6E,0x83,0x43,0x83,0x68,0x83,0x89,0x83,0x4E,0x83,0x45,0x83,0x42,0x83,0x58)] = 15615
xi.synth_result_names_cp932[string.char(0x83,0x6E,0x83,0x43,0x83,0x68,0x83,0x89,0x83,0x4F,0x83,0x8A,0x81,0x5B,0x83,0x94)] = 15703
xi.synth_result_names_cp932[string.char(0x83,0x6E,0x83,0x43,0x83,0x68,0x83,0x89,0x83,0x74,0x83,0x42,0x83,0x93,0x83,0x4B,0x81,0x5B)] = 14949
xi.synth_result_names_cp932[string.char(0x83,0x6E,0x83,0x43,0x83,0x68,0x83,0x89,0x83,0x7D,0x83,0x58,0x83,0x4E)] = 16073
xi.synth_result_names_cp932[string.char(0x83,0x6E,0x83,0x43,0x83,0x68,0x83,0x89,0x83,0x81,0x83,0x43,0x83,0x8B)] = 14537
xi.synth_result_names_cp932[string.char(0x83,0x6E,0x83,0x43,0x83,0x68,0x83,0x8D,0x83,0x41,0x83,0x4E,0x83,0x58)] = 18200
xi.synth_result_names_cp932[string.char(0x83,0x6E,0x83,0x43,0x83,0x68,0x83,0x8D,0x83,0x4A,0x83,0x62,0x83,0x5E,0x81,0x5B)] = 18202
xi.synth_result_names_cp932[string.char(0x83,0x6E,0x83,0x43,0x83,0x68,0x83,0x8D,0x83,0x4E,0x83,0x8D,0x81,0x5B)] = 17514
xi.synth_result_names_cp932[string.char(0x83,0x6E,0x83,0x43,0x83,0x68,0x83,0x8D,0x83,0x60,0x83,0x87,0x83,0x62,0x83,0x70,0x81,0x5B)] = 18204
xi.synth_result_names_cp932[string.char(0x83,0x6E,0x83,0x43,0x83,0x68,0x83,0x8D,0x83,0x6F,0x83,0x4F,0x83,0x69,0x83,0x45)] = 17512
xi.synth_result_names_cp932[string.char(0x83,0x6E,0x83,0x43,0x83,0x68,0x83,0x8D,0x83,0x70,0x83,0x5E)] = 17516
xi.synth_result_names_cp932[string.char(0x83,0x6E,0x83,0x43,0x83,0x68,0x83,0x8D,0x83,0x7C,0x83,0x93,0x83,0x76)] = 18232
xi.synth_result_names_cp932[string.char(0x83,0x6E,0x83,0x43,0x83,0x70,0x81,0x5B,0x83,0x47,0x81,0x5B,0x83,0x65,0x83,0x8B)] = 5255
xi.synth_result_names_cp932[string.char(0x83,0x6E,0x83,0x43,0x83,0x70,0x81,0x5B,0x83,0x7C,0x81,0x5B,0x83,0x56,0x83,0x87,0x83,0x93)] = 5254
xi.synth_result_names_cp932[string.char(0x83,0x6E,0x83,0x43,0x83,0x71,0x81,0x5B,0x83,0x8B,0x83,0x6E,0x81,0x5B,0x83,0x6C,0x83,0x58)] = 14497
xi.synth_result_names_cp932[string.char(0x83,0x6E,0x83,0x43,0x83,0x75,0x83,0x8C,0x83,0x58,0x83,0x7D,0x83,0x93,0x83,0x67)] = 15487
xi.synth_result_names_cp932[string.char(0x83,0x6E,0x83,0x43,0x83,0x7C,0x81,0x5B,0x83,0x56,0x83,0x87,0x83,0x93)] = 4116
xi.synth_result_names_cp932[string.char(0x83,0x6E,0x83,0x43,0x83,0x7C,0x81,0x5B,0x83,0x56,0x83,0x87,0x83,0x93,0x82,0x63)] = 5328
xi.synth_result_names_cp932[string.char(0x83,0x6E,0x83,0x43,0x83,0x7D,0x83,0x69,0x83,0x4E,0x83,0x8D,0x81,0x5B,0x83,0x4E)] = 14492
xi.synth_result_names_cp932[string.char(0x83,0x6E,0x83,0x43,0x83,0x7D,0x83,0x69,0x83,0x8F,0x83,0x93,0x83,0x68)] = 18403
xi.synth_result_names_cp932[string.char(0x83,0x6E,0x83,0x4A,0x83,0x89,0x83,0x93,0x83,0x5F,0x8D,0xDE)] = 2535
xi.synth_result_names_cp932[string.char(0x83,0x6E,0x83,0x4E,0x83,0x5E,0x83,0x4E,0x82,0xCC,0x8C,0xDC,0x8D,0x73,0x8A,0xE1)] = 1298
xi.synth_result_names_cp932[string.char(0x83,0x6E,0x83,0x62,0x83,0x56,0x83,0x85,0x83,0x5F,0x83,0x4B,0x81,0x5B)] = 18008
xi.synth_result_names_cp932[string.char(0x83,0x6E,0x83,0x62,0x83,0x56,0x83,0x85,0x83,0x6F,0x83,0x4F,0x83,0x69,0x83,0x45)] = 18355
xi.synth_result_names_cp932[string.char(0x83,0x6E,0x83,0x63,0x83,0x49,0x83,0x41,0x81,0x5B,0x83,0x5C,0x81,0x5B,0x83,0x68)] = 20789
xi.synth_result_names_cp932[string.char(0x83,0x6E,0x83,0x66,0x83,0x58,0x83,0x54,0x83,0x43,0x83,0x93,0x83,0x65,0x83,0x42)] = 18748
xi.synth_result_names_cp932[string.char(0x83,0x6E,0x83,0x6A,0x81,0x5B,0x83,0x47,0x83,0x62,0x83,0x4F)] = 5739
xi.synth_result_names_cp932[string.char(0x83,0x6E,0x83,0x80,0x83,0x60,0x81,0x5B,0x83,0x59,0x83,0x4E,0x83,0x8C,0x81,0x5B,0x83,0x76)] = 5771
xi.synth_result_names_cp932[string.char(0x83,0x6E,0x83,0x8B,0x83,0x56,0x83,0x49,0x83,0x93,0x83,0x8D,0x83,0x62,0x83,0x68)] = 17015
xi.synth_result_names_cp932[string.char(0x83,0x6E,0x83,0x8B,0x83,0x58,0x83,0x4A,0x83,0x74,0x83,0x58)] = 28040
xi.synth_result_names_cp932[string.char(0x83,0x6E,0x83,0x8B,0x83,0x58,0x83,0x52,0x81,0x5B,0x83,0x67)] = 27893
xi.synth_result_names_cp932[string.char(0x83,0x6E,0x83,0x8B,0x83,0x58,0x83,0x58,0x83,0x8D,0x83,0x62,0x83,0x76,0x83,0x58)] = 28180
xi.synth_result_names_cp932[string.char(0x83,0x6E,0x83,0x8B,0x83,0x58,0x83,0x6E,0x83,0x62,0x83,0x67)] = 27750
xi.synth_result_names_cp932[string.char(0x83,0x6E,0x83,0x8B,0x83,0x58,0x83,0x73,0x83,0x4B,0x83,0x62,0x83,0x56,0x83,0x85)] = 28318
xi.synth_result_names_cp932[string.char(0x83,0x6E,0x83,0x8B,0x83,0x6F,0x81,0x5B,0x83,0x68)] = 16836
xi.synth_result_names_cp932[string.char(0x83,0x6E,0x83,0x8D,0x83,0x45,0x83,0x46,0x83,0x68,0x83,0x5C,0x81,0x5B,0x83,0x68)] = 16550
xi.synth_result_names_cp932[string.char(0x83,0x6E,0x83,0x93,0x83,0x4B,0x81,0x5B)] = 16554
xi.synth_result_names_cp932[string.char(0x83,0x6E,0x83,0x93,0x83,0x5E,0x81,0x5B,0x83,0x52,0x83,0x62,0x83,0x67,0x83,0x93)] = 2005
xi.synth_result_names_cp932[string.char(0x83,0x6E,0x83,0x93,0x83,0x65,0x83,0x42,0x83,0x93,0x83,0x4F,0x83,0x5C,0x81,0x5B,0x83,0x68)] = 16576
xi.synth_result_names_cp932[string.char(0x83,0x6E,0x83,0x93,0x83,0x68,0x83,0x53,0x83,0x93,0x83,0x6C)] = 19741
xi.synth_result_names_cp932[string.char(0x83,0x6E,0x83,0x93,0x83,0x7D,0x81,0x5B,0x83,0x7E,0x83,0x8B)] = 2412
xi.synth_result_names_cp932[string.char(0x83,0x6E,0x81,0x5B,0x83,0x68,0x83,0x8C,0x83,0x55,0x81,0x5B,0x83,0x8A,0x83,0x93,0x83,0x4F)] = 13546
xi.synth_result_names_cp932[string.char(0x83,0x6E,0x81,0x5B,0x83,0x75,0x83,0x79,0x81,0x5B,0x83,0x58,0x83,0x67)] = 2208
xi.synth_result_names_cp932[string.char(0x83,0x6E,0x81,0x5B,0x83,0x76)] = 17354
xi.synth_result_names_cp932[string.char(0x83,0x6E,0x81,0x5B,0x83,0x76,0x83,0x58,0x83,0x63,0x81,0x5B,0x83,0x8B)] = 343
xi.synth_result_names_cp932[string.char(0x83,0x6E,0x81,0x5B,0x83,0x76,0x81,0x5B,0x83,0x93)] = 16832
xi.synth_result_names_cp932[string.char(0x83,0x6F,0x83,0x43,0x83,0x5C,0x83,0x93,0x83,0x50,0x83,0x62,0x83,0x4E,0x83,0x58)] = 14319
xi.synth_result_names_cp932[string.char(0x83,0x6F,0x83,0x43,0x83,0x5C,0x83,0x93,0x83,0x51,0x83,0x7D,0x83,0x62,0x83,0x56,0x83,0x85)] = 15307
xi.synth_result_names_cp932[string.char(0x83,0x6F,0x83,0x43,0x83,0x5C,0x83,0x93,0x83,0x57,0x83,0x83,0x83,0x50,0x83,0x62,0x83,0x67)] = 14418
xi.synth_result_names_cp932[string.char(0x83,0x6F,0x83,0x43,0x83,0x5C,0x83,0x93,0x83,0x58,0x83,0x65,0x81,0x5B,0x83,0x4C)] = 5142
xi.synth_result_names_cp932[string.char(0x83,0x6F,0x83,0x43,0x83,0x5C,0x83,0x93,0x83,0x7B,0x83,0x93,0x83,0x6C,0x83,0x62,0x83,0x67)] = 15157
xi.synth_result_names_cp932[string.char(0x83,0x6F,0x83,0x43,0x83,0x5C,0x83,0x93,0x83,0x8A,0x83,0x58,0x83,0x67)] = 14850
xi.synth_result_names_cp932[string.char(0x83,0x6F,0x83,0x45,0x81,0x5B)] = 359
xi.synth_result_names_cp932[string.char(0x83,0x6F,0x83,0x4B,0x83,0x7B,0x83,0x93,0x83,0x68,0x83,0x4F,0x83,0x8D,0x81,0x5B,0x83,0x75)] = 14068
xi.synth_result_names_cp932[string.char(0x83,0x6F,0x83,0x4B,0x83,0x7B,0x83,0x93,0x83,0x68,0x83,0x60,0x83,0x85,0x83,0x6A,0x83,0x4A)] = 13806
xi.synth_result_names_cp932[string.char(0x83,0x6F,0x83,0x4B,0x83,0x7B,0x83,0x93,0x83,0x68,0x83,0x75,0x81,0x5B,0x83,0x63)] = 14169
xi.synth_result_names_cp932[string.char(0x83,0x6F,0x83,0x4B,0x83,0x7B,0x83,0x93,0x83,0x68,0x83,0x7A,0x81,0x5B,0x83,0x59)] = 14290
xi.synth_result_names_cp932[string.char(0x83,0x6F,0x83,0x4F,0x83,0x41,0x83,0x60,0x83,0x83,0x81,0x5B,0x83,0x80)] = 25537
xi.synth_result_names_cp932[string.char(0x83,0x6F,0x83,0x4F,0x83,0x69,0x83,0x45)] = 16406
xi.synth_result_names_cp932[string.char(0x83,0x6F,0x83,0x56,0x83,0x6A,0x83,0x62,0x83,0x67)] = 12427
xi.synth_result_names_cp932[string.char(0x83,0x6F,0x83,0x58,0x82,0xCC,0x83,0x80,0x83,0x6A,0x83,0x47,0x83,0x8B)] = 4582
xi.synth_result_names_cp932[string.char(0x83,0x6F,0x83,0x58,0x83,0x5E,0x81,0x5B,0x83,0x68,0x83,0x5C,0x81,0x5B,0x83,0x68)] = 16577
xi.synth_result_names_cp932[string.char(0x83,0x6F,0x83,0x58,0x83,0x67,0x83,0x44,0x81,0x5B,0x83,0x4E,0x83,0x56,0x83,0x8B)] = 3712
xi.synth_result_names_cp932[string.char(0x83,0x6F,0x83,0x5B,0x83,0x89,0x81,0x5B,0x83,0x68)] = 16455
xi.synth_result_names_cp932[string.char(0x83,0x6F,0x83,0x5E,0x83,0x74,0x83,0x89,0x83,0x43,0x83,0x41,0x83,0x4E,0x83,0x58)] = 16704
xi.synth_result_names_cp932[string.char(0x83,0x6F,0x83,0x5E,0x83,0x74,0x83,0x89,0x83,0x43,0x83,0x50,0x81,0x5B,0x83,0x57)] = 371
xi.synth_result_names_cp932[string.char(0x83,0x6F,0x83,0x5E,0x83,0x8A,0x83,0x41,0x83,0x4C,0x83,0x62,0x83,0x56,0x83,0x85)] = 5168
xi.synth_result_names_cp932[string.char(0x83,0x6F,0x83,0x5E,0x83,0x8A,0x83,0x41,0x8D,0xD8,0x82,0xCC,0x83,0x5C,0x83,0x65,0x81,0x5B)] = 4553
xi.synth_result_names_cp932[string.char(0x83,0x6F,0x83,0x5E,0x81,0x5B,0x83,0x4E,0x83,0x8C,0x81,0x5B,0x83,0x76)] = 5766
xi.synth_result_names_cp932[string.char(0x83,0x6F,0x83,0x62,0x83,0x4E,0x83,0x89,0x81,0x5B)] = 12301
xi.synth_result_names_cp932[string.char(0x83,0x6F,0x83,0x62,0x83,0x4E,0x83,0x89,0x81,0x5B,0x83,0x76,0x83,0x89,0x81,0x5B,0x83,0x4E)] = 187
xi.synth_result_names_cp932[string.char(0x83,0x6F,0x83,0x62,0x83,0x65,0x83,0x8A,0x81,0x5B)] = 18228
xi.synth_result_names_cp932[string.char(0x83,0x6F,0x83,0x67,0x83,0x8B,0x83,0x41,0x83,0x4E,0x83,0x58)] = 16643
xi.synth_result_names_cp932[string.char(0x83,0x6F,0x83,0x67,0x83,0x8B,0x83,0x57,0x83,0x85,0x83,0x7C,0x83,0x93)] = 12596
xi.synth_result_names_cp932[string.char(0x83,0x6F,0x83,0x67,0x83,0x8B,0x83,0x58,0x83,0x5E,0x83,0x62,0x83,0x74)] = 17543
xi.synth_result_names_cp932[string.char(0x83,0x6F,0x83,0x67,0x83,0x8B,0x83,0x74,0x83,0x48,0x81,0x5B,0x83,0x4E)] = 16888
xi.synth_result_names_cp932[string.char(0x83,0x6F,0x83,0x67,0x83,0x8B,0x83,0x75,0x83,0x8C,0x81,0x5B,0x83,0x54,0x81,0x5B)] = 12724
xi.synth_result_names_cp932[string.char(0x83,0x6F,0x83,0x67,0x83,0x8B,0x83,0x75,0x81,0x5B,0x83,0x63)] = 12980
xi.synth_result_names_cp932[string.char(0x83,0x6F,0x83,0x67,0x83,0x8B,0x83,0x7A,0x81,0x5B,0x83,0x59)] = 12852
xi.synth_result_names_cp932[string.char(0x83,0x6F,0x83,0x67,0x83,0x8B,0x83,0x7B,0x83,0x45)] = 17163
xi.synth_result_names_cp932[string.char(0x83,0x6F,0x83,0x69,0x83,0x8C,0x83,0x62,0x83,0x67,0x83,0x81,0x83,0x43,0x83,0x8B)] = 14531
xi.synth_result_names_cp932[string.char(0x83,0x6F,0x83,0x6E,0x83,0x68,0x83,0x44,0x81,0x5B,0x83,0x8B)] = 19151
xi.synth_result_names_cp932[string.char(0x83,0x6F,0x83,0x6F,0x83,0x8D,0x83,0x41)] = 5729
xi.synth_result_names_cp932[string.char(0x83,0x6F,0x83,0x74,0x81,0x5B,0x83,0x93,0x83,0x4A,0x83,0x89,0x81,0x5B)] = 16281
xi.synth_result_names_cp932[string.char(0x83,0x6F,0x83,0x75,0x83,0x8B,0x83,0x60,0x83,0x87,0x83,0x52)] = 4496
xi.synth_result_names_cp932[string.char(0x83,0x6F,0x83,0x8B,0x83,0x4A,0x83,0x93,0x83,0x4E,0x83,0x8C,0x83,0x43,0x83,0x82,0x83,0x41)] = 18379
xi.synth_result_names_cp932[string.char(0x83,0x6F,0x83,0x8B,0x83,0x4A,0x83,0x93,0x83,0x5C,0x81,0x5B,0x83,0x68)] = 17704
xi.synth_result_names_cp932[string.char(0x83,0x6F,0x83,0x8B,0x83,0x4A,0x83,0x93,0x83,0x66,0x81,0x5B,0x83,0x51,0x83,0x93)] = 17705
xi.synth_result_names_cp932[string.char(0x83,0x6F,0x83,0x8B,0x83,0x4A,0x83,0x93,0x83,0x75,0x83,0x8C,0x81,0x5B,0x83,0x68)] = 17706
xi.synth_result_names_cp932[string.char(0x83,0x6F,0x83,0x8B,0x83,0x62,0x83,0x4E,0x83,0x54,0x83,0x93,0x83,0x68)] = 5590
xi.synth_result_names_cp932[string.char(0x83,0x6F,0x83,0x8B,0x83,0x62,0x83,0x4E,0x83,0x56,0x83,0x56)] = 5600
xi.synth_result_names_cp932[string.char(0x83,0x6F,0x83,0x8B,0x81,0x5B,0x83,0x60,0x83,0x83)] = 18082
xi.synth_result_names_cp932[string.char(0x83,0x6F,0x83,0x8D,0x81,0x5B,0x83,0x6C,0x83,0x4B,0x83,0x93,0x83,0x72,0x83,0x47,0x83,0x89)] = 15305
xi.synth_result_names_cp932[string.char(0x83,0x6F,0x83,0x8D,0x81,0x5B,0x83,0x6C,0x83,0x52,0x83,0x62,0x83,0x56,0x83,0x83,0x83,0x8C)] = 14317
xi.synth_result_names_cp932[string.char(0x83,0x6F,0x83,0x8D,0x81,0x5B,0x83,0x6C,0x83,0x52,0x83,0x89,0x83,0x62,0x83,0x63,0x83,0x40)] = 14416
xi.synth_result_names_cp932[string.char(0x83,0x6F,0x83,0x8D,0x81,0x5B,0x83,0x6C,0x83,0x63,0x83,0x62,0x83,0x50,0x83,0x62,0x83,0x67)] = 15155
xi.synth_result_names_cp932[string.char(0x83,0x6F,0x83,0x8D,0x81,0x5B,0x83,0x6C,0x83,0x7D,0x83,0x6D,0x83,0x7C,0x83,0x89)] = 14848
xi.synth_result_names_cp932[string.char(0x83,0x6F,0x83,0x93,0x83,0x50,0x83,0x62,0x83,0x67,0x83,0x65,0x81,0x5B,0x83,0x75,0x83,0x8B)] = 3653
xi.synth_result_names_cp932[string.char(0x83,0x6F,0x83,0x93,0x83,0x66,0x83,0x42,0x83,0x62,0x83,0x67,0x83,0x4B,0x83,0x93)] = 17257
xi.synth_result_names_cp932[string.char(0x83,0x6F,0x83,0x93,0x83,0x66,0x83,0x62,0x83,0x68,0x83,0x77,0x83,0x8B,0x83,0x80)] = 12426
xi.synth_result_names_cp932[string.char(0x83,0x6F,0x83,0x93,0x83,0x66,0x83,0x62,0x83,0x68,0x83,0x81,0x83,0x43,0x83,0x8B)] = 12554
xi.synth_result_names_cp932[string.char(0x83,0x6F,0x83,0x93,0x83,0x70,0x83,0x43,0x83,0x41,0x83,0x57,0x83,0x85,0x81,0x5B,0x83,0x58)] = 4512
xi.synth_result_names_cp932[string.char(0x83,0x6F,0x83,0x93,0x83,0x75,0x81,0x5B,0x83,0x8D,0x83,0x62,0x83,0x68)] = 17389
xi.synth_result_names_cp932[string.char(0x83,0x6F,0x81,0x5B,0x83,0x68,0x83,0x60,0x83,0x83,0x81,0x5B,0x83,0x80)] = 25471
xi.synth_result_names_cp932[string.char(0x83,0x6F,0x81,0x5B,0x83,0x69,0x83,0x4E,0x83,0x8B)] = 5954
xi.synth_result_names_cp932[string.char(0x83,0x6F,0x81,0x5B,0x83,0x69,0x83,0x4E,0x83,0x8B,0x83,0x70,0x83,0x47,0x83,0x8A,0x83,0x41)] = 5974
xi.synth_result_names_cp932[string.char(0x83,0x6F,0x81,0x5B,0x83,0x6A,0x81,0x5B)] = 13740
xi.synth_result_names_cp932[string.char(0x83,0x6F,0x81,0x5B,0x83,0x6F,0x83,0x8A,0x83,0x41,0x83,0x93,0x83,0x78,0x83,0x8B,0x83,0x67)] = 13203
xi.synth_result_names_cp932[string.char(0x83,0x6F,0x81,0x5B,0x83,0x7E,0x83,0x8A,0x83,0x49,0x83,0x4E,0x83,0x8D,0x81,0x5B,0x83,0x4E)] = 13748
xi.synth_result_names_cp932[string.char(0x83,0x70,0x83,0x43,0x83,0x8C,0x81,0x5B,0x83,0x67,0x83,0x4B,0x83,0x93)] = 17259
xi.synth_result_names_cp932[string.char(0x83,0x70,0x83,0x43,0x83,0x93,0x83,0x57,0x83,0x85,0x81,0x5B,0x83,0x58)] = 4442
xi.synth_result_names_cp932[string.char(0x83,0x70,0x83,0x43,0x90,0xB6,0x92,0x6E)] = 616
xi.synth_result_names_cp932[string.char(0x83,0x70,0x83,0x45,0x83,0x5F,0x81,0x5B,0x83,0x75,0x81,0x5B,0x83,0x63)] = 15320
xi.synth_result_names_cp932[string.char(0x83,0x70,0x83,0x4E,0x83,0x5E,0x83,0x93,0x83,0x43,0x83,0x93,0x83,0x53,0x83,0x62,0x83,0x67)] = 1635
xi.synth_result_names_cp932[string.char(0x83,0x70,0x83,0x4E,0x83,0x5E,0x83,0x93,0x83,0x75,0x83,0x8C,0x83,0x62,0x83,0x67)] = 19228
xi.synth_result_names_cp932[string.char(0x83,0x70,0x83,0x58,0x83,0x67,0x83,0x89,0x83,0x8B,0x83,0x58,0x83,0x5E,0x83,0x62,0x83,0x74)] = 18591
xi.synth_result_names_cp932[string.char(0x83,0x70,0x83,0x5E)] = 16419
xi.synth_result_names_cp932[string.char(0x83,0x70,0x83,0x5E,0x81,0x5B,0x83,0x93,0x83,0x8A,0x81,0x5B,0x83,0x5F,0x81,0x5B)] = 2248
xi.synth_result_names_cp932[string.char(0x83,0x70,0x83,0x62,0x83,0x66,0x83,0x62,0x83,0x68,0x83,0x41,0x81,0x5B,0x83,0x7D,0x81,0x5B)] = 12578
xi.synth_result_names_cp932[string.char(0x83,0x70,0x83,0x62,0x83,0x66,0x83,0x62,0x83,0x68,0x83,0x4C,0x83,0x83,0x83,0x62,0x83,0x76)] = 12450
xi.synth_result_names_cp932[string.char(0x83,0x70,0x83,0x67,0x83,0x8B,0x83,0x57,0x83,0x83,0x83,0x54,0x83,0x89,0x83,0x5E)] = 5582
xi.synth_result_names_cp932[string.char(0x83,0x70,0x83,0x69,0x83,0x50,0x83,0x43,0x83,0x41)] = 4149
xi.synth_result_names_cp932[string.char(0x83,0x70,0x83,0x79,0x83,0x62,0x83,0x67,0x83,0x5E,0x81,0x5B,0x83,0x6F,0x83,0x93,0x94,0x92)] = 2502
xi.synth_result_names_cp932[string.char(0x83,0x70,0x83,0x79,0x83,0x62,0x83,0x67,0x83,0x5E,0x81,0x5B,0x83,0x6F,0x83,0x93,0x8D,0x95)] = 2501
xi.synth_result_names_cp932[string.char(0x83,0x70,0x83,0x7D,0x83,0x7D,0x82,0xCC,0x83,0x5E,0x83,0x8B,0x83,0x67)] = 4563
xi.synth_result_names_cp932[string.char(0x83,0x70,0x83,0x7D,0x83,0x7D,0x81,0x45,0x83,0x49,0x83,0x8C)] = 4302
xi.synth_result_names_cp932[string.char(0x83,0x70,0x83,0x7D,0x83,0x7D,0x82,0x60,0x83,0x5E,0x83,0x93,0x83,0x4E)] = 16226
xi.synth_result_names_cp932[string.char(0x83,0x70,0x83,0x89,0x83,0x58,0x82,0xCC,0x8D,0xBD)] = 765
xi.synth_result_names_cp932[string.char(0x83,0x70,0x83,0x89,0x83,0x58,0x83,0x43,0x83,0x93,0x83,0x53,0x83,0x62,0x83,0x67)] = 742
xi.synth_result_names_cp932[string.char(0x83,0x70,0x83,0x89,0x83,0x58,0x94,0xC2)] = 755
xi.synth_result_names_cp932[string.char(0x83,0x70,0x83,0x89,0x83,0x8A,0x83,0x56,0x83,0x58,0x83,0x41,0x83,0x8D,0x81,0x5B)] = 18696
xi.synth_result_names_cp932[string.char(0x83,0x70,0x83,0x8B,0x83,0x60,0x83,0x55,0x83,0x93)] = 16839
xi.synth_result_names_cp932[string.char(0x83,0x70,0x83,0x8B,0x83,0x7D,0x81,0x5B,0x83,0x6F,0x83,0x93,0x83,0x4F,0x83,0x8B)] = 14864
xi.synth_result_names_cp932[string.char(0x83,0x70,0x83,0x8F,0x81,0x5B,0x83,0x7B,0x83,0x45)] = 17161
xi.synth_result_names_cp932[string.char(0x83,0x70,0x83,0x93,0x83,0x54,0x81,0x5B,0x83,0x7D,0x83,0x58,0x83,0x4E)] = 13942
xi.synth_result_names_cp932[string.char(0x83,0x70,0x83,0x93,0x83,0x76,0x83,0x4C,0x83,0x93,0x83,0x50,0x81,0x5B,0x83,0x4C)] = 5631
xi.synth_result_names_cp932[string.char(0x83,0x70,0x83,0x93,0x83,0x76,0x83,0x4C,0x83,0x93,0x83,0x58,0x81,0x5B,0x83,0x76)] = 4430
xi.synth_result_names_cp932[string.char(0x83,0x70,0x83,0x93,0x83,0x76,0x83,0x4C,0x83,0x93,0x83,0x70,0x83,0x43)] = 4446
xi.synth_result_names_cp932[string.char(0x83,0x70,0x81,0x5B,0x83,0x4E,0x83,0x8D,0x81,0x5B,0x83,0x59)] = 374
xi.synth_result_names_cp932[string.char(0x83,0x70,0x81,0x5B,0x83,0x65,0x83,0x42,0x83,0x56,0x83,0x87,0x83,0x93)] = 357
xi.synth_result_names_cp932[string.char(0x83,0x70,0x81,0x5B,0x83,0x76,0x83,0x8B,0x83,0x43,0x83,0x84,0x83,0x8A,0x83,0x93,0x83,0x4F)] = 13346
xi.synth_result_names_cp932[string.char(0x83,0x70,0x81,0x5B,0x83,0x80,0x83,0x57,0x83,0x85,0x81,0x5B,0x83,0x58)] = 5976
xi.synth_result_names_cp932[string.char(0x83,0x70,0x81,0x5B,0x83,0x8B,0x83,0x73,0x83,0x41,0x83,0x58)] = 13317
xi.synth_result_names_cp932[string.char(0x83,0x70,0x81,0x5B,0x83,0x8B,0x83,0x8A,0x83,0x93,0x83,0x4F)] = 13483
xi.synth_result_names_cp932[string.char(0x83,0x71,0x83,0x62,0x83,0x52,0x83,0x8A,0x81,0x5B,0x83,0x56,0x81,0x5B,0x83,0x8B,0x83,0x68)] = 12359
xi.synth_result_names_cp932[string.char(0x83,0x71,0x83,0x6D,0x83,0x4C,0x8D,0xDE)] = 9246
xi.synth_result_names_cp932[string.char(0x83,0x71,0x83,0x7D,0x83,0x93,0x83,0x65,0x83,0x58)] = 16388
xi.synth_result_names_cp932[string.char(0x83,0x71,0x83,0x85,0x81,0x5B,0x83,0x80,0x8E,0xAE,0x92,0xDE,0x8A,0xC6)] = 17014
xi.synth_result_names_cp932[string.char(0x83,0x71,0x83,0x87,0x83,0x45)] = 17310
xi.synth_result_names_cp932[string.char(0x83,0x71,0x83,0x89,0x83,0x81,0x82,0xCC,0x83,0x80,0x83,0x6A,0x83,0x47,0x83,0x8B)] = 4584
xi.synth_result_names_cp932[string.char(0x83,0x71,0x83,0x8D,0x83,0x43,0x83,0x62,0x83,0x4E,0x83,0x75,0x81,0x5B,0x83,0x63)] = 14191
xi.synth_result_names_cp932[string.char(0x83,0x71,0x81,0x5B,0x83,0x5E,0x81,0x5B,0x83,0x56,0x81,0x5B,0x83,0x8B,0x83,0x68)] = 12307
xi.synth_result_names_cp932[string.char(0x83,0x71,0x81,0x5B,0x83,0x67,0x83,0x56,0x83,0x93,0x83,0x4E)] = 2259
xi.synth_result_names_cp932[string.char(0x83,0x71,0x81,0x5B,0x83,0x67,0x83,0x56,0x81,0x5B,0x83,0x4A,0x81,0x5B)] = 2256
xi.synth_result_names_cp932[string.char(0x83,0x71,0x81,0x5B,0x83,0x8B,0x83,0x57,0x83,0x85,0x83,0x58,0x83,0x67,0x83,0x52,0x83,0x8B)] = 14496
xi.synth_result_names_cp932[string.char(0x83,0x71,0x81,0x5B,0x83,0x8B,0x83,0x6E,0x81,0x5B,0x83,0x6C,0x83,0x58)] = 14495
xi.synth_result_names_cp932[string.char(0x83,0x71,0x81,0x5B,0x83,0x8B,0x83,0x78,0x83,0x58,0x83,0x67)] = 14493
xi.synth_result_names_cp932[string.char(0x83,0x71,0x81,0x5B,0x83,0x8B,0x83,0x81,0x83,0x43,0x83,0x8B)] = 14494
xi.synth_result_names_cp932[string.char(0x83,0x72,0x83,0x56,0x83,0x87,0x83,0x62,0x83,0x76,0x83,0x8D,0x81,0x5B,0x83,0x75)] = 13796
xi.synth_result_names_cp932[string.char(0x83,0x72,0x83,0x57,0x83,0x87,0x83,0x93,0x83,0x8A,0x83,0x93,0x83,0x4F)] = 15559
xi.synth_result_names_cp932[string.char(0x83,0x72,0x83,0x58,0x83,0x7D,0x83,0x58,0x82,0xCC,0xE8,0x56)] = 8705
xi.synth_result_names_cp932[string.char(0x83,0x72,0x83,0x58,0x83,0x7D,0x83,0x58,0x83,0x43,0x83,0x93,0x83,0x53,0x83,0x62,0x83,0x67)] = 8704
xi.synth_result_names_cp932[string.char(0x83,0x72,0x83,0x58,0x83,0x7D,0x83,0x58,0x94,0xC2)] = 4095
xi.synth_result_names_cp932[string.char(0x83,0x72,0x83,0x5E,0x81,0x5B,0x83,0x93)] = 2109
xi.synth_result_names_cp932[string.char(0x83,0x72,0x83,0x62,0x83,0x4A,0x81,0x5B,0x83,0x5C,0x81,0x5B,0x83,0x68)] = 20744
xi.synth_result_names_cp932[string.char(0x83,0x72,0x83,0x6F,0x83,0x56,0x83,0x65,0x83,0x42,0x83,0x52,0x81,0x5B,0x83,0x67)] = 11341
xi.synth_result_names_cp932[string.char(0x83,0x72,0x83,0x85,0x81,0x5B,0x83,0x8D,0x81,0x5B)] = 30
xi.synth_result_names_cp932[string.char(0x83,0x72,0x83,0x8B,0x83,0x7B)] = 16512
xi.synth_result_names_cp932[string.char(0x83,0x72,0x83,0x8D,0x81,0x5B,0x83,0x68)] = 828
xi.synth_result_names_cp932[string.char(0x83,0x72,0x83,0x8D,0x81,0x5B,0x83,0x68,0x83,0x4A,0x83,0x74,0x83,0x58)] = 12731
xi.synth_result_names_cp932[string.char(0x83,0x72,0x83,0x8D,0x81,0x5B,0x83,0x68,0x83,0x58,0x83,0x8D,0x83,0x62,0x83,0x76,0x83,0x58)] = 12859
xi.synth_result_names_cp932[string.char(0x83,0x72,0x83,0x8D,0x81,0x5B,0x83,0x68,0x83,0x6E,0x83,0x62,0x83,0x67)] = 12475
xi.synth_result_names_cp932[string.char(0x83,0x72,0x83,0x8D,0x81,0x5B,0x83,0x68,0x83,0x8D,0x81,0x5B,0x83,0x75)] = 12603
xi.synth_result_names_cp932[string.char(0x83,0x72,0x81,0x5B,0x83,0x4E,0x83,0x4F,0x83,0x8D,0x81,0x5B,0x83,0x75)] = 13700
xi.synth_result_names_cp932[string.char(0x83,0x72,0x81,0x5B,0x83,0x4E,0x83,0x57,0x83,0x83,0x81,0x5B,0x83,0x4C,0x83,0x93)] = 13699
xi.synth_result_names_cp932[string.char(0x83,0x72,0x81,0x5B,0x83,0x4E,0x83,0x67,0x83,0x89,0x83,0x45,0x83,0x55)] = 12829
xi.synth_result_names_cp932[string.char(0x83,0x72,0x81,0x5B,0x83,0x4E,0x83,0x6C,0x83,0x62,0x83,0x4E,0x83,0x8C,0x83,0x58)] = 16263
xi.synth_result_names_cp932[string.char(0x83,0x72,0x81,0x5B,0x83,0x4E,0x83,0x77,0x83,0x8B,0x83,0x80)] = 13698
xi.synth_result_names_cp932[string.char(0x83,0x72,0x81,0x5B,0x83,0x4E,0x83,0x7D,0x83,0x93,0x83,0x67)] = 13597
xi.synth_result_names_cp932[string.char(0x83,0x72,0x81,0x5B,0x83,0x4E,0x83,0x8C,0x83,0x66,0x83,0x8B,0x83,0x5A,0x83,0x93)] = 13702
xi.synth_result_names_cp932[string.char(0x83,0x72,0x81,0x5B,0x83,0x58,0x83,0x67,0x83,0x7A,0x81,0x5B,0x83,0x93)] = 2002
xi.synth_result_names_cp932[string.char(0x83,0x72,0x81,0x5B,0x83,0x58,0x83,0x70,0x83,0x5E)] = 16572
xi.synth_result_names_cp932[string.char(0x83,0x72,0x81,0x5B,0x83,0x60,0x8D,0xDE)] = 709
xi.synth_result_names_cp932[string.char(0x83,0x72,0x81,0x5B,0x83,0x67,0x83,0x8B,0x83,0x41,0x83,0x8D,0x81,0x5B)] = 18154
xi.synth_result_names_cp932[string.char(0x83,0x72,0x81,0x5B,0x83,0x67,0x83,0x8B,0x83,0x53,0x83,0x8B,0x83,0x51,0x83,0x62,0x83,0x67)] = 13090
xi.synth_result_names_cp932[string.char(0x83,0x72,0x81,0x5B,0x83,0x67,0x83,0x8B,0x83,0x54,0x83,0x75,0x83,0x8A,0x83,0x4B)] = 12835
xi.synth_result_names_cp932[string.char(0x83,0x72,0x81,0x5B,0x83,0x67,0x83,0x8B,0x83,0x69,0x83,0x43,0x83,0x74)] = 17612
xi.synth_result_names_cp932[string.char(0x83,0x72,0x81,0x5B,0x83,0x67,0x83,0x8B,0x83,0x6E,0x81,0x5B,0x83,0x6C,0x83,0x58)] = 12583
xi.synth_result_names_cp932[string.char(0x83,0x72,0x81,0x5B,0x83,0x67,0x83,0x8B,0x83,0x73,0x83,0x41,0x83,0x58)] = 13323
xi.synth_result_names_cp932[string.char(0x83,0x72,0x81,0x5B,0x83,0x67,0x83,0x8B,0x83,0x7D,0x83,0x58,0x83,0x4E)] = 12455
xi.synth_result_names_cp932[string.char(0x83,0x72,0x81,0x5B,0x83,0x67,0x83,0x8B,0x83,0x7E,0x83,0x67,0x83,0x93)] = 12711
xi.synth_result_names_cp932[string.char(0x83,0x72,0x81,0x5B,0x83,0x67,0x83,0x8B,0x83,0x8A,0x83,0x93,0x83,0x4F)] = 13457
xi.synth_result_names_cp932[string.char(0x83,0x72,0x81,0x5B,0x83,0x67,0x83,0x8B,0x83,0x8C,0x83,0x4D,0x83,0x93,0x83,0x58)] = 12967
xi.synth_result_names_cp932[string.char(0x83,0x73,0x83,0x41,0x83,0x62,0x83,0x56,0x83,0x93,0x83,0x4F,0x83,0x5F,0x83,0x4B,0x81,0x5B)] = 18029
xi.synth_result_names_cp932[string.char(0x83,0x73,0x83,0x4B,0x83,0x62,0x83,0x56,0x83,0x85)] = 12988
xi.synth_result_names_cp932[string.char(0x83,0x73,0x83,0x55,0x83,0x4A,0x83,0x62,0x83,0x5E,0x81,0x5B)] = 8740
xi.synth_result_names_cp932[string.char(0x83,0x73,0x83,0x55,0x90,0xB6,0x92,0x6E)] = 2561
xi.synth_result_names_cp932[string.char(0x83,0x73,0x83,0x57,0x83,0x87,0x83,0x93,0x83,0x73,0x83,0x41,0x83,0x58)] = 14722
xi.synth_result_names_cp932[string.char(0x83,0x73,0x83,0x5E,0x83,0x54,0x83,0x93,0x83,0x68)] = 5889
xi.synth_result_names_cp932[string.char(0x83,0x73,0x83,0x62,0x83,0x52,0x83,0x8D)] = 17347
xi.synth_result_names_cp932[string.char(0x83,0x73,0x83,0x73,0x83,0x89,0x82,0xCC,0x89,0x96,0x8F,0xC4,0x82,0xAB)] = 4538
xi.synth_result_names_cp932[string.char(0x83,0x73,0x83,0x83,0x83,0x47,0x83,0x4E,0x83,0x47,0x83,0x78,0x83,0x8B,0x83,0x67)] = 28464
xi.synth_result_names_cp932[string.char(0x83,0x73,0x81,0x5B,0x83,0x58,0x83,0x50,0x81,0x5B,0x83,0x76)] = 13629
xi.synth_result_names_cp932[string.char(0x83,0x73,0x81,0x5B,0x83,0x76,0x81,0x5B,0x83,0x4E,0x82,0xCC,0x96,0xEE,0x89,0x48,0x8D,0xAA)] = 3506
xi.synth_result_names_cp932[string.char(0x83,0x73,0x81,0x5B,0x83,0x8B,0x83,0x41,0x83,0x6C,0x83,0x89,0x83,0x58)] = 17703
xi.synth_result_names_cp932[string.char(0x83,0x73,0x81,0x5B,0x83,0x8B,0x83,0x69,0x81,0x5B,0x83,0x4B,0x83,0x93)] = 16954
xi.synth_result_names_cp932[string.char(0x83,0x73,0x81,0x5B,0x83,0x8B,0x83,0x75,0x83,0x62,0x83,0x66,0x83,0x42,0x83,0x4B,0x83,0x93)] = 17470
xi.synth_result_names_cp932[string.char(0x83,0x74,0x83,0x40,0x83,0x43,0x83,0x41,0x83,0x4A,0x81,0x5B,0x83,0x68)] = 2176
xi.synth_result_names_cp932[string.char(0x83,0x74,0x83,0x40,0x83,0x43,0x83,0x41,0x83,0x58,0x83,0x5E,0x83,0x62,0x83,0x74)] = 17545
xi.synth_result_names_cp932[string.char(0x83,0x74,0x83,0x40,0x83,0x43,0x83,0x41,0x83,0x5C,0x81,0x5B,0x83,0x68)] = 16543
xi.synth_result_names_cp932[string.char(0x83,0x74,0x83,0x40,0x83,0x43,0x83,0x41,0x83,0x75,0x83,0x8C,0x81,0x5B,0x83,0x54,0x81,0x5B)] = 14991
xi.synth_result_names_cp932[string.char(0x83,0x74,0x83,0x40,0x83,0x43,0x83,0x41,0x83,0x89,0x83,0x93,0x83,0x76)] = 207
xi.synth_result_names_cp932[string.char(0x83,0x74,0x83,0x40,0x83,0x45,0x83,0x89,0x81,0x5B,0x83,0x7D,0x83,0x93,0x83,0x67)] = 11535
xi.synth_result_names_cp932[string.char(0x83,0x74,0x83,0x40,0x83,0x69,0x83,0x58,0x83,0x5E,0x83,0x6F,0x83,0x8B,0x83,0x57,0x83,0x93)] = 17949
xi.synth_result_names_cp932[string.char(0x83,0x74,0x83,0x40,0x83,0x8B,0x83,0x4E,0x83,0x58)] = 18375
xi.synth_result_names_cp932[string.char(0x83,0x74,0x83,0x40,0x83,0x8B,0x83,0x56,0x83,0x49,0x83,0x93)] = 16558
xi.synth_result_names_cp932[string.char(0x83,0x74,0x83,0x40,0x83,0x8B,0x83,0x56,0x83,0x83,0x83,0x80,0x83,0x78,0x81,0x5B,0x83,0x58)] = 126
xi.synth_result_names_cp932[string.char(0x83,0x74,0x83,0x40,0x83,0x93,0x83,0x4F,0x83,0x41,0x83,0x8D,0x81,0x5B)] = 17332
xi.synth_result_names_cp932[string.char(0x83,0x74,0x83,0x40,0x83,0x93,0x83,0x4F,0x83,0x43,0x83,0x84,0x83,0x8A,0x83,0x93,0x83,0x4F)] = 13325
xi.synth_result_names_cp932[string.char(0x83,0x74,0x83,0x40,0x83,0x93,0x83,0x4F,0x83,0x6C,0x83,0x62,0x83,0x4E,0x83,0x8C,0x83,0x58)] = 13076
xi.synth_result_names_cp932[string.char(0x83,0x74,0x83,0x40,0x83,0x93,0x83,0x67,0x83,0x80,0x83,0x73,0x83,0x41,0x83,0x58)] = 14727
xi.synth_result_names_cp932[string.char(0x83,0x74,0x83,0x42,0x83,0x4E,0x83,0x65,0x83,0x42,0x83,0x8B,0x83,0x7C,0x83,0x62,0x83,0x67)] = 3608
xi.synth_result_names_cp932[string.char(0x83,0x74,0x83,0x42,0x83,0x4E,0x83,0x8A,0x83,0x4A,0x83,0x5B,0x83,0x8A,0x81,0x5B)] = 5978
xi.synth_result_names_cp932[string.char(0x83,0x74,0x83,0x42,0x83,0x62,0x83,0x56,0x83,0x83,0x83,0x4F,0x83,0x8D,0x81,0x5B,0x83,0x75)] = 14070
xi.synth_result_names_cp932[string.char(0x83,0x74,0x83,0x42,0x83,0x62,0x83,0x56,0x83,0x83,0x83,0x60,0x83,0x85,0x83,0x6A,0x83,0x4A)] = 13808
xi.synth_result_names_cp932[string.char(0x83,0x74,0x83,0x42,0x83,0x62,0x83,0x56,0x83,0x83,0x83,0x75,0x81,0x5B,0x83,0x63)] = 14171
xi.synth_result_names_cp932[string.char(0x83,0x74,0x83,0x42,0x83,0x62,0x83,0x56,0x83,0x83,0x83,0x7A,0x81,0x5B,0x83,0x59)] = 14292
xi.synth_result_names_cp932[string.char(0x83,0x74,0x83,0x42,0x83,0x62,0x83,0x56,0x83,0x85,0x81,0x95,0x83,0x60,0x83,0x62,0x83,0x76)] = 5145
xi.synth_result_names_cp932[string.char(0x83,0x74,0x83,0x42,0x83,0x6C,0x83,0x58,0x83,0x4F,0x83,0x8D,0x81,0x5B,0x83,0x75)] = 15055
xi.synth_result_names_cp932[string.char(0x83,0x74,0x83,0x42,0x83,0x8B,0x83,0x93,0x83,0x41,0x83,0x62,0x83,0x4E,0x83,0x58)] = 18522
xi.synth_result_names_cp932[string.char(0x83,0x74,0x83,0x42,0x83,0x93,0x83,0x58,0x83,0x56)] = 5665
xi.synth_result_names_cp932[string.char(0x83,0x74,0x83,0x42,0x81,0x5B,0x83,0x58,0x83,0x67,0x83,0x65,0x81,0x5B,0x83,0x75,0x83,0x8B)] = 424
xi.synth_result_names_cp932[string.char(0x83,0x74,0x83,0x42,0x81,0x5B,0x83,0x8B,0x83,0x68,0x83,0x4F,0x83,0x8D,0x81,0x5B,0x83,0x75)] = 14817
xi.synth_result_names_cp932[string.char(0x83,0x74,0x83,0x42,0x81,0x5B,0x83,0x8B,0x83,0x68,0x83,0x60,0x83,0x85,0x83,0x6A,0x83,0x4A)] = 14374
xi.synth_result_names_cp932[string.char(0x83,0x74,0x83,0x42,0x81,0x5B,0x83,0x8B,0x83,0x68,0x83,0x75,0x81,0x5B,0x83,0x63)] = 14176
xi.synth_result_names_cp932[string.char(0x83,0x74,0x83,0x42,0x81,0x5B,0x83,0x8B,0x83,0x68,0x83,0x7A,0x81,0x5B,0x83,0x59)] = 14297
xi.synth_result_names_cp932[string.char(0x83,0x74,0x83,0x46,0x83,0x43,0x83,0x45,0x83,0x42,0x83,0x8B,0x83,0x68,0x8D,0xDE)] = 2762
xi.synth_result_names_cp932[string.char(0x83,0x74,0x83,0x46,0x83,0x43,0x83,0x4E,0x83,0x8D,0x81,0x5B,0x83,0x57,0x83,0x83,0x81,0x5B)] = 18601
xi.synth_result_names_cp932[string.char(0x83,0x74,0x83,0x46,0x83,0x43,0x83,0x57,0x83,0x46,0x83,0x93,0x83,0x5F,0x83,0x8F)] = 18736
xi.synth_result_names_cp932[string.char(0x83,0x74,0x83,0x46,0x83,0x43,0x83,0x58,0x83,0x4B,0x81,0x5B,0x83,0x68)] = 12432
xi.synth_result_names_cp932[string.char(0x83,0x74,0x83,0x46,0x83,0x43,0x83,0x58,0x83,0x5E,0x83,0x62,0x83,0x74)] = 18602
xi.synth_result_names_cp932[string.char(0x83,0x74,0x83,0x46,0x83,0x43,0x83,0x89,0x83,0x93,0x83,0x58)] = 19303
xi.synth_result_names_cp932[string.char(0x83,0x74,0x83,0x46,0x83,0x43,0x83,0x93,0x83,0x6F,0x83,0x5B,0x83,0x89,0x81,0x5B,0x83,0x68)] = 19115
xi.synth_result_names_cp932[string.char(0x83,0x74,0x83,0x46,0x83,0x43,0x83,0x93,0x83,0x77,0x83,0x4C,0x83,0x54,0x83,0x4B,0x83,0x93)] = 18737
xi.synth_result_names_cp932[string.char(0x83,0x74,0x83,0x46,0x83,0x55,0x81,0x5B,0x83,0x4A,0x83,0x89,0x81,0x5B)] = 13075
xi.synth_result_names_cp932[string.char(0x83,0x74,0x83,0x48,0x83,0x58,0x83,0x78,0x83,0x8B,0x83,0x67)] = 10836
xi.synth_result_names_cp932[string.char(0x83,0x74,0x83,0x48,0x83,0x5A)] = 16957
xi.synth_result_names_cp932[string.char(0x83,0x74,0x83,0x48,0x83,0x73,0x83,0x60,0x83,0x85,0x83,0x6A,0x83,0x4A)] = 26877
xi.synth_result_names_cp932[string.char(0x83,0x74,0x83,0x48,0x83,0x8B,0x83,0x73,0x82,0xCC,0x82,0xC8,0x82,0xDF,0x82,0xB5,0x8A,0x76)] = 9254
xi.synth_result_names_cp932[string.char(0x83,0x74,0x83,0x48,0x81,0x5B,0x83,0x4A,0x83,0x58,0x83,0x4A,0x83,0x89,0x81,0x5B)] = 16301
xi.synth_result_names_cp932[string.char(0x83,0x74,0x83,0x4A,0x83,0x71,0x83,0x8C,0x83,0x58,0x81,0x5B,0x83,0x76)] = 4452
xi.synth_result_names_cp932[string.char(0x83,0x74,0x83,0x4A,0x83,0x71,0x83,0x8C,0x8E,0x70,0x8E,0xCF)] = 6069
xi.synth_result_names_cp932[string.char(0x83,0x74,0x83,0x54,0x83,0x8B,0x83,0x4E,0x83,0x67,0x83,0x8B,0x83,0x4E)] = 25543
xi.synth_result_names_cp932[string.char(0x83,0x74,0x83,0x69,0x82,0xB8,0x82,0xB5)] = 4407
xi.synth_result_names_cp932[string.char(0x83,0x74,0x83,0x69,0x82,0xCC,0x89,0x96,0x8F,0xC4,0x82,0xAB)] = 4537
xi.synth_result_names_cp932[string.char(0x83,0x74,0x83,0x69,0x90,0xD8,0x82,0xE8,0x90,0x67)] = 16994
xi.synth_result_names_cp932[string.char(0x83,0x74,0x83,0x89,0x83,0x43)] = 17405
xi.synth_result_names_cp932[string.char(0x83,0x74,0x83,0x89,0x83,0x62,0x83,0x56,0x83,0x85,0x83,0x6F,0x83,0x8B,0x83,0x75)] = 2263
xi.synth_result_names_cp932[string.char(0x83,0x74,0x83,0x89,0x83,0x93,0x83,0x57,0x83,0x68,0x83,0x81,0x83,0x43,0x83,0x58)] = 18858
xi.synth_result_names_cp932[string.char(0x83,0x74,0x83,0x89,0x83,0x93,0x83,0x78,0x83,0x8B,0x83,0x57,0x83,0x85)] = 16596
xi.synth_result_names_cp932[string.char(0x83,0x74,0x83,0x8A,0x83,0x4D,0x83,0x41,0x83,0x43,0x83,0x93,0x83,0x53,0x83,0x62,0x83,0x67)] = 743
xi.synth_result_names_cp932[string.char(0x83,0x74,0x83,0x8A,0x83,0x4D,0x83,0x41,0x83,0x53,0x81,0x5B,0x83,0x8B,0x83,0x68,0x94,0xC2)] = 753
xi.synth_result_names_cp932[string.char(0x83,0x74,0x83,0x8A,0x83,0x4D,0x83,0x41,0x83,0x73,0x83,0x41,0x83,0x58)] = 11725
xi.synth_result_names_cp932[string.char(0x83,0x74,0x83,0x8A,0x83,0x4D,0x83,0x41,0x83,0x8A,0x83,0x93,0x83,0x4F)] = 11664
xi.synth_result_names_cp932[string.char(0x83,0x74,0x83,0x8A,0x83,0x93,0x83,0x67,0x83,0x4B,0x83,0x89,0x83,0x58,0x94,0xC2)] = 2460
xi.synth_result_names_cp932[string.char(0x83,0x74,0x83,0x8A,0x83,0x93,0x83,0x67,0x83,0x4C,0x83,0x83,0x83,0x72,0x83,0x41)] = 4276
xi.synth_result_names_cp932[string.char(0x83,0x74,0x83,0x8B,0x81,0x5B,0x83,0x63,0x83,0x70,0x83,0x74,0x83,0x46)] = 6063
xi.synth_result_names_cp932[string.char(0x83,0x74,0x83,0x8B,0x81,0x5B,0x83,0x67)] = 17345
xi.synth_result_names_cp932[string.char(0x83,0x74,0x83,0x8B,0x81,0x5B,0x83,0x8C)] = 16524
xi.synth_result_names_cp932[string.char(0x83,0x74,0x83,0x8C,0x83,0x43,0x83,0x80,0x83,0x4E,0x83,0x8C,0x83,0x43,0x83,0x82,0x83,0x41)] = 16588
xi.synth_result_names_cp932[string.char(0x83,0x74,0x83,0x8C,0x83,0x43,0x83,0x80,0x83,0x66,0x81,0x5B,0x83,0x51,0x83,0x93)] = 16522
xi.synth_result_names_cp932[string.char(0x83,0x74,0x83,0x8C,0x83,0x43,0x83,0x80,0x83,0x75,0x83,0x8C,0x81,0x5B,0x83,0x68)] = 16564
xi.synth_result_names_cp932[string.char(0x83,0x74,0x83,0x8C,0x83,0x43,0x83,0x80,0x83,0x7A,0x83,0x8B,0x83,0x5F,0x81,0x5B)] = 2409
xi.synth_result_names_cp932[string.char(0x83,0x74,0x83,0x8C,0x83,0x43,0x83,0x80,0x83,0x8A,0x83,0x93,0x83,0x4F)] = 14630
xi.synth_result_names_cp932[string.char(0x83,0x74,0x83,0x8C,0x83,0x4C,0x83,0x56,0x83,0x75,0x83,0x8B,0x83,0x7C,0x81,0x5B,0x83,0x8B)] = 18586
xi.synth_result_names_cp932[string.char(0x83,0x74,0x83,0x8C,0x81,0x5B,0x83,0x67,0x83,0x7C,0x81,0x5B,0x83,0x8B)] = 18628
xi.synth_result_names_cp932[string.char(0x83,0x74,0x83,0x8D,0x83,0x58,0x83,0x65,0x83,0x42,0x83,0x4C,0x83,0x83,0x83,0x62,0x83,0x76)] = 26728
xi.synth_result_names_cp932[string.char(0x83,0x74,0x83,0x8D,0x83,0x62,0x83,0x4F,0x83,0x8B,0x83,0x41,0x81,0x5B)] = 17403
xi.synth_result_names_cp932[string.char(0x83,0x74,0x83,0x8D,0x81,0x5B,0x83,0x89,0x83,0x43,0x83,0x67)] = 810
xi.synth_result_names_cp932[string.char(0x83,0x74,0x83,0x8D,0x81,0x5B,0x83,0x89,0x83,0x43,0x83,0x67,0x83,0x8A,0x83,0x93,0x83,0x4F)] = 13487
xi.synth_result_names_cp932[string.char(0x83,0x74,0x81,0x5B,0x83,0x89,0x81,0x5B,0x83,0x68)] = 2705
xi.synth_result_names_cp932[string.char(0x83,0x75,0x83,0x4B,0x81,0x5B,0x83,0x68,0x82,0xCC,0x82,0xC8,0x82,0xDF,0x82,0xB5,0x8A,0x76)] = 1637
xi.synth_result_names_cp932[string.char(0x83,0x75,0x83,0x4B,0x81,0x5B,0x83,0x68,0x83,0x58,0x83,0x67,0x83,0x89,0x83,0x62,0x83,0x76)] = 19017
xi.synth_result_names_cp932[string.char(0x83,0x75,0x83,0x59,0x83,0x6F,0x83,0x54,0x83,0x43,0x83,0x93,0x83,0x65,0x83,0x42)] = 18791
xi.synth_result_names_cp932[string.char(0x83,0x75,0x83,0x62,0x83,0x4E,0x83,0x56,0x83,0x46,0x83,0x8B,0x83,0x74)] = 77
xi.synth_result_names_cp932[string.char(0x83,0x75,0x83,0x62,0x83,0x4E,0x83,0x58,0x83,0x5E,0x83,0x62,0x83,0x4E)] = 354
xi.synth_result_names_cp932[string.char(0x83,0x75,0x83,0x62,0x83,0x4E,0x83,0x58,0x83,0x67,0x83,0x62,0x83,0x4A,0x81,0x5B)] = 76
xi.synth_result_names_cp932[string.char(0x83,0x75,0x83,0x62,0x83,0x56,0x83,0x85,0x83,0x49,0x83,0x56,0x83,0x87,0x83,0x52,0x83,0x89)] = 5550
xi.synth_result_names_cp932[string.char(0x83,0x75,0x83,0x62,0x83,0x66,0x83,0x42,0x83,0x4B,0x83,0x93)] = 17038
xi.synth_result_names_cp932[string.char(0x83,0x75,0x83,0x63,0x83,0x69,0x81,0x5B,0x83,0x56,0x81,0x5B,0x83,0x8B,0x83,0x68)] = 28671
xi.synth_result_names_cp932[string.char(0x83,0x75,0x83,0x68,0x83,0x45,0x91,0xE5,0x95,0x9F)] = 6343
xi.synth_result_names_cp932[string.char(0x83,0x75,0x83,0x89,0x83,0x43,0x83,0x93,0x83,0x5F,0x83,0x4B,0x81,0x5B)] = 16454
xi.synth_result_names_cp932[string.char(0x83,0x75,0x83,0x89,0x83,0x43,0x83,0x93,0x83,0x69,0x83,0x43,0x83,0x74)] = 16471
xi.synth_result_names_cp932[string.char(0x83,0x75,0x83,0x89,0x83,0x43,0x83,0x93,0x83,0x7B,0x83,0x8B,0x83,0x67)] = 18150
xi.synth_result_names_cp932[string.char(0x83,0x75,0x83,0x89,0x83,0x58,0x82,0xCC,0x8F,0xAC,0x8E,0x44)] = 673
xi.synth_result_names_cp932[string.char(0x83,0x75,0x83,0x89,0x83,0x58,0x82,0xCC,0x8D,0xBD)] = 764
xi.synth_result_names_cp932[string.char(0x83,0x75,0x83,0x89,0x83,0x58,0x83,0x41,0x83,0x4E,0x83,0x58)] = 16641
xi.synth_result_names_cp932[string.char(0x83,0x75,0x83,0x89,0x83,0x58,0x83,0x43,0x83,0x93,0x83,0x53,0x83,0x62,0x83,0x67)] = 650
xi.synth_result_names_cp932[string.char(0x83,0x75,0x83,0x89,0x83,0x58,0x83,0x4C,0x83,0x83,0x83,0x62,0x83,0x76)] = 12449
xi.synth_result_names_cp932[string.char(0x83,0x75,0x83,0x89,0x83,0x58,0x83,0x4E,0x83,0x45,0x83,0x42,0x83,0x58)] = 12817
xi.synth_result_names_cp932[string.char(0x83,0x75,0x83,0x89,0x83,0x58,0x83,0x4F,0x83,0x8A,0x83,0x62,0x83,0x76)] = 19009
xi.synth_result_names_cp932[string.char(0x83,0x75,0x83,0x89,0x83,0x58,0x83,0x4F,0x83,0x8A,0x81,0x5B,0x83,0x94)] = 12945
xi.synth_result_names_cp932[string.char(0x83,0x75,0x83,0x89,0x83,0x58,0x83,0x54,0x83,0x43,0x83,0x74,0x83,0x48,0x83,0x58)] = 16531
xi.synth_result_names_cp932[string.char(0x83,0x75,0x83,0x89,0x83,0x58,0x83,0x54,0x83,0x75,0x83,0x8A,0x83,0x4B)] = 12833
xi.synth_result_names_cp932[string.char(0x83,0x75,0x83,0x89,0x83,0x58,0x83,0x55,0x83,0x4F,0x83,0x69,0x83,0x8B)] = 16769
xi.synth_result_names_cp932[string.char(0x83,0x75,0x83,0x89,0x83,0x58,0x83,0x57,0x83,0x83,0x83,0x5F,0x83,0x4F,0x83,0x69)] = 18848
xi.synth_result_names_cp932[string.char(0x83,0x75,0x83,0x89,0x83,0x58,0x83,0x58,0x83,0x50,0x83,0x43,0x83,0x8B)] = 12561
xi.synth_result_names_cp932[string.char(0x83,0x75,0x83,0x89,0x83,0x58,0x83,0x58,0x83,0x73,0x83,0x41)] = 16834
xi.synth_result_names_cp932[string.char(0x83,0x75,0x83,0x89,0x83,0x58,0x83,0x5E,0x83,0x93,0x83,0x4E)] = 1656
xi.synth_result_names_cp932[string.char(0x83,0x75,0x83,0x89,0x83,0x58,0x83,0x5F,0x83,0x4B,0x81,0x5B)] = 16449
xi.synth_result_names_cp932[string.char(0x83,0x75,0x83,0x89,0x83,0x58,0x83,0x69,0x83,0x62,0x83,0x4E,0x83,0x8B)] = 16391
xi.synth_result_names_cp932[string.char(0x83,0x75,0x83,0x89,0x83,0x58,0x83,0x6E,0x83,0x93,0x83,0x7D,0x81,0x5B)] = 17043
xi.synth_result_names_cp932[string.char(0x83,0x75,0x83,0x89,0x83,0x58,0x83,0x6E,0x81,0x5B,0x83,0x6C,0x83,0x58)] = 12577
xi.synth_result_names_cp932[string.char(0x83,0x75,0x83,0x89,0x83,0x58,0x83,0x6F,0x83,0x4F,0x83,0x69,0x83,0x45)] = 16407
xi.synth_result_names_cp932[string.char(0x83,0x75,0x83,0x89,0x83,0x58,0x83,0x74,0x83,0x42,0x83,0x93,0x83,0x4B,0x81,0x5B)] = 12689
xi.synth_result_names_cp932[string.char(0x83,0x75,0x83,0x89,0x83,0x58,0x83,0x7D,0x83,0x58,0x83,0x4E)] = 12433
xi.synth_result_names_cp932[string.char(0x83,0x75,0x83,0x89,0x83,0x58,0x83,0x7E,0x83,0x67,0x83,0x93)] = 12705
xi.synth_result_names_cp932[string.char(0x83,0x75,0x83,0x89,0x83,0x58,0x83,0x8A,0x83,0x93,0x83,0x4F)] = 13465
xi.synth_result_names_cp932[string.char(0x83,0x75,0x83,0x89,0x83,0x58,0x83,0x8C,0x83,0x4D,0x83,0x93,0x83,0x58)] = 12961
xi.synth_result_names_cp932[string.char(0x83,0x75,0x83,0x89,0x83,0x58,0x83,0x8D,0x83,0x62,0x83,0x68)] = 17081
xi.synth_result_names_cp932[string.char(0x83,0x75,0x83,0x89,0x83,0x58,0x94,0xC2)] = 661
xi.synth_result_names_cp932[string.char(0x83,0x75,0x83,0x89,0x83,0x62,0x83,0x4E,0x83,0x41,0x83,0x5F,0x81,0x5B,0x83,0x4B)] = 18750
xi.synth_result_names_cp932[string.char(0x83,0x75,0x83,0x89,0x83,0x62,0x83,0x4E,0x83,0x4A,0x83,0x8C,0x81,0x5B)] = 4297
xi.synth_result_names_cp932[string.char(0x83,0x75,0x83,0x89,0x83,0x62,0x83,0x4E,0x83,0x4A,0x83,0x8C,0x81,0x5B,0x83,0x70,0x83,0x93)] = 5758
xi.synth_result_names_cp932[string.char(0x83,0x75,0x83,0x89,0x83,0x62,0x83,0x4E,0x83,0x4B,0x83,0x68,0x83,0x8A,0x83,0x93,0x83,0x4F)] = 14010
xi.synth_result_names_cp932[string.char(0x83,0x75,0x83,0x89,0x83,0x62,0x83,0x4E,0x83,0x4E,0x83,0x45,0x83,0x42,0x83,0x58)] = 15400
xi.synth_result_names_cp932[string.char(0x83,0x75,0x83,0x89,0x83,0x62,0x83,0x4E,0x83,0x4E,0x83,0x8D,0x81,0x5B,0x83,0x4E)] = 13779
xi.synth_result_names_cp932[string.char(0x83,0x75,0x83,0x89,0x83,0x62,0x83,0x4E,0x83,0x50,0x81,0x5B,0x83,0x76)] = 13577
xi.synth_result_names_cp932[string.char(0x83,0x75,0x83,0x89,0x83,0x62,0x83,0x4E,0x83,0x52,0x83,0x5E,0x83,0x8B,0x83,0x66,0x83,0x42)] = 13754
xi.synth_result_names_cp932[string.char(0x83,0x75,0x83,0x89,0x83,0x62,0x83,0x4E,0x83,0x54,0x83,0x8A,0x83,0x62,0x83,0x67)] = 13887
xi.synth_result_names_cp932[string.char(0x83,0x75,0x83,0x89,0x83,0x62,0x83,0x4E,0x83,0x59,0x83,0x7B,0x83,0x93)] = 12865
xi.synth_result_names_cp932[string.char(0x83,0x75,0x83,0x89,0x83,0x62,0x83,0x4E,0x83,0x5C,0x83,0x8B,0x83,0x8C,0x83,0x62,0x83,0x67)] = 15339
xi.synth_result_names_cp932[string.char(0x83,0x75,0x83,0x89,0x83,0x62,0x83,0x4E,0x83,0x60,0x83,0x85,0x83,0x6A,0x83,0x62,0x83,0x4E)] = 12609
xi.synth_result_names_cp932[string.char(0x83,0x75,0x83,0x89,0x83,0x62,0x83,0x4E,0x83,0x73,0x83,0x41,0x83,0x58)] = 13320
xi.synth_result_names_cp932[string.char(0x83,0x75,0x83,0x89,0x83,0x62,0x83,0x4E,0x83,0x76,0x83,0x8A,0x83,0x93)] = 5552
xi.synth_result_names_cp932[string.char(0x83,0x75,0x83,0x89,0x83,0x62,0x83,0x4E,0x83,0x7B,0x83,0x8B,0x83,0x67)] = 19200
xi.synth_result_names_cp932[string.char(0x83,0x75,0x83,0x89,0x83,0x62,0x83,0x4E,0x83,0x7B,0x83,0x8B,0x83,0x67,0x82,0xCC,0xE8,0x56)] = 2546
xi.synth_result_names_cp932[string.char(0x83,0x75,0x83,0x89,0x83,0x62,0x83,0x4E,0x83,0x7D,0x83,0x93,0x83,0x67)] = 13641
xi.synth_result_names_cp932[string.char(0x83,0x75,0x83,0x89,0x83,0x62,0x83,0x4E,0x83,0x7E,0x83,0x67,0x83,0x93)] = 12739
xi.synth_result_names_cp932[string.char(0x83,0x75,0x83,0x89,0x83,0x62,0x83,0x4E,0x83,0x8A,0x83,0x93,0x83,0x4F)] = 13482
xi.synth_result_names_cp932[string.char(0x83,0x75,0x83,0x89,0x83,0x62,0x83,0x66,0x83,0x42,0x83,0x41,0x83,0x4E,0x83,0x67,0x83,0x93)] = 13772
xi.synth_result_names_cp932[string.char(0x83,0x75,0x83,0x89,0x83,0x62,0x83,0x66,0x83,0x42,0x83,0x5C,0x81,0x5B,0x83,0x68)] = 16609
xi.synth_result_names_cp932[string.char(0x83,0x75,0x83,0x89,0x83,0x62,0x83,0x66,0x83,0x42,0x83,0x60,0x83,0x87,0x83,0x52)] = 5646
xi.synth_result_names_cp932[string.char(0x83,0x75,0x83,0x89,0x83,0x62,0x83,0x66,0x83,0x42,0x83,0x75,0x83,0x8C,0x81,0x5B,0x83,0x68)] = 16556
xi.synth_result_names_cp932[string.char(0x83,0x75,0x83,0x89,0x83,0x62,0x83,0x66,0x83,0x42,0x83,0x7B,0x83,0x8B,0x83,0x67)] = 18151
xi.synth_result_names_cp932[string.char(0x83,0x75,0x83,0x89,0x83,0x62,0x83,0x66,0x83,0x42,0x83,0x89,0x83,0x93,0x83,0x58)] = 16846
xi.synth_result_names_cp932[string.char(0x83,0x75,0x83,0x89,0x83,0x62,0x83,0x66,0x83,0x42,0x83,0x8C,0x83,0x43,0x83,0x73,0x83,0x41)] = 16528
xi.synth_result_names_cp932[string.char(0x83,0x75,0x83,0x89,0x83,0x62,0x83,0x68,0x83,0x45,0x83,0x62,0x83,0x68,0x8D,0xDE)] = 730
xi.synth_result_names_cp932[string.char(0x83,0x75,0x83,0x89,0x83,0x62,0x83,0x68,0x83,0x58,0x83,0x67,0x81,0x5B,0x83,0x93)] = 13199
xi.synth_result_names_cp932[string.char(0x83,0x75,0x83,0x89,0x83,0x62,0x83,0x68,0x83,0x73,0x83,0x41,0x83,0x58)] = 13338
xi.synth_result_names_cp932[string.char(0x83,0x75,0x83,0x89,0x83,0x93,0x83,0x5F,0x81,0x5B,0x83,0x6F,0x83,0x58)] = 19226
xi.synth_result_names_cp932[string.char(0x83,0x75,0x83,0x8A,0x83,0x49,0x83,0x5C,0x83,0x7A,0x83,0x43,0x83,0x62,0x83,0x58,0x83,0x8B)] = 26031
xi.synth_result_names_cp932[string.char(0x83,0x75,0x83,0x8A,0x83,0x4B,0x83,0x93,0x83,0x5F,0x83,0x43,0x83,0x93)] = 13703
xi.synth_result_names_cp932[string.char(0x83,0x75,0x83,0x8A,0x83,0x55,0x81,0x5B,0x83,0x68,0x83,0x4F,0x83,0x8D,0x81,0x5B,0x83,0x75)] = 14990
xi.synth_result_names_cp932[string.char(0x83,0x75,0x83,0x8A,0x83,0x55,0x81,0x5B,0x83,0x68,0x83,0x54,0x83,0x43,0x83,0x59)] = 18060
xi.synth_result_names_cp932[string.char(0x83,0x75,0x83,0x8A,0x83,0x55,0x81,0x5B,0x83,0x68,0x83,0x67,0x83,0x7C,0x83,0x8D,0x83,0x4E)] = 18225
xi.synth_result_names_cp932[string.char(0x83,0x75,0x83,0x8A,0x83,0x56,0x83,0x93,0x83,0x4B,0x83,0x81,0x83,0x93)] = 13097
xi.synth_result_names_cp932[string.char(0x83,0x75,0x83,0x8A,0x83,0x58,0x83,0x74,0x83,0x8B,0x83,0x56,0x83,0x83,0x83,0x7C,0x81,0x5B)] = 16078
xi.synth_result_names_cp932[string.char(0x83,0x75,0x83,0x8A,0x83,0x8A,0x83,0x41,0x83,0x93,0x83,0x67,0x83,0x58,0x83,0x6D,0x81,0x5B)] = 4216
xi.synth_result_names_cp932[string.char(0x83,0x75,0x83,0x8A,0x83,0x93,0x83,0x4E,0x83,0x6F,0x83,0x93,0x83,0x68)] = 15170
xi.synth_result_names_cp932[string.char(0x83,0x75,0x83,0x8A,0x81,0x5B,0x83,0x59,0x83,0x49)] = 18873
xi.synth_result_names_cp932[string.char(0x83,0x75,0x83,0x8A,0x81,0x5B,0x83,0x59,0x83,0x8A,0x83,0x93,0x83,0x4F)] = 14636
xi.synth_result_names_cp932[string.char(0x83,0x75,0x83,0x8A,0x81,0x5B,0x83,0x60,0x83,0x59)] = 12810
xi.synth_result_names_cp932[string.char(0x83,0x75,0x83,0x8A,0x81,0x5B,0x83,0x80,0x82,0xCC,0x83,0x8A,0x83,0x5D,0x83,0x62,0x83,0x67)] = 4550
xi.synth_result_names_cp932[string.char(0x83,0x75,0x83,0x8A,0x81,0x5B,0x83,0x80,0x83,0x58,0x83,0x56)] = 5176
xi.synth_result_names_cp932[string.char(0x83,0x75,0x83,0x8A,0x90,0xD8,0x82,0xE8,0x90,0x67)] = 16992
xi.synth_result_names_cp932[string.char(0x83,0x75,0x83,0x8B,0x81,0x5B,0x83,0x50,0x81,0x5B,0x83,0x76)] = 13578
xi.synth_result_names_cp932[string.char(0x83,0x75,0x83,0x8B,0x81,0x5B,0x83,0x52,0x83,0x5E,0x83,0x8B,0x83,0x66,0x83,0x42)] = 13775
xi.synth_result_names_cp932[string.char(0x83,0x75,0x83,0x8B,0x81,0x5B,0x83,0x54,0x81,0x5B,0x83,0x81,0x83,0x62,0x83,0x67)] = 9258
xi.synth_result_names_cp932[string.char(0x83,0x75,0x83,0x8B,0x81,0x5B,0x83,0x67,0x83,0x4E,0x83,0x89,0x83,0x8C,0x83,0x93)] = 18793
xi.synth_result_names_cp932[string.char(0x83,0x75,0x83,0x8C,0x83,0x43,0x83,0x59,0x83,0x7A,0x81,0x5B,0x83,0x59)] = 15652
xi.synth_result_names_cp932[string.char(0x83,0x75,0x83,0x8C,0x83,0x43,0x83,0x5F,0x83,0x4E,0x83,0x58)] = 18543
xi.synth_result_names_cp932[string.char(0x83,0x75,0x83,0x8C,0x83,0x43,0x83,0x93,0x83,0x56,0x83,0x60,0x83,0x85,0x81,0x5B)] = 4542
xi.synth_result_names_cp932[string.char(0x83,0x75,0x83,0x8C,0x83,0x58,0x83,0x67,0x83,0x76,0x83,0x8C,0x81,0x5B,0x83,0x67)] = 12544
xi.synth_result_names_cp932[string.char(0x83,0x75,0x83,0x8C,0x83,0x58,0x83,0x68,0x83,0x59,0x83,0x7B,0x83,0x93)] = 15391
xi.synth_result_names_cp932[string.char(0x83,0x75,0x83,0x8C,0x83,0x58,0x83,0x68,0x83,0x70,0x83,0x93,0x83,0x76,0x83,0x58)] = 15329
xi.synth_result_names_cp932[string.char(0x83,0x75,0x83,0x8C,0x83,0x58,0x83,0x68,0x83,0x75,0x83,0x8A,0x83,0x49,0x81,0x5B)] = 14436
xi.synth_result_names_cp932[string.char(0x83,0x75,0x83,0x8C,0x83,0x58,0x83,0x68,0x83,0x7E,0x83,0x67,0x83,0x93)] = 14875
xi.synth_result_names_cp932[string.char(0x83,0x75,0x83,0x8C,0x83,0x58,0x83,0x7D,0x83,0x93,0x83,0x67)] = 15486
xi.synth_result_names_cp932[string.char(0x83,0x75,0x83,0x8C,0x83,0x62,0x83,0x67)] = 17340
xi.synth_result_names_cp932[string.char(0x83,0x75,0x83,0x8C,0x83,0x62,0x83,0x68,0x83,0x4E,0x83,0x8D,0x83,0x62,0x83,0x4E)] = 355
xi.synth_result_names_cp932[string.char(0x83,0x75,0x83,0x8C,0x83,0x93,0x83,0x82,0x83,0x68,0x83,0x8A,0x83,0x93,0x83,0x4F)] = 10794
xi.synth_result_names_cp932[string.char(0x83,0x75,0x83,0x8C,0x81,0x5B)] = 12848
xi.synth_result_names_cp932[string.char(0x83,0x75,0x83,0x8C,0x81,0x5B,0x83,0x54,0x81,0x5B)] = 12722
xi.synth_result_names_cp932[string.char(0x83,0x75,0x83,0x8C,0x81,0x5B,0x83,0x63,0x83,0x46,0x83,0x8B)] = 4391
xi.synth_result_names_cp932[string.char(0x83,0x75,0x83,0x8D,0x83,0x93,0x83,0x59,0x82,0xCC,0x8F,0xAC,0x8E,0x44)] = 672
xi.synth_result_names_cp932[string.char(0x83,0x75,0x83,0x8D,0x83,0x93,0x83,0x59,0x83,0x41,0x83,0x4E,0x83,0x58)] = 16640
xi.synth_result_names_cp932[string.char(0x83,0x75,0x83,0x8D,0x83,0x93,0x83,0x59,0x83,0x43,0x83,0x93,0x83,0x53,0x83,0x62,0x83,0x67)] = 649
xi.synth_result_names_cp932[string.char(0x83,0x75,0x83,0x8D,0x83,0x93,0x83,0x59,0x83,0x4C,0x83,0x83,0x83,0x62,0x83,0x76)] = 12448
xi.synth_result_names_cp932[string.char(0x83,0x75,0x83,0x8D,0x83,0x93,0x83,0x59,0x83,0x54,0x83,0x75,0x83,0x8A,0x83,0x4B)] = 12832
xi.synth_result_names_cp932[string.char(0x83,0x75,0x83,0x8D,0x83,0x93,0x83,0x59,0x83,0x55,0x83,0x4F,0x83,0x69,0x83,0x8B)] = 16768
xi.synth_result_names_cp932[string.char(0x83,0x75,0x83,0x8D,0x83,0x93,0x83,0x59,0x83,0x58,0x83,0x73,0x83,0x41)] = 16833
xi.synth_result_names_cp932[string.char(0x83,0x75,0x83,0x8D,0x83,0x93,0x83,0x59,0x83,0x5C,0x81,0x5B,0x83,0x68)] = 16535
xi.synth_result_names_cp932[string.char(0x83,0x75,0x83,0x8D,0x83,0x93,0x83,0x59,0x83,0x5F,0x83,0x4B,0x81,0x5B)] = 16448
xi.synth_result_names_cp932[string.char(0x83,0x75,0x83,0x8D,0x83,0x93,0x83,0x59,0x83,0x69,0x83,0x43,0x83,0x74)] = 16465
xi.synth_result_names_cp932[string.char(0x83,0x75,0x83,0x8D,0x83,0x93,0x83,0x59,0x83,0x69,0x83,0x62,0x83,0x4E,0x83,0x8B)] = 16390
xi.synth_result_names_cp932[string.char(0x83,0x75,0x83,0x8D,0x83,0x93,0x83,0x59,0x83,0x6E,0x83,0x93,0x83,0x7D,0x81,0x5B)] = 17042
xi.synth_result_names_cp932[string.char(0x83,0x75,0x83,0x8D,0x83,0x93,0x83,0x59,0x83,0x6E,0x81,0x5B,0x83,0x6C,0x83,0x58)] = 12576
xi.synth_result_names_cp932[string.char(0x83,0x75,0x83,0x8D,0x83,0x93,0x83,0x59,0x83,0x75,0x83,0x8C,0x83,0x62,0x83,0x67)] = 17343
xi.synth_result_names_cp932[string.char(0x83,0x75,0x83,0x8D,0x83,0x93,0x83,0x59,0x83,0x78,0x83,0x62,0x83,0x68)] = 5
xi.synth_result_names_cp932[string.char(0x83,0x75,0x83,0x8D,0x83,0x93,0x83,0x59,0x83,0x7B,0x83,0x8B,0x83,0x67)] = 17339
xi.synth_result_names_cp932[string.char(0x83,0x75,0x83,0x8D,0x83,0x93,0x83,0x59,0x83,0x7B,0x83,0x8B,0x83,0x67,0x82,0xCC,0xE8,0x56)] = 1211
xi.synth_result_names_cp932[string.char(0x83,0x75,0x83,0x8D,0x83,0x93,0x83,0x59,0x83,0x7E,0x83,0x67,0x83,0x93)] = 12704
xi.synth_result_names_cp932[string.char(0x83,0x75,0x83,0x8D,0x83,0x93,0x83,0x59,0x83,0x81,0x83,0x43,0x83,0x58)] = 17034
xi.synth_result_names_cp932[string.char(0x83,0x75,0x83,0x8D,0x83,0x93,0x83,0x59,0x83,0x8C,0x83,0x4D,0x83,0x93,0x83,0x58)] = 12960
xi.synth_result_names_cp932[string.char(0x83,0x75,0x83,0x8D,0x83,0x93,0x83,0x59,0x83,0x8D,0x83,0x62,0x83,0x68)] = 17059
xi.synth_result_names_cp932[string.char(0x83,0x75,0x83,0x8D,0x83,0x93,0x83,0x59,0x94,0xC2)] = 660
xi.synth_result_names_cp932[string.char(0x83,0x75,0x83,0x8D,0x81,0x5B,0x83,0x60,0x83,0x89,0x83,0x93,0x83,0x58)] = 18122
xi.synth_result_names_cp932[string.char(0x83,0x75,0x83,0x8D,0x81,0x5B,0x83,0x68,0x83,0x5C,0x81,0x5B,0x83,0x68)] = 16545
xi.synth_result_names_cp932[string.char(0x83,0x75,0x81,0x5B,0x83,0x57)] = 16707
xi.synth_result_names_cp932[string.char(0x83,0x75,0x81,0x5B,0x83,0x81,0x83,0x89,0x83,0x93)] = 17280
xi.synth_result_names_cp932[string.char(0x83,0x76,0x83,0x89,0x83,0x58,0x83,0x67,0x83,0x8D,0x83,0x93)] = 14382
xi.synth_result_names_cp932[string.char(0x83,0x76,0x83,0x89,0x83,0x60,0x83,0x69,0x82,0xCC,0x8D,0xBD)] = 762
xi.synth_result_names_cp932[string.char(0x83,0x76,0x83,0x89,0x83,0x60,0x83,0x69,0x83,0x43,0x83,0x93,0x83,0x53,0x83,0x62,0x83,0x67)] = 746
xi.synth_result_names_cp932[string.char(0x83,0x76,0x83,0x89,0x83,0x60,0x83,0x69,0x83,0x4A,0x83,0x67,0x83,0x89,0x83,0x58)] = 16562
xi.synth_result_names_cp932[string.char(0x83,0x76,0x83,0x89,0x83,0x60,0x83,0x69,0x83,0x4D,0x83,0x41)] = 9053
xi.synth_result_names_cp932[string.char(0x83,0x76,0x83,0x89,0x83,0x60,0x83,0x69,0x83,0x4F,0x83,0x8A,0x83,0x62,0x83,0x76)] = 19019
xi.synth_result_names_cp932[string.char(0x83,0x76,0x83,0x89,0x83,0x60,0x83,0x69,0x83,0x69,0x83,0x51,0x83,0x62,0x83,0x67)] = 1227
xi.synth_result_names_cp932[string.char(0x83,0x76,0x83,0x89,0x83,0x60,0x83,0x69,0x83,0x6F,0x83,0x93,0x83,0x4F,0x83,0x8B)] = 13985
xi.synth_result_names_cp932[string.char(0x83,0x76,0x83,0x89,0x83,0x60,0x83,0x69,0x83,0x73,0x83,0x41,0x83,0x58)] = 13316
xi.synth_result_names_cp932[string.char(0x83,0x76,0x83,0x89,0x83,0x60,0x83,0x69,0x83,0x75,0x83,0x8C,0x83,0x62,0x83,0x67)] = 17300
xi.synth_result_names_cp932[string.char(0x83,0x76,0x83,0x89,0x83,0x60,0x83,0x69,0x83,0x81,0x83,0x43,0x83,0x58)] = 17039
xi.synth_result_names_cp932[string.char(0x83,0x76,0x83,0x89,0x83,0x60,0x83,0x69,0x83,0x8A,0x83,0x93,0x83,0x4F)] = 13447
xi.synth_result_names_cp932[string.char(0x83,0x76,0x83,0x89,0x83,0x60,0x83,0x69,0x83,0x8D,0x83,0x62,0x83,0x68)] = 17065
xi.synth_result_names_cp932[string.char(0x83,0x76,0x83,0x89,0x83,0x60,0x83,0x69,0x94,0xC2)] = 754
xi.synth_result_names_cp932[string.char(0x83,0x76,0x83,0x8A,0x83,0x59,0x83,0x80,0x83,0x70,0x83,0x45,0x83,0x5F,0x81,0x5B)] = 4164
xi.synth_result_names_cp932[string.char(0x83,0x76,0x83,0x8B,0x83,0x58)] = 4492
xi.synth_result_names_cp932[string.char(0x83,0x76,0x83,0x8C,0x83,0x7E,0x83,0x41,0x83,0x80,0x83,0x6F,0x83,0x62,0x83,0x4F)] = 1827
xi.synth_result_names_cp932[string.char(0x83,0x76,0x83,0x8C,0x81,0x5B,0x83,0x67,0x83,0x8C,0x83,0x4D,0x83,0x93,0x83,0x58)] = 12928
xi.synth_result_names_cp932[string.char(0x83,0x76,0x83,0x8C,0x81,0x5B,0x83,0x93,0x83,0x4C,0x83,0x83,0x83,0x62,0x83,0x76)] = 16110
xi.synth_result_names_cp932[string.char(0x83,0x76,0x83,0x8C,0x81,0x5B,0x83,0x93,0x83,0x5C,0x81,0x5B,0x83,0x68)] = 16593
xi.synth_result_names_cp932[string.char(0x83,0x76,0x83,0x8C,0x81,0x5B,0x83,0x93,0x83,0x73,0x83,0x62,0x83,0x4E)] = 17955
xi.synth_result_names_cp932[string.char(0x83,0x76,0x83,0x8D,0x83,0x47,0x81,0x5B,0x83,0x65,0x83,0x8B)] = 4140
xi.synth_result_names_cp932[string.char(0x83,0x76,0x83,0x8D,0x83,0x65,0x83,0x58,0x83,0x8A,0x83,0x93,0x83,0x4F)] = 15838
xi.synth_result_names_cp932[string.char(0x83,0x76,0x83,0x8D,0x83,0x7E,0x83,0x6C,0x83,0x93,0x83,0x58,0x83,0x41,0x83,0x4E,0x83,0x58)] = 18220
xi.synth_result_names_cp932[string.char(0x83,0x76,0x83,0x8D,0x83,0x7E,0x83,0x6C,0x83,0x93,0x83,0x58,0x83,0x5C,0x81,0x5B,0x83,0x68)] = 18381
xi.synth_result_names_cp932[string.char(0x83,0x76,0x81,0x5B,0x83,0x4E,0x82,0xCC,0x96,0xEE,0x89,0x48,0x8D,0xAA)] = 2291
xi.synth_result_names_cp932[string.char(0x83,0x77,0x83,0x43,0x83,0x58,0x83,0x67,0x83,0x78,0x83,0x8B,0x83,0x67)] = 15290
xi.synth_result_names_cp932[string.char(0x83,0x77,0x83,0x43,0x83,0x8D,0x81,0x5B,0x83,0x4E,0x83,0x8C,0x83,0x43,0x83,0x82,0x83,0x41)] = 16603
xi.synth_result_names_cp932[string.char(0x83,0x77,0x83,0x4C,0x83,0x54,0x83,0x4B,0x83,0x93)] = 17222
xi.synth_result_names_cp932[string.char(0x83,0x77,0x83,0x62,0x83,0x57,0x83,0x7A,0x83,0x62,0x83,0x4F,0x83,0x70,0x83,0x43)] = 5146
xi.synth_result_names_cp932[string.char(0x83,0x77,0x83,0x62,0x83,0x68,0x83,0x4D,0x83,0x41)] = 12464
xi.synth_result_names_cp932[string.char(0x83,0x77,0x83,0x70,0x83,0x65,0x83,0x5D,0x83,0x41,0x83,0x4E,0x83,0x58)] = 21765
xi.synth_result_names_cp932[string.char(0x83,0x77,0x83,0x70,0x83,0x65,0x83,0x5D,0x83,0x43,0x83,0x93,0x83,0x53,0x83,0x62,0x83,0x67)] = 8722
xi.synth_result_names_cp932[string.char(0x83,0x77,0x83,0x70,0x83,0x65,0x83,0x5D,0x83,0x54,0x83,0x70,0x83,0x89)] = 21614
xi.synth_result_names_cp932[string.char(0x83,0x77,0x83,0x70,0x83,0x65,0x83,0x5D,0x83,0x6F,0x83,0x4F,0x83,0x69,0x83,0x45)] = 21511
xi.synth_result_names_cp932[string.char(0x83,0x77,0x83,0x70,0x83,0x65,0x83,0x5D,0x83,0x8C,0x83,0x43,0x83,0x73,0x83,0x41)] = 21610
xi.synth_result_names_cp932[string.char(0x83,0x77,0x83,0x82,0x83,0x8C,0x83,0x8C,0x83,0x58,0x83,0x5E,0x83,0x62,0x83,0x74)] = 21206
xi.synth_result_names_cp932[string.char(0x83,0x77,0x83,0x8B,0x83,0x59,0x83,0x58,0x83,0x65,0x81,0x5B,0x83,0x4C)] = 5609
xi.synth_result_names_cp932[string.char(0x83,0x77,0x83,0x8B,0x83,0x59,0x83,0x6F,0x81,0x5B,0x83,0x4F)] = 5924
xi.synth_result_names_cp932[string.char(0x83,0x77,0x83,0x8B,0x83,0x59,0x83,0x72,0x83,0x85,0x81,0x5B,0x83,0x4F,0x83,0x8B)] = 17849
xi.synth_result_names_cp932[string.char(0x83,0x77,0x83,0x8B,0x83,0x74,0x83,0x40,0x83,0x43,0x83,0x41)] = 17251
xi.synth_result_names_cp932[string.char(0x83,0x77,0x83,0x93,0x83,0x76,0x83,0x53,0x83,0x8B,0x83,0x51,0x83,0x62,0x83,0x67)] = 13085
xi.synth_result_names_cp932[string.char(0x83,0x77,0x83,0x94,0x83,0x42,0x83,0x41,0x83,0x4E,0x83,0x58)] = 16706
xi.synth_result_names_cp932[string.char(0x83,0x77,0x83,0x94,0x83,0x42,0x83,0x4E,0x83,0x8D,0x83,0x58,0x83,0x7B,0x83,0x45)] = 17220
xi.synth_result_names_cp932[string.char(0x83,0x77,0x83,0x94,0x83,0x42,0x83,0x5F,0x81,0x5B,0x83,0x4E,0x83,0x41,0x83,0x4E,0x83,0x58)] = 16724
xi.synth_result_names_cp932[string.char(0x83,0x78,0x83,0x57,0x83,0x5E,0x83,0x75,0x83,0x8B,0x83,0x79,0x81,0x5B,0x83,0x58,0x83,0x67)] = 2210
xi.synth_result_names_cp932[string.char(0x83,0x78,0x83,0x6D,0x83,0x80,0x83,0x4A,0x83,0x5E,0x81,0x5B,0x83,0x8B)] = 16404
xi.synth_result_names_cp932[string.char(0x83,0x78,0x83,0x6D,0x83,0x80,0x83,0x4E,0x83,0x4E,0x83,0x8A)] = 16505
xi.synth_result_names_cp932[string.char(0x83,0x78,0x83,0x6D,0x83,0x80,0x83,0x4E,0x83,0x8A,0x83,0x58)] = 16499
xi.synth_result_names_cp932[string.char(0x83,0x78,0x83,0x6D,0x83,0x80,0x83,0x4E,0x83,0x8D,0x81,0x5B)] = 16418
xi.synth_result_names_cp932[string.char(0x83,0x78,0x83,0x6D,0x83,0x80,0x83,0x69,0x83,0x43,0x83,0x74)] = 16502
xi.synth_result_names_cp932[string.char(0x83,0x78,0x83,0x6D,0x83,0x80,0x83,0x6F,0x83,0x5B,0x83,0x89,0x81,0x5B,0x83,0x68)] = 16507
xi.synth_result_names_cp932[string.char(0x83,0x78,0x83,0x6D,0x83,0x80,0x83,0x7B,0x83,0x8B,0x83,0x67)] = 18152
xi.synth_result_names_cp932[string.char(0x83,0x78,0x83,0x71,0x83,0x82,0x83,0x58,0x83,0x5A,0x83,0x58,0x83,0x5E,0x83,0x58)] = 16397
xi.synth_result_names_cp932[string.char(0x83,0x78,0x83,0x71,0x83,0x82,0x83,0x58,0x83,0x7D,0x83,0x93,0x83,0x67)] = 13591
xi.synth_result_names_cp932[string.char(0x83,0x78,0x83,0x71,0x83,0x82,0x83,0x58,0x83,0x8A,0x83,0x93,0x83,0x4F)] = 13460
xi.synth_result_names_cp932[string.char(0x83,0x78,0x83,0x71,0x81,0x5B,0x83,0x82,0x83,0x58,0x82,0xC8,0x82,0xDF,0x82,0xB5,0x8A,0x76)] = 862
xi.synth_result_names_cp932[string.char(0x83,0x78,0x83,0x71,0x81,0x5B,0x83,0x82,0x83,0x58,0x83,0x65,0x81,0x5B,0x83,0x4C)] = 6464
xi.synth_result_names_cp932[string.char(0x83,0x78,0x83,0x71,0x81,0x5B,0x83,0x82,0x83,0x58,0x83,0x69,0x83,0x43,0x83,0x74)] = 17628
xi.synth_result_names_cp932[string.char(0x83,0x78,0x83,0x88,0x83,0x72,0x83,0x58,0x83,0x8F,0x83,0x93,0x83,0x68)] = 18884
xi.synth_result_names_cp932[string.char(0x83,0x78,0x83,0x89,0x83,0x57,0x83,0x85,0x83,0x58,0x83,0x67,0x83,0x52,0x83,0x8B)] = 11346
xi.synth_result_names_cp932[string.char(0x83,0x78,0x83,0x89,0x83,0x80)] = 2550
xi.synth_result_names_cp932[string.char(0x83,0x78,0x83,0x8A,0x83,0x8A,0x83,0x80,0x82,0xCC,0x96,0xEE,0x90,0x4B)] = 4083
xi.synth_result_names_cp932[string.char(0x83,0x78,0x83,0x8A,0x83,0x8A,0x83,0x80,0x82,0xCC,0xE8,0x56)] = 4085
xi.synth_result_names_cp932[string.char(0x83,0x78,0x83,0x8A,0x83,0x8A,0x83,0x80,0x83,0x43,0x83,0x93,0x83,0x53,0x83,0x62,0x83,0x67)] = 8724
xi.synth_result_names_cp932[string.char(0x83,0x78,0x83,0x8A,0x83,0x8A,0x83,0x80,0x83,0x4E,0x83,0x8A,0x83,0x58)] = 21556
xi.synth_result_names_cp932[string.char(0x83,0x78,0x83,0x8A,0x83,0x8A,0x83,0x80,0x83,0x5C,0x81,0x5B,0x83,0x68)] = 21659
xi.synth_result_names_cp932[string.char(0x83,0x78,0x83,0x8A,0x83,0x8A,0x83,0x80,0x83,0x5E,0x83,0x60)] = 21963
xi.synth_result_names_cp932[string.char(0x83,0x78,0x83,0x8A,0x83,0x8A,0x83,0x80,0x83,0x73,0x83,0x62,0x83,0x4E)] = 21708
xi.synth_result_names_cp932[string.char(0x83,0x78,0x83,0x8A,0x83,0x8A,0x83,0x80,0x83,0x81,0x83,0x43,0x83,0x58)] = 22023
xi.synth_result_names_cp932[string.char(0x83,0x78,0x83,0x8A,0x81,0x5B,0x91,0xE5,0x95,0x9F)] = 6339
xi.synth_result_names_cp932[string.char(0x83,0x78,0x83,0x8D,0x83,0x56,0x83,0x65,0x83,0x42,0x83,0x7B,0x83,0x45)] = 17242
xi.synth_result_names_cp932[string.char(0x83,0x78,0x83,0x93,0x83,0x5F,0x81,0x5B,0x83,0x58,0x83,0x8D,0x83,0x62,0x83,0x76,0x83,0x58)] = 15618
xi.synth_result_names_cp932[string.char(0x83,0x78,0x81,0x5B,0x83,0x4E,0x83,0x68,0x83,0x7C,0x83,0x7C,0x83,0x67)] = 4436
xi.synth_result_names_cp932[string.char(0x83,0x79,0x83,0x41,0x83,0x4E,0x83,0x8C,0x81,0x5B,0x83,0x76)] = 5777
xi.synth_result_names_cp932[string.char(0x83,0x79,0x83,0x41,0x81,0x45,0x83,0x49,0x83,0x8C)] = 4301
xi.synth_result_names_cp932[string.char(0x83,0x79,0x83,0x41,0x82,0x60,0x83,0x5E,0x83,0x93,0x83,0x4E)] = 16225
xi.synth_result_names_cp932[string.char(0x83,0x79,0x83,0x43,0x83,0x58,0x83,0x67,0x82,0xCC,0x8A,0x76)] = 2538
xi.synth_result_names_cp932[string.char(0x83,0x79,0x83,0x43,0x83,0x58,0x83,0x67,0x83,0x5F,0x81,0x5B,0x83,0x67)] = 18726
xi.synth_result_names_cp932[string.char(0x83,0x79,0x83,0x43,0x83,0x58,0x83,0x67,0x83,0x78,0x83,0x8B,0x83,0x67)] = 15913
xi.synth_result_names_cp932[string.char(0x83,0x79,0x83,0x43,0x83,0x58,0x83,0x67,0x83,0x7D,0x83,0x93,0x83,0x67)] = 16233
xi.synth_result_names_cp932[string.char(0x83,0x79,0x83,0x43,0x83,0x69,0x83,0x43,0x83,0x67)] = 797
xi.synth_result_names_cp932[string.char(0x83,0x79,0x83,0x43,0x83,0x69,0x83,0x43,0x83,0x67,0x83,0x8A,0x83,0x93,0x83,0x4F)] = 13490
xi.synth_result_names_cp932[string.char(0x83,0x79,0x83,0x58,0x83,0x4A,0x83,0x67,0x81,0x5B,0x83,0x8C)] = 5191
xi.synth_result_names_cp932[string.char(0x83,0x79,0x83,0x62,0x83,0x67,0x83,0x41,0x83,0x8B,0x83,0x74,0x83,0x40)] = 17016
xi.synth_result_names_cp932[string.char(0x83,0x79,0x83,0x62,0x83,0x67,0x83,0x43,0x83,0x76,0x83,0x56,0x83,0x8D,0x83,0x93)] = 17020
xi.synth_result_names_cp932[string.char(0x83,0x79,0x83,0x62,0x83,0x67,0x83,0x47,0x81,0x5B,0x83,0x5E)] = 17022
xi.synth_result_names_cp932[string.char(0x83,0x79,0x83,0x62,0x83,0x67,0x83,0x4B,0x83,0x93,0x83,0x7D)] = 17018
xi.synth_result_names_cp932[string.char(0x83,0x79,0x83,0x62,0x83,0x67,0x83,0x56,0x81,0x5B,0x83,0x5E)] = 17023
xi.synth_result_names_cp932[string.char(0x83,0x79,0x83,0x62,0x83,0x67,0x83,0x5B,0x81,0x5B,0x83,0x5E)] = 17021
xi.synth_result_names_cp932[string.char(0x83,0x79,0x83,0x62,0x83,0x67,0x83,0x66,0x83,0x8B,0x83,0x5E)] = 17019
xi.synth_result_names_cp932[string.char(0x83,0x79,0x83,0x62,0x83,0x67,0x83,0x78,0x81,0x5B,0x83,0x5E)] = 17017
xi.synth_result_names_cp932[string.char(0x83,0x79,0x83,0x62,0x83,0x67,0x83,0x8C,0x83,0x6F,0x83,0x89,0x83,0x93,0x83,0x67)] = 19251
xi.synth_result_names_cp932[string.char(0x83,0x79,0x83,0x62,0x83,0x70,0x81,0x5B,0x83,0x4E,0x83,0x62,0x83,0x4C,0x81,0x5B)] = 2392
xi.synth_result_names_cp932[string.char(0x83,0x79,0x83,0x69,0x83,0x93,0x83,0x73,0x83,0x41,0x83,0x58)] = 16009
xi.synth_result_names_cp932[string.char(0x83,0x79,0x83,0x70,0x83,0x8D,0x83,0x6A,0x83,0x73,0x83,0x55)] = 5697
xi.synth_result_names_cp932[string.char(0x83,0x79,0x83,0x70,0x83,0x8D,0x81,0x5B,0x83,0x6A)] = 5660
xi.synth_result_names_cp932[string.char(0x83,0x79,0x83,0x79,0x83,0x8D,0x83,0x93,0x83,0x60,0x81,0x5B,0x83,0x6D)] = 5188
xi.synth_result_names_cp932[string.char(0x83,0x79,0x83,0x8A,0x83,0x68,0x83,0x62,0x83,0x67,0x83,0x73,0x83,0x41,0x83,0x58)] = 13319
xi.synth_result_names_cp932[string.char(0x83,0x79,0x83,0x8A,0x83,0x68,0x83,0x62,0x83,0x67,0x83,0x8A,0x83,0x93,0x83,0x4F)] = 13476
xi.synth_result_names_cp932[string.char(0x83,0x79,0x83,0x8B,0x83,0x56,0x83,0x52,0x83,0x58,0x81,0x45,0x83,0x49,0x83,0x8C)] = 4303
xi.synth_result_names_cp932[string.char(0x83,0x79,0x83,0x8B,0x83,0x56,0x83,0x52,0x83,0x58,0x82,0x60,0x83,0x5E,0x83,0x93,0x83,0x4E)] = 16227
xi.synth_result_names_cp932[string.char(0x83,0x79,0x83,0x8C,0x83,0x62,0x83,0x67,0x83,0x78,0x83,0x8B,0x83,0x67)] = 15288
xi.synth_result_names_cp932[string.char(0x83,0x79,0x83,0x93,0x83,0x68,0x83,0x89,0x83,0x53,0x83,0x93,0x83,0x78,0x83,0x8B,0x83,0x67)] = 15869
xi.synth_result_names_cp932[string.char(0x83,0x7A,0x83,0x47,0x81,0x5B,0x83,0x8B,0x83,0x58,0x83,0x5E,0x83,0x62,0x83,0x74)] = 17533
xi.synth_result_names_cp932[string.char(0x83,0x7A,0x83,0x62,0x83,0x67,0x83,0x4E,0x83,0x62,0x83,0x4C,0x81,0x5B)] = 2393
xi.synth_result_names_cp932[string.char(0x83,0x7A,0x83,0x72,0x81,0x5B,0x83,0x60,0x83,0x87,0x83,0x52,0x83,0x7B,0x3A,0x97,0xCE)] = 330
xi.synth_result_names_cp932[string.char(0x83,0x7A,0x83,0x72,0x81,0x5B,0x83,0x60,0x83,0x87,0x83,0x52,0x83,0x7B,0x3A,0x90,0xD4)] = 327
xi.synth_result_names_cp932[string.char(0x83,0x7A,0x83,0x72,0x81,0x5B,0x83,0x60,0x83,0x87,0x83,0x52,0x83,0x7B,0x3A,0x90,0xC2)] = 329
xi.synth_result_names_cp932[string.char(0x83,0x7A,0x83,0x72,0x81,0x5B,0x83,0x60,0x83,0x87,0x83,0x52,0x83,0x7B,0x3A,0x89,0xA9)] = 326
xi.synth_result_names_cp932[string.char(0x83,0x7A,0x83,0x72,0x81,0x5B,0x83,0x60,0x83,0x87,0x83,0x52,0x83,0x7B,0x3A,0x8D,0x95)] = 328
xi.synth_result_names_cp932[string.char(0x83,0x7A,0x83,0x76,0x83,0x8D,0x83,0x93)] = 12311
xi.synth_result_names_cp932[string.char(0x83,0x7A,0x83,0x8A,0x81,0x5B,0x83,0x4E,0x83,0x8D,0x83,0x62,0x83,0x4F)] = 12985
xi.synth_result_names_cp932[string.char(0x83,0x7A,0x83,0x8A,0x81,0x5B,0x83,0x58,0x83,0x5E,0x83,0x62,0x83,0x74)] = 17089
xi.synth_result_names_cp932[string.char(0x83,0x7A,0x83,0x8A,0x81,0x5B,0x83,0x7C,0x81,0x5B,0x83,0x8B)] = 17096
xi.synth_result_names_cp932[string.char(0x83,0x7A,0x83,0x8A,0x81,0x5B,0x8D,0xDE)] = 714
xi.synth_result_names_cp932[string.char(0x83,0x7A,0x83,0x8B,0x83,0x93)] = 17352
xi.synth_result_names_cp932[string.char(0x83,0x7A,0x83,0x8F,0x83,0x43,0x83,0x67,0x83,0x49,0x81,0x5B,0x83,0x4E,0x8D,0xDE)] = 716
xi.synth_result_names_cp932[string.char(0x83,0x7A,0x83,0x8F,0x83,0x43,0x83,0x67,0x83,0x4E,0x83,0x8D,0x81,0x5B,0x83,0x4E)] = 12611
xi.synth_result_names_cp932[string.char(0x83,0x7A,0x83,0x8F,0x83,0x43,0x83,0x67,0x83,0x50,0x81,0x5B,0x83,0x76)] = 13585
xi.synth_result_names_cp932[string.char(0x83,0x7A,0x83,0x8F,0x83,0x43,0x83,0x67,0x83,0x59,0x83,0x7B,0x83,0x93)] = 12867
xi.synth_result_names_cp932[string.char(0x83,0x7A,0x83,0x8F,0x83,0x43,0x83,0x67,0x83,0x7E,0x83,0x67,0x83,0x93)] = 12737
xi.synth_result_names_cp932[string.char(0x83,0x7A,0x83,0x8F,0x83,0x43,0x83,0x67,0x83,0x80,0x81,0x5B,0x83,0x67,0x83,0x93)] = 2003
xi.synth_result_names_cp932[string.char(0x83,0x7A,0x81,0x5B,0x83,0x4A,0x81,0x5B,0x83,0x69,0x83,0x43,0x83,0x74)] = 17630
xi.synth_result_names_cp932[string.char(0x83,0x7A,0x81,0x5B,0x83,0x4E,0x83,0x41,0x83,0x43)] = 17308
xi.synth_result_names_cp932[string.char(0x83,0x7A,0x81,0x5B,0x83,0x59)] = 12850
xi.synth_result_names_cp932[string.char(0x83,0x7A,0x81,0x5B,0x83,0x6C,0x83,0x62,0x83,0x67,0x83,0x74,0x83,0x8B,0x81,0x5B,0x83,0x8C)] = 16525
xi.synth_result_names_cp932[string.char(0x83,0x7A,0x81,0x5B,0x83,0x6F,0x81,0x5B,0x83,0x4E)] = 12556
xi.synth_result_names_cp932[string.char(0x83,0x7A,0x81,0x5B,0x83,0x6F,0x81,0x5B,0x83,0x57,0x83,0x87,0x83,0x93)] = 12555
xi.synth_result_names_cp932[string.char(0x83,0x7A,0x81,0x5B,0x83,0x8A,0x81,0x5B,0x83,0x56,0x81,0x5B,0x83,0x8B,0x83,0x68)] = 12379
xi.synth_result_names_cp932[string.char(0x83,0x7A,0x81,0x5B,0x83,0x8A,0x81,0x5B,0x83,0x5C,0x81,0x5B,0x83,0x68)] = 16581
xi.synth_result_names_cp932[string.char(0x83,0x7A,0x81,0x5B,0x83,0x8A,0x81,0x5B,0x83,0x66,0x81,0x5B,0x83,0x51,0x83,0x93)] = 16523
xi.synth_result_names_cp932[string.char(0x83,0x7A,0x81,0x5B,0x83,0x8A,0x81,0x5B,0x83,0x75,0x83,0x8C,0x83,0x58,0x83,0x67)] = 13812
xi.synth_result_names_cp932[string.char(0x83,0x7A,0x81,0x5B,0x83,0x8A,0x81,0x5B,0x83,0x7B,0x83,0x8B,0x83,0x67)] = 18153
xi.synth_result_names_cp932[string.char(0x83,0x7A,0x81,0x5B,0x83,0x8A,0x81,0x5B,0x83,0x81,0x83,0x43,0x83,0x58)] = 17041
xi.synth_result_names_cp932[string.char(0x83,0x7A,0x81,0x5B,0x83,0x8A,0x81,0x5B,0x83,0x82,0x81,0x5B,0x83,0x8B)] = 17080
xi.synth_result_names_cp932[string.char(0x83,0x7A,0x81,0x5B,0x83,0x8A,0x81,0x5B,0x83,0x89,0x83,0x93,0x83,0x58)] = 16860
xi.synth_result_names_cp932[string.char(0x83,0x7A,0x81,0x5B,0x83,0x8A,0x81,0x5B,0x83,0x8C,0x83,0x55,0x81,0x5B)] = 1992
xi.synth_result_names_cp932[string.char(0x83,0x7A,0x81,0x5B,0x83,0x8A,0x81,0x5B,0x83,0x8F,0x83,0x93,0x83,0x68)] = 17085
xi.synth_result_names_cp932[string.char(0x83,0x7A,0x81,0x5B,0x83,0x93,0x83,0x41,0x83,0x8D,0x81,0x5B)] = 18156
xi.synth_result_names_cp932[string.char(0x83,0x7A,0x81,0x5B,0x83,0x93,0x83,0x67,0x83,0x8D,0x83,0x74,0x83,0x42,0x81,0x5B)] = 322
xi.synth_result_names_cp932[string.char(0x83,0x7A,0x81,0x5B,0x83,0x93,0x83,0x8A,0x83,0x93,0x83,0x4F)] = 13459
xi.synth_result_names_cp932[string.char(0x83,0x7B,0x83,0x43,0x83,0x8B,0x83,0x6F,0x81,0x5B,0x83,0x69,0x83,0x4E,0x83,0x8B)] = 5980
xi.synth_result_names_cp932[string.char(0x83,0x7B,0x83,0x58,0x83,0x4A,0x83,0x43,0x83,0x49,0x81,0x5B,0x83,0x89)] = 5192
xi.synth_result_names_cp932[string.char(0x83,0x7B,0x83,0x58,0x83,0x66,0x83,0x42,0x83,0x93,0x8D,0xD8,0x82,0xCC,0x83,0x5C,0x83,0x65,0x81,0x5B)] = 4572
xi.synth_result_names_cp932[string.char(0x83,0x7B,0x83,0x68,0x83,0x4C,0x83,0x93,0x83,0x41,0x83,0x8D,0x81,0x5B)] = 18178
xi.synth_result_names_cp932[string.char(0x83,0x7B,0x83,0x8B,0x83,0x67,0x83,0x78,0x83,0x8B,0x83,0x67)] = 15289
xi.synth_result_names_cp932[string.char(0x83,0x7B,0x83,0x93,0x83,0x53,0x83,0x8C,0x83,0x8D,0x83,0x62,0x83,0x5C)] = 5189
xi.synth_result_names_cp932[string.char(0x83,0x7B,0x81,0x5B,0x83,0x93,0x83,0x41,0x83,0x4E,0x83,0x58)] = 16642
xi.synth_result_names_cp932[string.char(0x83,0x7B,0x81,0x5B,0x83,0x93,0x83,0x43,0x83,0x84,0x83,0x8A,0x83,0x93,0x83,0x4F)] = 13321
xi.synth_result_names_cp932[string.char(0x83,0x7B,0x81,0x5B,0x83,0x93,0x83,0x4A,0x83,0x57,0x83,0x46,0x83,0x8B)] = 17026
xi.synth_result_names_cp932[string.char(0x83,0x7B,0x81,0x5B,0x83,0x93,0x83,0x54,0x83,0x43,0x83,0x59)] = 16794
xi.synth_result_names_cp932[string.char(0x83,0x7B,0x81,0x5B,0x83,0x93,0x83,0x54,0x83,0x75,0x83,0x8A,0x83,0x4B)] = 12834
xi.synth_result_names_cp932[string.char(0x83,0x7B,0x81,0x5B,0x83,0x93,0x83,0x69,0x83,0x43,0x83,0x74)] = 17610
xi.synth_result_names_cp932[string.char(0x83,0x7B,0x81,0x5B,0x83,0x93,0x83,0x6E,0x81,0x5B,0x83,0x6C,0x83,0x58)] = 12582
xi.synth_result_names_cp932[string.char(0x83,0x7B,0x81,0x5B,0x83,0x93,0x83,0x70,0x83,0x5E)] = 16420
xi.synth_result_names_cp932[string.char(0x83,0x7B,0x81,0x5B,0x83,0x93,0x83,0x73,0x83,0x62,0x83,0x4E)] = 16649
xi.synth_result_names_cp932[string.char(0x83,0x7B,0x81,0x5B,0x83,0x93,0x83,0x7D,0x83,0x58,0x83,0x4E)] = 12454
xi.synth_result_names_cp932[string.char(0x83,0x7B,0x81,0x5B,0x83,0x93,0x83,0x7E,0x83,0x67,0x83,0x93)] = 12710
xi.synth_result_names_cp932[string.char(0x83,0x7B,0x81,0x5B,0x83,0x93,0x83,0x8A,0x83,0x93,0x83,0x4F)] = 13441
xi.synth_result_names_cp932[string.char(0x83,0x7B,0x81,0x5B,0x83,0x93,0x83,0x8C,0x83,0x4D,0x83,0x93,0x83,0x58)] = 12966
xi.synth_result_names_cp932[string.char(0x83,0x7B,0x81,0x5B,0x83,0x93,0x83,0x8D,0x83,0x62,0x83,0x68)] = 17062
xi.synth_result_names_cp932[string.char(0x83,0x7C,0x83,0x41,0x83,0x60,0x83,0x83)] = 5637
xi.synth_result_names_cp932[string.char(0x83,0x7C,0x83,0x43,0x83,0x59,0x83,0x93,0x83,0x41,0x83,0x8D,0x81,0x5B)] = 18157
xi.synth_result_names_cp932[string.char(0x83,0x7C,0x83,0x43,0x83,0x59,0x83,0x93,0x83,0x4A,0x83,0x5E,0x81,0x5B,0x83,0x8B)] = 16403
xi.synth_result_names_cp932[string.char(0x83,0x7C,0x83,0x43,0x83,0x59,0x83,0x93,0x83,0x4E,0x83,0x4E,0x83,0x8A)] = 16478
xi.synth_result_names_cp932[string.char(0x83,0x7C,0x83,0x43,0x83,0x59,0x83,0x93,0x83,0x4E,0x83,0x8D,0x81,0x5B)] = 16417
xi.synth_result_names_cp932[string.char(0x83,0x7C,0x83,0x43,0x83,0x59,0x83,0x93,0x83,0x5A,0x83,0x58,0x83,0x5E,0x83,0x58)] = 16387
xi.synth_result_names_cp932[string.char(0x83,0x7C,0x83,0x43,0x83,0x59,0x83,0x93,0x83,0x5F,0x83,0x4B,0x81,0x5B)] = 16496
xi.synth_result_names_cp932[string.char(0x83,0x7C,0x83,0x43,0x83,0x59,0x83,0x93,0x83,0x69,0x83,0x43,0x83,0x74)] = 16472
xi.synth_result_names_cp932[string.char(0x83,0x7C,0x83,0x43,0x83,0x59,0x83,0x93,0x83,0x6F,0x83,0x4F,0x83,0x69,0x83,0x45)] = 16410
xi.synth_result_names_cp932[string.char(0x83,0x7C,0x83,0x43,0x83,0x59,0x83,0x93,0x83,0x6F,0x83,0x5B,0x83,0x89,0x81,0x5B,0x83,0x68)] = 16458
xi.synth_result_names_cp932[string.char(0x83,0x7C,0x83,0x43,0x83,0x5D,0x83,0x69,0x83,0x8A,0x83,0x93,0x83,0x4F)] = 14654
xi.synth_result_names_cp932[string.char(0x83,0x7C,0x83,0x5A,0x83,0x43,0x83,0x68,0x83,0x93,0x83,0x8A,0x83,0x93,0x83,0x4F)] = 14656
xi.synth_result_names_cp932[string.char(0x83,0x7C,0x83,0x62,0x83,0x76,0x83,0x58,0x83,0x5E,0x81,0x5B)] = 4215
xi.synth_result_names_cp932[string.char(0x83,0x7C,0x83,0x67,0x83,0x74)] = 5752
xi.synth_result_names_cp932[string.char(0x83,0x7C,0x83,0x7C,0x83,0x67,0x83,0x4F,0x83,0x89,0x83,0x5E,0x83,0x93)] = 6609
xi.synth_result_names_cp932[string.char(0x83,0x7C,0x83,0x7C,0x83,0x67,0x83,0x74,0x83,0x89,0x83,0x43)] = 6272
xi.synth_result_names_cp932[string.char(0x83,0x7C,0x83,0x82,0x83,0x68,0x81,0x5B,0x83,0x8D,0x83,0x5C,0x81,0x5B,0x83,0x58)] = 5194
xi.synth_result_names_cp932[string.char(0x83,0x7C,0x83,0x8A,0x83,0x74,0x83,0x89,0x83,0x93)] = 2301
xi.synth_result_names_cp932[string.char(0x83,0x7C,0x83,0x8A,0x83,0x74,0x83,0x89,0x83,0x93,0x83,0x79,0x81,0x5B,0x83,0x70,0x81,0x5B)] = 2316
xi.synth_result_names_cp932[string.char(0x83,0x7C,0x83,0x93,0x83,0x66,0x83,0x89,0x83,0x58,0x83,0x4B,0x83,0x8A,0x83,0x42)] = 17625
xi.synth_result_names_cp932[string.char(0x83,0x7C,0x83,0x93,0x83,0x66,0x83,0x89,0x83,0x58,0x83,0x7D,0x83,0x6D,0x83,0x76,0x83,0x8B)] = 18361
xi.synth_result_names_cp932[string.char(0x83,0x7C,0x83,0x93,0x83,0x66,0x83,0x89,0x83,0x58,0x83,0x89,0x83,0x93,0x83,0x58)] = 18107
xi.synth_result_names_cp932[string.char(0x83,0x7C,0x81,0x5B,0x83,0x4E,0x83,0x4A,0x83,0x63)] = 6394
xi.synth_result_names_cp932[string.char(0x83,0x7C,0x81,0x5B,0x83,0x4E,0x83,0x4A,0x83,0x63,0x98,0xA5)] = 6406
xi.synth_result_names_cp932[string.char(0x83,0x7C,0x81,0x5B,0x83,0x4E,0x83,0x56,0x81,0x5B,0x82,0xCC,0x96,0xEE,0x89,0x48,0x8D,0xAA)] = 9172
xi.synth_result_names_cp932[string.char(0x83,0x7C,0x81,0x5B,0x83,0x56,0x83,0x87,0x83,0x93)] = 4112
xi.synth_result_names_cp932[string.char(0x83,0x7C,0x81,0x5B,0x83,0x56,0x83,0x87,0x83,0x93,0x83,0x5E,0x83,0x93,0x83,0x4E)] = 13684
xi.synth_result_names_cp932[string.char(0x83,0x7C,0x81,0x5B,0x83,0x56,0x83,0x87,0x83,0x93,0x82,0x63)] = 5327
xi.synth_result_names_cp932[string.char(0x83,0x7D,0x83,0x43,0x83,0x65,0x83,0x42,0x83,0x8A,0x83,0x93,0x83,0x4F)] = 15558
xi.synth_result_names_cp932[string.char(0x83,0x7D,0x83,0x4C,0x83,0x56,0x83,0x7C,0x81,0x5B,0x83,0x56,0x83,0x87,0x83,0x93)] = 4124
xi.synth_result_names_cp932[string.char(0x83,0x7D,0x83,0x4E,0x83,0x41,0x83,0x74,0x83,0x65,0x83,0x42,0x83,0x8B)] = 17713
xi.synth_result_names_cp932[string.char(0x83,0x7D,0x83,0x4F,0x83,0x6A,0x83,0x76,0x83,0x89,0x83,0x62,0x83,0x4F)] = 9885
xi.synth_result_names_cp932[string.char(0x83,0x7D,0x83,0x4F,0x83,0x6A,0x83,0x76,0x83,0x89,0x83,0x62,0x83,0x4F,0x49,0x49)] = 9886
xi.synth_result_names_cp932[string.char(0x83,0x7D,0x83,0x4F,0x83,0x7D,0x83,0x58,0x83,0x65,0x81,0x5B,0x83,0x4C)] = 6071
xi.synth_result_names_cp932[string.char(0x83,0x7D,0x83,0x57,0x83,0x62,0x83,0x4E,0x83,0x78,0x83,0x8B,0x83,0x67)] = 13195
xi.synth_result_names_cp932[string.char(0x83,0x7D,0x83,0x58,0x82,0xCC,0x89,0x96,0x8F,0xC4,0x82,0xAB)] = 4404
xi.synth_result_names_cp932[string.char(0x83,0x7D,0x83,0x58,0x83,0x50,0x83,0x67,0x83,0x93)] = 19224
xi.synth_result_names_cp932[string.char(0x83,0x7D,0x83,0x58,0x83,0x5E,0x81,0x5B,0x83,0x4B,0x83,0x93,0x83,0x49,0x83,0x43,0x83,0x8B)] = 1468
xi.synth_result_names_cp932[string.char(0x83,0x7D,0x83,0x58,0x83,0x5F,0x83,0x93,0x83,0x53)] = 16999
xi.synth_result_names_cp932[string.char(0x83,0x7D,0x83,0x5E,0x83,0x7D,0x83,0x5E,0x83,0x56,0x81,0x5B,0x83,0x8B,0x83,0x68)] = 28667
xi.synth_result_names_cp932[string.char(0x83,0x7D,0x83,0x62,0x83,0x56,0x83,0x85,0x83,0x4E,0x83,0x89,0x83,0x62,0x83,0x4A,0x81,0x5B)] = 2395
xi.synth_result_names_cp932[string.char(0x83,0x7D,0x83,0x62,0x83,0x58,0x83,0x8B,0x83,0x78,0x83,0x8B,0x83,0x67)] = 13185
xi.synth_result_names_cp932[string.char(0x83,0x7D,0x83,0x62,0x83,0x60,0x83,0x8D,0x83,0x62,0x83,0x4E,0x83,0x4B,0x83,0x93)] = 17250
xi.synth_result_names_cp932[string.char(0x83,0x7D,0x83,0x67,0x83,0x4A,0x81,0x5B)] = 360
xi.synth_result_names_cp932[string.char(0x83,0x7D,0x83,0x67,0x83,0x93,0x82,0xCC,0x83,0x8D,0x81,0x5B,0x83,0x58,0x83,0x67)] = 4437
xi.synth_result_names_cp932[string.char(0x83,0x7D,0x83,0x67,0x83,0x93,0x83,0x67,0x83,0x8B,0x83,0x65,0x83,0x42,0x81,0x5B,0x83,0x84)] = 4506
xi.synth_result_names_cp932[string.char(0x83,0x7D,0x83,0x69,0x83,0x4E,0x83,0x8D,0x81,0x5B,0x83,0x4E)] = 14491
xi.synth_result_names_cp932[string.char(0x83,0x7D,0x83,0x69,0x83,0x52,0x83,0x93,0x83,0x54,0x81,0x5B,0x83,0x6F,0x81,0x5B)] = 2268
xi.synth_result_names_cp932[string.char(0x83,0x7D,0x83,0x69,0x83,0x52,0x83,0x93,0x83,0x6F,0x81,0x5B,0x83,0x5E,0x81,0x5B)] = 2267
xi.synth_result_names_cp932[string.char(0x83,0x7D,0x83,0x69,0x83,0x56,0x83,0x46,0x83,0x8B,0x83,0x8A,0x83,0x93,0x83,0x4F)] = 15782
xi.synth_result_names_cp932[string.char(0x83,0x7D,0x83,0x69,0x83,0x57,0x83,0x83,0x83,0x7D,0x81,0x5B)] = 2258
xi.synth_result_names_cp932[string.char(0x83,0x7D,0x83,0x69,0x83,0x57,0x83,0x83,0x83,0x7D,0x81,0x5B,0x49,0x49)] = 2261
xi.synth_result_names_cp932[string.char(0x83,0x7D,0x83,0x69,0x83,0x5E,0x83,0x93,0x83,0x4E)] = 2266
xi.synth_result_names_cp932[string.char(0x83,0x7D,0x83,0x69,0x83,0x5E,0x83,0x93,0x83,0x4E,0x49,0x49)] = 2269
xi.synth_result_names_cp932[string.char(0x83,0x7D,0x83,0x69,0x83,0x60,0x83,0x85,0x83,0x6A,0x83,0x62,0x83,0x4E)] = 14490
xi.synth_result_names_cp932[string.char(0x83,0x7D,0x83,0x69,0x83,0x75,0x81,0x5B,0x83,0x58,0x83,0x5E,0x81,0x5B)] = 2242
xi.synth_result_names_cp932[string.char(0x83,0x7D,0x83,0x69,0x83,0x8F,0x83,0x93,0x83,0x68)] = 18402
xi.synth_result_names_cp932[string.char(0x83,0x7D,0x83,0x6D,0x83,0x76,0x83,0x8B)] = 16423
xi.synth_result_names_cp932[string.char(0x83,0x7D,0x83,0x6E,0x83,0x89,0x83,0x57,0x83,0x83,0x83,0x78,0x83,0x8B,0x83,0x67)] = 15870
xi.synth_result_names_cp932[string.char(0x83,0x7D,0x83,0x71,0x82,0xCC,0x96,0xEE,0x90,0x4B)] = 2294
xi.synth_result_names_cp932[string.char(0x83,0x7D,0x83,0x71,0x93,0xC5,0x91,0x66)] = 945
xi.synth_result_names_cp932[string.char(0x83,0x7D,0x83,0x74,0x83,0x89)] = 12682
xi.synth_result_names_cp932[string.char(0x83,0x7D,0x83,0x7A,0x83,0x4B,0x83,0x6A,0x81,0x5B,0x83,0x56,0x81,0x5B,0x83,0x8B,0x83,0x68)] = 12292
xi.synth_result_names_cp932[string.char(0x83,0x7D,0x83,0x7A,0x83,0x4B,0x83,0x6A,0x81,0x5B,0x83,0x58,0x83,0x5E,0x83,0x62,0x83,0x74)] = 17092
xi.synth_result_names_cp932[string.char(0x83,0x7D,0x83,0x7A,0x83,0x4B,0x83,0x6A,0x81,0x5B,0x83,0x78,0x83,0x62,0x83,0x68)] = 4
xi.synth_result_names_cp932[string.char(0x83,0x7D,0x83,0x7A,0x83,0x4B,0x83,0x6A,0x81,0x5B,0x83,0x7C,0x81,0x5B,0x83,0x8B)] = 17099
xi.synth_result_names_cp932[string.char(0x83,0x7D,0x83,0x7A,0x83,0x4B,0x83,0x6A,0x81,0x5B,0x8D,0xDE)] = 717
xi.synth_result_names_cp932[string.char(0x83,0x7D,0x83,0x80,0x81,0x5B,0x83,0x57,0x83,0x83,0x83,0x77,0x83,0x8B,0x83,0x80)] = 16121
xi.synth_result_names_cp932[string.char(0x83,0x7D,0x83,0x89,0x83,0x58,0x83,0x6F,0x83,0x4F,0x83,0x69,0x83,0x45)] = 18789
xi.synth_result_names_cp932[string.char(0x83,0x7D,0x83,0x8A,0x83,0x5C,0x83,0x93,0x83,0x81,0x83,0x5F,0x83,0x8B)] = 10392
xi.synth_result_names_cp932[string.char(0x83,0x7D,0x83,0x8A,0x83,0x69,0x81,0x5B,0x83,0x89)] = 5719
xi.synth_result_names_cp932[string.char(0x83,0x7D,0x83,0x8A,0x83,0x69,0x81,0x5B,0x83,0x89,0x83,0x5C,0x81,0x5B,0x83,0x58)] = 5747
xi.synth_result_names_cp932[string.char(0x83,0x7D,0x83,0x8A,0x83,0x69,0x81,0x5B,0x83,0x89,0x83,0x73,0x83,0x55)] = 5743
xi.synth_result_names_cp932[string.char(0x83,0x7D,0x83,0x8A,0x83,0x84,0x83,0x4A,0x83,0x8C,0x83,0x84,0x83,0x49,0x81,0x5B,0x83,0x75)] = 8720
xi.synth_result_names_cp932[string.char(0x83,0x7D,0x83,0x8A,0x83,0x84,0x83,0x56,0x83,0x62,0x83,0x4E,0x83,0x8B)] = 21815
xi.synth_result_names_cp932[string.char(0x83,0x7D,0x83,0x8A,0x81,0x5B,0x83,0x6A,0x83,0x83)] = 5888
xi.synth_result_names_cp932[string.char(0x83,0x7D,0x83,0x8B,0x83,0x51,0x83,0x8A,0x81,0x5B,0x83,0x5E,0x83,0x73,0x83,0x55)] = 5695
xi.synth_result_names_cp932[string.char(0x83,0x7D,0x83,0x8D,0x83,0x93,0x83,0x4F,0x83,0x89,0x83,0x62,0x83,0x5A)] = 4502
xi.synth_result_names_cp932[string.char(0x83,0x7D,0x83,0x93,0x83,0x5E,0x82,0xCC,0x82,0xC8,0x82,0xDF,0x82,0xB5,0x8A,0x76)] = 877
xi.synth_result_names_cp932[string.char(0x83,0x7D,0x83,0x93,0x83,0x65,0x83,0x42,0x83,0x58,0x82,0xCC,0x96,0xEE,0x90,0x4B)] = 3946
xi.synth_result_names_cp932[string.char(0x83,0x7D,0x83,0x93,0x83,0x66,0x83,0x75,0x83,0x89,0x83,0x56,0x83,0x62,0x83,0x4E,0x83,0x8B)] = 18050
xi.synth_result_names_cp932[string.char(0x83,0x7D,0x83,0x93,0x83,0x82,0x83,0x58,0x82,0xCC,0x89,0xE5)] = 1458
xi.synth_result_names_cp932[string.char(0x83,0x7D,0x81,0x5B,0x83,0x50,0x83,0x73,0x83,0x41,0x83,0x58)] = 26080
xi.synth_result_names_cp932[string.char(0x83,0x7D,0x81,0x5B,0x83,0x59,0x83,0x77,0x83,0x4C,0x83,0x54,0x83,0x4B,0x83,0x93)] = 18715
xi.synth_result_names_cp932[string.char(0x83,0x7D,0x81,0x5B,0x83,0x75,0x83,0x8B,0x83,0x76,0x83,0x89,0x83,0x62,0x83,0x4E)] = 348
xi.synth_result_names_cp932[string.char(0x83,0x7D,0x81,0x5B,0x83,0x75,0x83,0x8B,0x83,0x78,0x83,0x62,0x83,0x68)] = 130
xi.synth_result_names_cp932[string.char(0x83,0x7D,0x81,0x5B,0x83,0x8A,0x83,0x68,0x82,0xCC,0x82,0xC8,0x82,0xDF,0x82,0xB5,0x8A,0x76)] = 2152
xi.synth_result_names_cp932[string.char(0x83,0x7D,0x81,0x5B,0x83,0x8A,0x83,0x68,0x83,0x41,0x83,0x8D,0x81,0x5B)] = 18697
xi.synth_result_names_cp932[string.char(0x83,0x7D,0x81,0x5B,0x83,0x8A,0x83,0x68,0x83,0x78,0x83,0x8B,0x83,0x67)] = 15890
xi.synth_result_names_cp932[string.char(0x83,0x7D,0x81,0x5B,0x83,0x8A,0x83,0x68,0x83,0x7D,0x83,0x93,0x83,0x67)] = 16211
xi.synth_result_names_cp932[string.char(0x83,0x7D,0x81,0x5B,0x83,0x8A,0x83,0x68,0x83,0x7E,0x83,0x67,0x83,0x93)] = 14941
xi.synth_result_names_cp932[string.char(0x83,0x7D,0x81,0x5B,0x83,0x8A,0x83,0x68,0x83,0x8A,0x83,0x93,0x83,0x4F)] = 15788
xi.synth_result_names_cp932[string.char(0x83,0x7D,0x81,0x5B,0x83,0x8A,0x83,0x68,0x83,0x8C,0x83,0x4D,0x83,0x93,0x83,0x58)] = 15696
xi.synth_result_names_cp932[string.char(0x83,0x7D,0x81,0x5B,0x83,0x8A,0x83,0x68,0x89,0xE5,0x82,0xCC,0x96,0xEE,0x90,0x4B)] = 2293
xi.synth_result_names_cp932[string.char(0x83,0x7E,0x83,0x58,0x83,0x67,0x83,0x4E,0x83,0x89,0x83,0x45,0x83,0x93)] = 15162
xi.synth_result_names_cp932[string.char(0x83,0x7E,0x83,0x58,0x83,0x67,0x83,0x59,0x83,0x7B,0x83,0x93)] = 14324
xi.synth_result_names_cp932[string.char(0x83,0x7E,0x83,0x58,0x83,0x67,0x83,0x60,0x83,0x85,0x83,0x6A,0x83,0x62,0x83,0x4E)] = 14423
xi.synth_result_names_cp932[string.char(0x83,0x7E,0x83,0x58,0x83,0x67,0x83,0x70,0x83,0x93,0x83,0x76,0x83,0x58)] = 15312
xi.synth_result_names_cp932[string.char(0x83,0x7E,0x83,0x58,0x83,0x67,0x83,0x7E,0x83,0x67,0x83,0x93)] = 14855
xi.synth_result_names_cp932[string.char(0x83,0x7E,0x83,0x58,0x83,0x89,0x8E,0xAE,0x92,0xDE,0x8A,0xC6)] = 17380
xi.synth_result_names_cp932[string.char(0x83,0x7E,0x83,0x58,0x83,0x89,0x95,0x97,0x8E,0x52,0x82,0xCC,0x8D,0x4B,0x8B,0xF8,0x8F,0xC4)] = 4381
xi.synth_result_names_cp932[string.char(0x83,0x7E,0x83,0x58,0x83,0x89,0x95,0x97,0x8A,0x43,0x82,0xCC,0x8D,0x4B,0x8B,0xF8,0x8F,0xC4)] = 4398
xi.synth_result_names_cp932[string.char(0x83,0x7E,0x83,0x58,0x83,0x8A,0x83,0x8B,0x82,0xCC,0x8D,0xBD)] = 681
xi.synth_result_names_cp932[string.char(0x83,0x7E,0x83,0x58,0x83,0x8A,0x83,0x8B,0x83,0x41,0x83,0x4E,0x83,0x58)] = 16644
xi.synth_result_names_cp932[string.char(0x83,0x7E,0x83,0x58,0x83,0x8A,0x83,0x8B,0x83,0x43,0x83,0x93,0x83,0x53,0x83,0x62,0x83,0x67)] = 653
xi.synth_result_names_cp932[string.char(0x83,0x7E,0x83,0x58,0x83,0x8A,0x83,0x8B,0x83,0x4B,0x83,0x93,0x83,0x67,0x83,0x8C)] = 12673
xi.synth_result_names_cp932[string.char(0x83,0x7E,0x83,0x58,0x83,0x8A,0x83,0x8B,0x83,0x4D,0x83,0x41)] = 2311
xi.synth_result_names_cp932[string.char(0x83,0x7E,0x83,0x58,0x83,0x8A,0x83,0x8B,0x83,0x4E,0x83,0x45,0x83,0x42,0x83,0x58)] = 12801
xi.synth_result_names_cp932[string.char(0x83,0x7E,0x83,0x58,0x83,0x8A,0x83,0x8B,0x83,0x4E,0x83,0x4E,0x83,0x8A)] = 16475
xi.synth_result_names_cp932[string.char(0x83,0x7E,0x83,0x58,0x83,0x8A,0x83,0x8B,0x83,0x4E,0x83,0x8C,0x83,0x43,0x83,0x82,0x83,0x41)] = 16584
xi.synth_result_names_cp932[string.char(0x83,0x7E,0x83,0x58,0x83,0x8A,0x83,0x8B,0x83,0x4E,0x83,0x8D,0x81,0x5B)] = 16412
xi.synth_result_names_cp932[string.char(0x83,0x7E,0x83,0x58,0x83,0x8A,0x83,0x8B,0x83,0x4F,0x83,0x8A,0x83,0x62,0x83,0x76)] = 19013
xi.synth_result_names_cp932[string.char(0x83,0x7E,0x83,0x58,0x83,0x8A,0x83,0x8B,0x83,0x52,0x83,0x43,0x83,0x8B)] = 2308
xi.synth_result_names_cp932[string.char(0x83,0x7E,0x83,0x58,0x83,0x8A,0x83,0x8B,0x83,0x53,0x83,0x8B,0x83,0x51,0x83,0x62,0x83,0x67)] = 13084
xi.synth_result_names_cp932[string.char(0x83,0x7E,0x83,0x58,0x83,0x8A,0x83,0x8B,0x83,0x54,0x83,0x43,0x83,0x59)] = 16775
xi.synth_result_names_cp932[string.char(0x83,0x7E,0x83,0x58,0x83,0x8A,0x83,0x8B,0x83,0x54,0x83,0x8A,0x83,0x62,0x83,0x67)] = 12417
xi.synth_result_names_cp932[string.char(0x83,0x7E,0x83,0x58,0x83,0x8A,0x83,0x8B,0x83,0x55,0x83,0x4F,0x83,0x69,0x83,0x8B)] = 16796
xi.synth_result_names_cp932[string.char(0x83,0x7E,0x83,0x58,0x83,0x8A,0x83,0x8B,0x83,0x5C,0x81,0x5B,0x83,0x68)] = 16537
xi.synth_result_names_cp932[string.char(0x83,0x7E,0x83,0x58,0x83,0x8A,0x83,0x8B,0x83,0x5F,0x83,0x4B,0x81,0x5B)] = 16451
xi.synth_result_names_cp932[string.char(0x83,0x7E,0x83,0x58,0x83,0x8A,0x83,0x8B,0x83,0x66,0x81,0x5B,0x83,0x51,0x83,0x93)] = 16518
xi.synth_result_names_cp932[string.char(0x83,0x7E,0x83,0x58,0x83,0x8A,0x83,0x8B,0x83,0x69,0x83,0x43,0x83,0x74)] = 16467
xi.synth_result_names_cp932[string.char(0x83,0x7E,0x83,0x58,0x83,0x8A,0x83,0x8B,0x83,0x69,0x83,0x51,0x83,0x62,0x83,0x67)] = 1226
xi.synth_result_names_cp932[string.char(0x83,0x7E,0x83,0x58,0x83,0x8A,0x83,0x8B,0x83,0x69,0x83,0x62,0x83,0x4E,0x83,0x8B)] = 16393
xi.synth_result_names_cp932[string.char(0x83,0x7E,0x83,0x58,0x83,0x8A,0x83,0x8B,0x83,0x6E,0x81,0x5B,0x83,0x67)] = 16950
xi.synth_result_names_cp932[string.char(0x83,0x7E,0x83,0x58,0x83,0x8A,0x83,0x8B,0x83,0x6F,0x83,0x5B,0x83,0x89,0x81,0x5B,0x83,0x68)] = 16456
xi.synth_result_names_cp932[string.char(0x83,0x7E,0x83,0x58,0x83,0x8A,0x83,0x8B,0x83,0x73,0x83,0x41,0x83,0x58)] = 13328
xi.synth_result_names_cp932[string.char(0x83,0x7E,0x83,0x58,0x83,0x8A,0x83,0x8B,0x83,0x73,0x83,0x62,0x83,0x4E)] = 16651
xi.synth_result_names_cp932[string.char(0x83,0x7E,0x83,0x58,0x83,0x8A,0x83,0x8B,0x83,0x75,0x83,0x8C,0x83,0x58,0x83,0x67)] = 12545
xi.synth_result_names_cp932[string.char(0x83,0x7E,0x83,0x58,0x83,0x8A,0x83,0x8B,0x83,0x7B,0x83,0x8B,0x83,0x67)] = 17337
xi.synth_result_names_cp932[string.char(0x83,0x7E,0x83,0x58,0x83,0x8A,0x83,0x8B,0x83,0x7B,0x83,0x8B,0x83,0x67,0x82,0xCC,0xE8,0x56)] = 1212
xi.synth_result_names_cp932[string.char(0x83,0x7E,0x83,0x58,0x83,0x8A,0x83,0x8B,0x83,0x81,0x83,0x43,0x83,0x58)] = 17036
xi.synth_result_names_cp932[string.char(0x83,0x7E,0x83,0x58,0x83,0x8A,0x83,0x8B,0x83,0x89,0x83,0x93,0x83,0x58)] = 16847
xi.synth_result_names_cp932[string.char(0x83,0x7E,0x83,0x58,0x83,0x8A,0x83,0x8B,0x83,0x8A,0x83,0x93,0x83,0x4F)] = 13446
xi.synth_result_names_cp932[string.char(0x83,0x7E,0x83,0x58,0x83,0x8A,0x83,0x8B,0x83,0x8C,0x83,0x4D,0x83,0x93,0x83,0x58)] = 12929
xi.synth_result_names_cp932[string.char(0x83,0x7E,0x83,0x58,0x83,0x8A,0x83,0x8B,0x83,0x8D,0x83,0x62,0x83,0x68)] = 17061
xi.synth_result_names_cp932[string.char(0x83,0x7E,0x83,0x58,0x83,0x8A,0x83,0x8B,0x94,0xC2)] = 663
xi.synth_result_names_cp932[string.char(0x83,0x7E,0x83,0x5A,0x83,0x8A,0x83,0x52,0x83,0x8B,0x83,0x66)] = 16452
xi.synth_result_names_cp932[string.char(0x83,0x7E,0x83,0x67,0x83,0x93)] = 12736
xi.synth_result_names_cp932[string.char(0x83,0x7E,0x83,0x68,0x83,0x8A,0x83,0x45,0x83,0x80,0x82,0xCC,0xE8,0x56)] = 3945
xi.synth_result_names_cp932[string.char(0x83,0x7E,0x83,0x68,0x83,0x8A,0x83,0x45,0x83,0x80,0x83,0x75,0x83,0x89,0x83,0x58)] = 3919
xi.synth_result_names_cp932[string.char(0x83,0x7E,0x83,0x68,0x83,0x8A,0x83,0x45,0x83,0x80,0x94,0xC2)] = 3963
xi.synth_result_names_cp932[string.char(0x83,0x7E,0x83,0x6D,0x81,0x5B)] = 17407
xi.synth_result_names_cp932[string.char(0x83,0x7E,0x83,0x89,0x81,0x5B,0x83,0x57,0x83,0x58,0x83,0x67,0x81,0x5B,0x83,0x8B)] = 25507
xi.synth_result_names_cp932[string.char(0x83,0x7E,0x83,0x8A,0x83,0x49,0x83,0x6C,0x83,0x89,0x83,0x66,0x83,0x58,0x83,0x4E)] = 33
xi.synth_result_names_cp932[string.char(0x83,0x7E,0x83,0x8B,0x83,0x74,0x83,0x42,0x81,0x5B,0x83,0x86)] = 5559
xi.synth_result_names_cp932[string.char(0x83,0x7E,0x81,0x5B,0x83,0x67,0x83,0x8D,0x81,0x5B,0x83,0x74)] = 5689
xi.synth_result_names_cp932[string.char(0x83,0x80,0x83,0x6F,0x83,0x8B,0x83,0x7C,0x83,0x8D,0x83,0x58,0x90,0x85)] = 5165
xi.synth_result_names_cp932[string.char(0x83,0x80,0x81,0x5B,0x83,0x93,0x83,0x43,0x83,0x84,0x83,0x8A,0x83,0x93,0x83,0x4F)] = 13350
xi.synth_result_names_cp932[string.char(0x83,0x80,0x81,0x5B,0x83,0x93,0x83,0x58,0x83,0x67,0x81,0x5B,0x83,0x93)] = 802
xi.synth_result_names_cp932[string.char(0x83,0x80,0x81,0x5B,0x83,0x93,0x83,0x8A,0x83,0x93,0x83,0x4F)] = 13491
xi.synth_result_names_cp932[string.char(0x83,0x81,0x83,0x43,0x83,0x58)] = 17035
xi.synth_result_names_cp932[string.char(0x83,0x81,0x83,0x43,0x83,0x8B,0x83,0x75,0x83,0x8C,0x83,0x43,0x83,0x4A,0x81,0x5B)] = 16514
xi.synth_result_names_cp932[string.char(0x83,0x81,0x83,0x4B,0x83,0x6F,0x83,0x62,0x83,0x65,0x83,0x8A,0x81,0x5B)] = 18230
xi.synth_result_names_cp932[string.char(0x83,0x81,0x83,0x4B,0x83,0x74,0x83,0x40,0x83,0x93)] = 18238
xi.synth_result_names_cp932[string.char(0x83,0x81,0x83,0x4B,0x83,0x7C,0x83,0x93,0x83,0x76)] = 18234
xi.synth_result_names_cp932[string.char(0x83,0x81,0x83,0x55,0x83,0x89,0x83,0x4E)] = 18110
xi.synth_result_names_cp932[string.char(0x83,0x81,0x83,0x5E,0x83,0x8B,0x83,0x69,0x83,0x62,0x83,0x4E,0x83,0x8B)] = 16392
xi.synth_result_names_cp932[string.char(0x83,0x81,0x83,0x62,0x83,0x56,0x83,0x85,0x83,0x7E,0x83,0x58,0x83,0x8A,0x83,0x8B,0x94,0xC2)] = 2422
xi.synth_result_names_cp932[string.char(0x83,0x81,0x83,0x67,0x83,0x8B,0x83,0x8C,0x83,0x4D,0x83,0x93,0x83,0x58)] = 11407
xi.synth_result_names_cp932[string.char(0x83,0x81,0x83,0x6C,0x83,0x67,0x83,0x8A,0x83,0x47,0x83,0x41,0x83,0x8B,0x83,0x75)] = 11347
xi.synth_result_names_cp932[string.char(0x83,0x81,0x83,0x6C,0x83,0x81,0x83,0x93)] = 5586
xi.synth_result_names_cp932[string.char(0x83,0x81,0x83,0x89,0x83,0x93,0x83,0x55,0x81,0x5B,0x83,0x6C)] = 5213
xi.synth_result_names_cp932[string.char(0x83,0x81,0x83,0x8B,0x83,0x67,0x83,0x4E,0x83,0x4E,0x83,0x8A)] = 18013
xi.synth_result_names_cp932[string.char(0x83,0x81,0x83,0x8B,0x83,0x67,0x83,0x4E,0x83,0x8D,0x81,0x5B)] = 18357
xi.synth_result_names_cp932[string.char(0x83,0x81,0x83,0x8B,0x83,0x67,0x83,0x5F,0x83,0x4B,0x81,0x5B)] = 18010
xi.synth_result_names_cp932[string.char(0x83,0x81,0x83,0x8B,0x83,0x67,0x83,0x69,0x83,0x43,0x83,0x74)] = 18011
xi.synth_result_names_cp932[string.char(0x83,0x81,0x83,0x8B,0x83,0x67,0x83,0x6F,0x83,0x5B,0x83,0x89,0x81,0x5B,0x83,0x68)] = 18012
xi.synth_result_names_cp932[string.char(0x83,0x81,0x83,0x8D,0x83,0x66,0x83,0x42,0x83,0x73,0x83,0x41,0x83,0x58)] = 14725
xi.synth_result_names_cp932[string.char(0x83,0x81,0x83,0x8D,0x83,0x93,0x83,0x57,0x83,0x85,0x81,0x5B,0x83,0x58)] = 4424
xi.synth_result_names_cp932[string.char(0x83,0x81,0x83,0x8D,0x83,0x93,0x83,0x70,0x83,0x43)] = 4421
xi.synth_result_names_cp932[string.char(0x83,0x81,0x83,0x93,0x83,0x56,0x83,0x58,0x83,0x67,0x83,0x89,0x83,0x62,0x83,0x76)] = 22208
xi.synth_result_names_cp932[string.char(0x83,0x81,0x81,0x5B,0x83,0x76,0x83,0x8B,0x83,0x50,0x81,0x5B,0x83,0x4C)] = 5625
xi.synth_result_names_cp932[string.char(0x83,0x81,0x81,0x5B,0x83,0x76,0x83,0x8B,0x83,0x56,0x83,0x85,0x83,0x4B,0x81,0x5B)] = 627
xi.synth_result_names_cp932[string.char(0x83,0x81,0x81,0x5B,0x83,0x76,0x83,0x8B,0x83,0x56,0x81,0x5B,0x83,0x8B,0x83,0x68)] = 12290
xi.synth_result_names_cp932[string.char(0x83,0x81,0x81,0x5B,0x83,0x76,0x83,0x8B,0x83,0x65,0x81,0x5B,0x83,0x75,0x83,0x8B)] = 23
xi.synth_result_names_cp932[string.char(0x83,0x81,0x81,0x5B,0x83,0x76,0x83,0x8B,0x83,0x6E,0x81,0x5B,0x83,0x76)] = 17353
xi.synth_result_names_cp932[string.char(0x83,0x81,0x81,0x5B,0x83,0x76,0x83,0x8B,0x83,0x8F,0x83,0x93,0x83,0x68)] = 17049
xi.synth_result_names_cp932[string.char(0x83,0x81,0x81,0x5B,0x83,0x76,0x83,0x8B,0x8D,0xDE)] = 708
xi.synth_result_names_cp932[string.char(0x83,0x82,0x83,0x4A,0x83,0x56,0x83,0x93)] = 12995
xi.synth_result_names_cp932[string.char(0x83,0x82,0x83,0x75,0x83,0x8A,0x83,0x93,0x83,0x70,0x83,0x65)] = 1860
xi.synth_result_names_cp932[string.char(0x83,0x82,0x83,0x75,0x83,0x8A,0x83,0x93,0x90,0x44,0x95,0xA8)] = 1636
xi.synth_result_names_cp932[string.char(0x83,0x82,0x83,0x75,0x83,0x8F,0x83,0x54,0x83,0x62,0x83,0x56,0x83,0x85)] = 15905
xi.synth_result_names_cp932[string.char(0x83,0x82,0x83,0x75,0x83,0x8F,0x83,0x58,0x83,0x4A,0x81,0x5B,0x83,0x74)] = 16261
xi.synth_result_names_cp932[string.char(0x83,0x82,0x83,0x75,0x83,0x8F,0x91,0x90,0x95,0x7A)] = 2274
xi.synth_result_names_cp932[string.char(0x83,0x82,0x83,0x75,0x83,0x8F,0x91,0x90,0x8E,0x85)] = 2296
xi.synth_result_names_cp932[string.char(0x83,0x82,0x83,0x8A,0x83,0x49,0x83,0x93,0x83,0x73,0x83,0x41,0x83,0x58)] = 14720
xi.synth_result_names_cp932[string.char(0x83,0x82,0x83,0x8A,0x83,0x75,0x83,0x66,0x83,0x43,0x83,0x93,0x83,0x53,0x83,0x62,0x83,0x67)] = 1711
xi.synth_result_names_cp932[string.char(0x83,0x82,0x83,0x8A,0x83,0x75,0x83,0x66,0x83,0x93,0x94,0xC2)] = 669
xi.synth_result_names_cp932[string.char(0x83,0x82,0x83,0x8B,0x83,0x7E,0x83,0x93,0x94,0xC2)] = 1859
xi.synth_result_names_cp932[string.char(0x83,0x82,0x83,0x93,0x83,0x4E,0x82,0xCC,0x8D,0x41,0x97,0xD6)] = 25423
xi.synth_result_names_cp932[string.char(0x83,0x82,0x83,0x93,0x83,0x5E,0x81,0x5B,0x83,0x6A,0x83,0x83)] = 5887
xi.synth_result_names_cp932[string.char(0x83,0x82,0x83,0x93,0x83,0x75,0x83,0x89,0x83,0x93)] = 5557
xi.synth_result_names_cp932[string.char(0x83,0x82,0x81,0x5B,0x83,0x8B)] = 17045
xi.synth_result_names_cp932[string.char(0x83,0x84,0x83,0x43,0x83,0x89,0x83,0x60,0x83,0x87,0x83,0x8B,0x83,0x6F,0x83,0x58)] = 5579
xi.synth_result_names_cp932[string.char(0x83,0x84,0x83,0x4F,0x81,0x5B,0x83,0x68,0x82,0xCC,0x96,0xEE,0x89,0x48,0x8D,0xAA)] = 1222
xi.synth_result_names_cp932[string.char(0x83,0x84,0x83,0x4F,0x81,0x5B,0x83,0x68,0x83,0x68,0x83,0x8A,0x83,0x93,0x83,0x4E)] = 4558
xi.synth_result_names_cp932[string.char(0x83,0x84,0x83,0x4F,0x81,0x5B,0x83,0x68,0x83,0x77,0x83,0x62,0x83,0x68,0x83,0x4D,0x83,0x41)] = 15202
xi.synth_result_names_cp932[string.char(0x83,0x84,0x83,0x67,0x83,0x68,0x83,0x40,0x81,0x5B,0x83,0x89)] = 18561
xi.synth_result_names_cp932[string.char(0x83,0x84,0x83,0x69,0x83,0x4D,0x82,0xCC,0x92,0xDE,0x8A,0xC6)] = 17391
xi.synth_result_names_cp932[string.char(0x83,0x84,0x83,0x7D,0x83,0x81,0x82,0xCC,0x89,0x96,0x8F,0xC4,0x82,0xAB)] = 6583
xi.synth_result_names_cp932[string.char(0x83,0x86,0x83,0x6A,0x83,0x52,0x83,0x93,0x83,0x4C,0x83,0x83,0x83,0x62,0x83,0x76)] = 15209
xi.synth_result_names_cp932[string.char(0x83,0x86,0x83,0x6A,0x83,0x52,0x83,0x93,0x83,0x54,0x83,0x75,0x83,0x8A,0x83,0x4B)] = 15406
xi.synth_result_names_cp932[string.char(0x83,0x86,0x83,0x6A,0x83,0x52,0x83,0x93,0x83,0x6E,0x81,0x5B,0x83,0x6C,0x83,0x58)] = 14448
xi.synth_result_names_cp932[string.char(0x83,0x86,0x83,0x6A,0x83,0x52,0x83,0x93,0x83,0x7E,0x83,0x67,0x83,0x93)] = 14055
xi.synth_result_names_cp932[string.char(0x83,0x86,0x83,0x6A,0x83,0x52,0x83,0x93,0x83,0x8C,0x83,0x4D,0x83,0x93,0x83,0x58)] = 15345
xi.synth_result_names_cp932[string.char(0x83,0x86,0x81,0x5B,0x83,0x8F,0x83,0x93,0x83,0x68)] = 17051
xi.synth_result_names_cp932[string.char(0x83,0x86,0x81,0x5B,0x8D,0xDE)] = 713
xi.synth_result_names_cp932[string.char(0x83,0x88,0x81,0x5B,0x83,0x4F,0x83,0x8B,0x83,0x67)] = 5575
xi.synth_result_names_cp932[string.char(0x83,0x88,0x81,0x5B,0x83,0x4F,0x83,0x8B,0x83,0x67,0x83,0x50,0x81,0x5B,0x83,0x4C)] = 5627
xi.synth_result_names_cp932[string.char(0x83,0x89,0x83,0x43,0x83,0x41,0x83,0x62,0x83,0x67)] = 17315
xi.synth_result_names_cp932[string.char(0x83,0x89,0x83,0x43,0x83,0x57,0x83,0x93,0x83,0x4F,0x83,0x54,0x83,0x93)] = 17286
xi.synth_result_names_cp932[string.char(0x83,0x89,0x83,0x43,0x83,0x67,0x83,0x49,0x83,0x70,0x81,0x5B,0x83,0x8B)] = 796
xi.synth_result_names_cp932[string.char(0x83,0x89,0x83,0x43,0x83,0x67,0x83,0x4A,0x81,0x5B,0x83,0x68)] = 2182
xi.synth_result_names_cp932[string.char(0x83,0x89,0x83,0x43,0x83,0x67,0x83,0x4E,0x83,0x8D,0x83,0x58,0x83,0x7B,0x83,0x45)] = 17216
xi.synth_result_names_cp932[string.char(0x83,0x89,0x83,0x43,0x83,0x67,0x83,0x58,0x83,0x5E,0x83,0x62,0x83,0x74)] = 17557
xi.synth_result_names_cp932[string.char(0x83,0x89,0x83,0x43,0x83,0x67,0x83,0x6A,0x83,0x93,0x83,0x4F,0x83,0x7B,0x83,0x45)] = 17240
xi.synth_result_names_cp932[string.char(0x83,0x89,0x83,0x43,0x83,0x67,0x83,0x89,0x83,0x93,0x83,0x76)] = 213
xi.synth_result_names_cp932[string.char(0x83,0x89,0x83,0x43,0x83,0x67,0x83,0x8A,0x83,0x93,0x83,0x4F)] = 14642
xi.synth_result_names_cp932[string.char(0x83,0x89,0x83,0x45,0x83,0x68,0x83,0x58,0x83,0x73,0x81,0x5B,0x83,0x4A,0x81,0x5B)] = 2243
xi.synth_result_names_cp932[string.char(0x83,0x89,0x83,0x45,0x83,0x68,0x83,0x58,0x83,0x73,0x81,0x5B,0x83,0x4A,0x81,0x5B,0x49,0x49)] = 2245
xi.synth_result_names_cp932[string.char(0x83,0x89,0x83,0x45,0x83,0x93,0x83,0x68,0x83,0x56,0x81,0x5B,0x83,0x8B,0x83,0x68)] = 12295
xi.synth_result_names_cp932[string.char(0x83,0x89,0x83,0x45,0x83,0x93,0x83,0x68,0x83,0x65,0x81,0x5B,0x83,0x75,0x83,0x8B,0x82,0x61)] = 411
xi.synth_result_names_cp932[string.char(0x83,0x89,0x83,0x45,0x83,0x93,0x83,0x68,0x83,0x65,0x81,0x5B,0x83,0x75,0x83,0x8B,0x82,0x66)] = 412
xi.synth_result_names_cp932[string.char(0x83,0x89,0x83,0x45,0x83,0x93,0x83,0x68,0x83,0x65,0x81,0x5B,0x83,0x75,0x83,0x8B,0x82,0x71)] = 410
xi.synth_result_names_cp932[string.char(0x83,0x89,0x83,0x45,0x83,0x93,0x83,0x68,0x83,0x65,0x81,0x5B,0x83,0x75,0x83,0x8B,0x82,0x76)] = 414
xi.synth_result_names_cp932[string.char(0x83,0x89,0x83,0x45,0x83,0x93,0x83,0x68,0x83,0x65,0x81,0x5B,0x83,0x75,0x83,0x8B,0x82,0x78)] = 413
xi.synth_result_names_cp932[string.char(0x83,0x89,0x83,0x57,0x83,0x4A,0x83,0x8B,0x83,0x7D,0x83,0x93,0x83,0x67)] = 28646
xi.synth_result_names_cp932[string.char(0x83,0x89,0x83,0x59,0x82,0xCC,0x82,0xC8,0x82,0xDF,0x82,0xB5,0x8A,0x76)] = 8708
xi.synth_result_names_cp932[string.char(0x83,0x89,0x83,0x59,0x82,0xCC,0x96,0xEE,0x90,0x4B)] = 8706
xi.synth_result_names_cp932[string.char(0x83,0x89,0x83,0x5E,0x83,0x67,0x83,0x44,0x83,0x43,0x83,0x86)] = 5731
xi.synth_result_names_cp932[string.char(0x83,0x89,0x83,0x62,0x83,0x4A,0x81,0x5B,0x8D,0xDE)] = 1447
xi.synth_result_names_cp932[string.char(0x83,0x89,0x83,0x62,0x83,0x4A,0x81,0x5B,0x8E,0xF7,0x89,0x74)] = 1448
xi.synth_result_names_cp932[string.char(0x83,0x89,0x83,0x62,0x83,0x76,0x83,0x68,0x83,0x7B,0x83,0x45)] = 17154
xi.synth_result_names_cp932[string.char(0x83,0x89,0x83,0x69,0x81,0x5B,0x83,0x7B,0x83,0x45)] = 19784
xi.synth_result_names_cp932[string.char(0x83,0x89,0x83,0x6F,0x83,0x8A,0x83,0x47,0x81,0x5B,0x83,0x8B)] = 10961
xi.synth_result_names_cp932[string.char(0x83,0x89,0x83,0x72,0x83,0x62,0x83,0x67,0x83,0x70,0x83,0x43)] = 5685
xi.synth_result_names_cp932[string.char(0x83,0x89,0x83,0x72,0x83,0x62,0x83,0x67,0x83,0x7D,0x83,0x93,0x83,0x67)] = 13594
xi.synth_result_names_cp932[string.char(0x83,0x89,0x83,0x73,0x83,0x58,0x83,0x89,0x83,0x59,0x83,0x8A)] = 795
xi.synth_result_names_cp932[string.char(0x83,0x89,0x83,0x73,0x83,0x58,0x83,0x89,0x83,0x59,0x83,0x8A,0x83,0x73,0x83,0x41,0x83,0x58)] = 13334
xi.synth_result_names_cp932[string.char(0x83,0x89,0x83,0x73,0x83,0x58,0x83,0x89,0x83,0x59,0x83,0x8A,0x83,0x8A,0x83,0x93,0x83,0x4F)] = 13472
xi.synth_result_names_cp932[string.char(0x83,0x89,0x83,0x73,0x83,0x62,0x83,0x68,0x83,0x7B,0x83,0x45)] = 17157
xi.synth_result_names_cp932[string.char(0x83,0x89,0x83,0x75,0x83,0x60,0x83,0x87,0x83,0x52)] = 5230
xi.synth_result_names_cp932[string.char(0x83,0x89,0x83,0x76,0x83,0x67,0x83,0x8B,0x83,0x4F,0x83,0x8D,0x81,0x5B,0x83,0x75)] = 12700
xi.synth_result_names_cp932[string.char(0x83,0x89,0x83,0x76,0x83,0x67,0x83,0x8B,0x83,0x57,0x83,0x83,0x81,0x5B,0x83,0x4C,0x83,0x93)] = 12572
xi.synth_result_names_cp932[string.char(0x83,0x89,0x83,0x76,0x83,0x67,0x83,0x8B,0x83,0x58,0x83,0x67,0x83,0x89,0x83,0x62,0x83,0x76)] = 19015
xi.synth_result_names_cp932[string.char(0x83,0x89,0x83,0x76,0x83,0x67,0x83,0x8B,0x83,0x67,0x83,0x89,0x83,0x45,0x83,0x55)] = 12828
xi.synth_result_names_cp932[string.char(0x83,0x89,0x83,0x76,0x83,0x67,0x83,0x8B,0x83,0x77,0x83,0x8B,0x83,0x80)] = 12444
xi.synth_result_names_cp932[string.char(0x83,0x89,0x83,0x76,0x83,0x67,0x83,0x8B,0x83,0x7D,0x83,0x93,0x83,0x67)] = 13593
xi.synth_result_names_cp932[string.char(0x83,0x89,0x83,0x76,0x83,0x67,0x83,0x8B,0x83,0x8C,0x83,0x66,0x83,0x8B,0x83,0x5A,0x83,0x93)] = 12956
xi.synth_result_names_cp932[string.char(0x83,0x89,0x83,0x7E,0x83,0x41,0x83,0x4B,0x81,0x5B,0x83,0x89,0x83,0x93,0x83,0x68)] = 16123
xi.synth_result_names_cp932[string.char(0x83,0x89,0x83,0x7E,0x83,0x41,0x83,0x7D,0x83,0x93,0x83,0x67)] = 16213
xi.synth_result_names_cp932[string.char(0x83,0x89,0x83,0x7E,0x83,0x41,0x83,0x93,0x83,0x4A,0x83,0x7D,0x83,0x93)] = 17166
xi.synth_result_names_cp932[string.char(0x83,0x89,0x83,0x80,0x83,0x7D,0x83,0x93,0x83,0x67)] = 13570
xi.synth_result_names_cp932[string.char(0x83,0x89,0x83,0x80,0x81,0x45,0x83,0x5F,0x83,0x49)] = 16595
xi.synth_result_names_cp932[string.char(0x83,0x89,0x83,0x89,0x83,0x75,0x82,0xCC,0x82,0xB5,0x82,0xC1,0x82,0xDB,0x92,0xD0,0x82,0xAF)] = 5909
xi.synth_result_names_cp932[string.char(0x83,0x89,0x83,0x89,0x83,0x75,0x83,0x7E,0x81,0x5B,0x83,0x67,0x83,0x7B,0x81,0x5B,0x83,0x8B)] = 4507
xi.synth_result_names_cp932[string.char(0x83,0x89,0x83,0x8F,0x83,0x93,0x83,0x56,0x81,0x5B,0x83,0x8B,0x83,0x68)] = 12289
xi.synth_result_names_cp932[string.char(0x83,0x89,0x83,0x8F,0x83,0x93,0x8D,0xDE)] = 706
xi.synth_result_names_cp932[string.char(0x83,0x89,0x83,0x93,0x83,0x58)] = 16845
xi.synth_result_names_cp932[string.char(0x83,0x89,0x83,0x93,0x83,0x58,0x83,0x45,0x83,0x62,0x83,0x68,0x8D,0xDE)] = 1462
xi.synth_result_names_cp932[string.char(0x83,0x89,0x83,0x93,0x83,0x69,0x81,0x5B,0x83,0x78,0x83,0x8B,0x83,0x67)] = 15865
xi.synth_result_names_cp932[string.char(0x83,0x89,0x81,0x5B,0x83,0x81,0x83,0x93,0x82,0xCC,0x96,0xCB)] = 9196
xi.synth_result_names_cp932[string.char(0x83,0x8A,0x83,0x4E,0x82,0xCC,0x8B,0xF8,0x8F,0xC4)] = 5647
xi.synth_result_names_cp932[string.char(0x83,0x8A,0x83,0x55,0x81,0x5B,0x83,0x68,0x83,0x4F,0x83,0x8D,0x81,0x5B,0x83,0x75)] = 12697
xi.synth_result_names_cp932[string.char(0x83,0x8A,0x83,0x55,0x81,0x5B,0x83,0x68,0x83,0x57,0x83,0x83,0x81,0x5B,0x83,0x4C,0x83,0x93)] = 12569
xi.synth_result_names_cp932[string.char(0x83,0x8A,0x83,0x55,0x81,0x5B,0x83,0x68,0x83,0x58,0x83,0x67,0x83,0x89,0x83,0x62,0x83,0x76)] = 19011
xi.synth_result_names_cp932[string.char(0x83,0x8A,0x83,0x55,0x81,0x5B,0x83,0x68,0x83,0x5A,0x83,0x58,0x83,0x5E,0x83,0x58)] = 16386
xi.synth_result_names_cp932[string.char(0x83,0x8A,0x83,0x55,0x81,0x5B,0x83,0x68,0x83,0x67,0x83,0x89,0x83,0x45,0x83,0x55)] = 12825
xi.synth_result_names_cp932[string.char(0x83,0x8A,0x83,0x55,0x81,0x5B,0x83,0x68,0x83,0x77,0x83,0x8B,0x83,0x80)] = 12441
xi.synth_result_names_cp932[string.char(0x83,0x8A,0x83,0x55,0x81,0x5B,0x83,0x68,0x83,0x78,0x83,0x8B,0x83,0x67)] = 13193
xi.synth_result_names_cp932[string.char(0x83,0x8A,0x83,0x55,0x81,0x5B,0x83,0x68,0x83,0x7D,0x83,0x93,0x83,0x67)] = 13592
xi.synth_result_names_cp932[string.char(0x83,0x8A,0x83,0x55,0x81,0x5B,0x83,0x68,0x83,0x8C,0x83,0x66,0x83,0x8B,0x83,0x5A,0x83,0x93)] = 12953
xi.synth_result_names_cp932[string.char(0x83,0x8A,0x83,0x57,0x83,0x46,0x83,0x6C,0x83,0x4A,0x83,0x89,0x81,0x5B)] = 15526
xi.synth_result_names_cp932[string.char(0x83,0x8A,0x83,0x57,0x83,0x46,0x83,0x6C,0x83,0x4C,0x83,0x85,0x83,0x43,0x83,0x89,0x83,0x58)] = 13823
xi.synth_result_names_cp932[string.char(0x83,0x8A,0x83,0x62,0x83,0x5E,0x81,0x5B,0x83,0x56,0x83,0x8B,0x83,0x67)] = 12309
xi.synth_result_names_cp932[string.char(0x83,0x8A,0x83,0x67,0x83,0x8B,0x83,0x52,0x83,0x81,0x83,0x62,0x83,0x67)] = 4169
xi.synth_result_names_cp932[string.char(0x83,0x8A,0x83,0x67,0x83,0x8B,0x83,0x8F,0x81,0x5B,0x83,0x80,0x83,0x78,0x83,0x8B,0x83,0x67)] = 15454
xi.synth_result_names_cp932[string.char(0x83,0x8A,0x83,0x6C,0x83,0x93,0x83,0x4A,0x83,0x74,0x83,0x58)] = 12729
xi.synth_result_names_cp932[string.char(0x83,0x8A,0x83,0x6C,0x83,0x93,0x83,0x58,0x83,0x8D,0x83,0x62,0x83,0x76,0x83,0x58)] = 12857
xi.synth_result_names_cp932[string.char(0x83,0x8A,0x83,0x6C,0x83,0x93,0x83,0x59,0x83,0x7B,0x83,0x93)] = 12866
xi.synth_result_names_cp932[string.char(0x83,0x8A,0x83,0x6C,0x83,0x93,0x83,0x5F,0x83,0x75,0x83,0x8C,0x83,0x62,0x83,0x67)] = 13750
xi.synth_result_names_cp932[string.char(0x83,0x8A,0x83,0x6C,0x83,0x93,0x83,0x7E,0x83,0x67,0x83,0x93)] = 12738
xi.synth_result_names_cp932[string.char(0x83,0x8A,0x83,0x6C,0x83,0x93,0x83,0x8D,0x81,0x5B,0x83,0x75)] = 12601
xi.synth_result_names_cp932[string.char(0x83,0x8A,0x83,0x72,0x83,0x93,0x83,0x4F,0x83,0x4C,0x81,0x5B)] = 1023
xi.synth_result_names_cp932[string.char(0x83,0x8A,0x83,0x73,0x81,0x5B,0x83,0x5E,0x81,0x5B)] = 9067
xi.synth_result_names_cp932[string.char(0x83,0x8A,0x83,0x73,0x81,0x5B,0x83,0x65,0x83,0x42,0x83,0x93,0x83,0x4F,0x83,0x7B,0x83,0x45)] = 17221
xi.synth_result_names_cp932[string.char(0x83,0x8A,0x83,0x78,0x83,0x93,0x83,0x57,0x83,0x58,0x83,0x5E,0x83,0x62,0x83,0x74)] = 17561
xi.synth_result_names_cp932[string.char(0x83,0x8A,0x83,0x89,0x83,0x52,0x83,0x54,0x81,0x5B,0x83,0x57,0x83,0x85)] = 13931
xi.synth_result_names_cp932[string.char(0x83,0x8A,0x83,0x8C,0x83,0x43,0x83,0x59,0x83,0x53,0x83,0x8B,0x83,0x51,0x83,0x62,0x83,0x67)] = 13171
xi.synth_result_names_cp932[string.char(0x83,0x8A,0x83,0x8C,0x83,0x43,0x83,0x59,0x83,0x73,0x83,0x41,0x83,0x58)] = 14790
xi.synth_result_names_cp932[string.char(0x83,0x8A,0x83,0x93,0x83,0x4E,0x83,0x58,0x82,0xCC,0x8A,0x76)] = 2530
xi.synth_result_names_cp932[string.char(0x83,0x8A,0x83,0x93,0x83,0x4E,0x83,0x58,0x83,0x7D,0x83,0x93,0x83,0x67)] = 16235
xi.synth_result_names_cp932[string.char(0x83,0x8A,0x81,0x5B,0x83,0x6F,0x81,0x5B,0x83,0x4F,0x83,0x8A,0x83,0x62,0x83,0x76)] = 19046
xi.synth_result_names_cp932[string.char(0x83,0x8B,0x83,0x58,0x83,0x5D,0x83,0x8B,0x82,0xCC,0x8A,0x76)] = 2756
xi.synth_result_names_cp932[string.char(0x83,0x8B,0x83,0x58,0x83,0x5D,0x83,0x8B,0x89,0xE5,0x82,0xCC,0x96,0xEE,0x90,0x4B)] = 3305
xi.synth_result_names_cp932[string.char(0x83,0x8B,0x83,0x5A,0x83,0x93,0x83,0x67,0x83,0x41,0x83,0x4E,0x83,0x58)] = 18481
xi.synth_result_names_cp932[string.char(0x83,0x8B,0x83,0x5A,0x83,0x93,0x83,0x67,0x83,0x54,0x83,0x43,0x83,0x59)] = 18062
xi.synth_result_names_cp932[string.char(0x83,0x8B,0x83,0x5A,0x83,0x93,0x83,0x67,0x83,0x5C,0x81,0x5B,0x83,0x68)] = 18384
xi.synth_result_names_cp932[string.char(0x83,0x8B,0x83,0x5A,0x83,0x93,0x83,0x67,0x83,0x89,0x83,0x93,0x83,0x58)] = 18108
xi.synth_result_names_cp932[string.char(0x83,0x8B,0x83,0x65,0x83,0x6A,0x83,0x80,0x83,0x43,0x83,0x93,0x83,0x53,0x83,0x62,0x83,0x67)] = 9250
xi.synth_result_names_cp932[string.char(0x83,0x8B,0x83,0x72,0x81,0x5B,0x83,0x73,0x83,0x41,0x83,0x58)] = 13352
xi.synth_result_names_cp932[string.char(0x83,0x8B,0x83,0x72,0x81,0x5B,0x83,0x8A,0x83,0x93,0x83,0x4F)] = 13449
xi.synth_result_names_cp932[string.char(0x83,0x8B,0x83,0x75,0x83,0x8A,0x83,0x4A,0x83,0x93,0x83,0x67)] = 18731
xi.synth_result_names_cp932[string.char(0x83,0x8B,0x83,0x75,0x83,0x8A,0x83,0x4A,0x83,0x93,0x83,0x67,0x2B,0x31)] = 18732
xi.synth_result_names_cp932[string.char(0x83,0x8B,0x83,0x75,0x83,0x8A,0x83,0x4A,0x83,0x93,0x83,0x67,0x2B,0x32)] = 18733
xi.synth_result_names_cp932[string.char(0x83,0x8B,0x83,0x75,0x83,0x8A,0x83,0x4A,0x83,0x93,0x83,0x67,0x2B,0x33)] = 19185
xi.synth_result_names_cp932[string.char(0x83,0x8B,0x81,0x45,0x83,0x70,0x83,0x73,0x83,0x88,0x83,0x93)] = 4257
xi.synth_result_names_cp932[string.char(0x83,0x8C,0x83,0x43,0x83,0x73,0x83,0x41)] = 16521
xi.synth_result_names_cp932[string.char(0x83,0x8C,0x83,0x43,0x83,0x93,0x83,0x7B,0x81,0x5B,0x83,0x50,0x81,0x5B,0x83,0x76)] = 13587
xi.synth_result_names_cp932[string.char(0x83,0x8C,0x83,0x43,0x83,0x93,0x83,0x7B,0x81,0x5B,0x83,0x70,0x83,0x45,0x83,0x5F,0x81,0x5B)] = 5362
xi.synth_result_names_cp932[string.char(0x83,0x8C,0x83,0x43,0x83,0x93,0x83,0x7B,0x81,0x5B,0x83,0x72,0x83,0x8D,0x81,0x5B,0x83,0x68)] = 1996
xi.synth_result_names_cp932[string.char(0x83,0x8C,0x83,0x49,0x83,0x4E,0x83,0x8D,0x83,0x58,0x83,0x7B,0x83,0x45)] = 17236
xi.synth_result_names_cp932[string.char(0x83,0x8C,0x83,0x4D,0x83,0x85,0x83,0x8C,0x81,0x5B,0x83,0x5E,0x81,0x5B)] = 9074
xi.synth_result_names_cp932[string.char(0x83,0x8C,0x83,0x4D,0x83,0x93,0x83,0x58)] = 12962
xi.synth_result_names_cp932[string.char(0x83,0x8C,0x83,0x52,0x83,0x58,0x83,0x94,0x83,0x48,0x83,0x45,0x83,0x57,0x83,0x46)] = 18218
xi.synth_result_names_cp932[string.char(0x83,0x8C,0x83,0x55,0x81,0x5B,0x83,0x4F,0x83,0x8D,0x81,0x5B,0x83,0x75)] = 12696
xi.synth_result_names_cp932[string.char(0x83,0x8C,0x83,0x55,0x81,0x5B,0x83,0x53,0x83,0x8B,0x83,0x51,0x83,0x62,0x83,0x67)] = 13081
xi.synth_result_names_cp932[string.char(0x83,0x8C,0x83,0x55,0x81,0x5B,0x83,0x67,0x83,0x89,0x83,0x45,0x83,0x55)] = 12824
xi.synth_result_names_cp932[string.char(0x83,0x8C,0x83,0x55,0x81,0x5B,0x83,0x6E,0x83,0x43,0x83,0x75,0x81,0x5B,0x83,0x63)] = 12952
xi.synth_result_names_cp932[string.char(0x83,0x8C,0x83,0x55,0x81,0x5B,0x83,0x6F,0x83,0x93,0x83,0x5F,0x83,0x69)] = 12440
xi.synth_result_names_cp932[string.char(0x83,0x8C,0x83,0x55,0x81,0x5B,0x83,0x78,0x83,0x58,0x83,0x67)] = 12568
xi.synth_result_names_cp932[string.char(0x83,0x8C,0x83,0x55,0x81,0x5B,0x83,0x78,0x83,0x8B,0x83,0x67)] = 13192
xi.synth_result_names_cp932[string.char(0x83,0x8C,0x83,0x55,0x81,0x5B,0x83,0x7C,0x83,0x62,0x83,0x67)] = 150
xi.synth_result_names_cp932[string.char(0x83,0x8C,0x83,0x55,0x81,0x5B,0x83,0x8A,0x83,0x93,0x83,0x4F)] = 13469
xi.synth_result_names_cp932[string.char(0x83,0x8C,0x83,0x57,0x83,0x81,0x83,0x93,0x83,0x67,0x83,0x50,0x81,0x5B,0x83,0x65,0x83,0x93)] = 18493
xi.synth_result_names_cp932[string.char(0x83,0x8C,0x83,0x5D,0x83,0x8B,0x83,0x56,0x83,0x87,0x83,0x93,0x83,0x8A,0x83,0x93,0x83,0x4F)] = 28568
xi.synth_result_names_cp932[string.char(0x83,0x8C,0x83,0x60,0x83,0x46,0x83,0x62,0x83,0x68,0x83,0x52,0x81,0x5B,0x83,0x67)] = 26879
xi.synth_result_names_cp932[string.char(0x83,0x8C,0x83,0x62,0x83,0x68,0x83,0x4A,0x83,0x8C,0x81,0x5B)] = 4298
xi.synth_result_names_cp932[string.char(0x83,0x8C,0x83,0x62,0x83,0x68,0x83,0x4A,0x83,0x8C,0x81,0x5B,0x83,0x70,0x83,0x93)] = 5759
xi.synth_result_names_cp932[string.char(0x83,0x8C,0x83,0x62,0x83,0x68,0x83,0x4C,0x83,0x83,0x83,0x62,0x83,0x76)] = 12466
xi.synth_result_names_cp932[string.char(0x83,0x8C,0x83,0x62,0x83,0x68,0x83,0x50,0x81,0x5B,0x83,0x76)] = 13586
xi.synth_result_names_cp932[string.char(0x83,0x8C,0x83,0x65,0x83,0x4E,0x83,0x41,0x83,0x8B,0x83,0x53,0x83,0x8B)] = 21662
xi.synth_result_names_cp932[string.char(0x83,0x8C,0x83,0x66,0x83,0x42,0x83,0x73,0x83,0x41,0x83,0x58)] = 15996
xi.synth_result_names_cp932[string.char(0x83,0x8C,0x83,0x66,0x83,0x42,0x83,0x78,0x83,0x8B)] = 18868
xi.synth_result_names_cp932[string.char(0x83,0x8C,0x83,0x66,0x83,0x42,0x83,0x8A,0x83,0x93,0x83,0x4F)] = 15815
xi.synth_result_names_cp932[string.char(0x83,0x8C,0x83,0x76,0x83,0x8A,0x83,0x50,0x81,0x5B,0x83,0x5E,0x81,0x5B)] = 2411
xi.synth_result_names_cp932[string.char(0x83,0x8C,0x83,0x93,0x83,0x57,0x83,0x93,0x83,0x4F,0x83,0x69,0x83,0x43,0x83,0x74)] = 19119
xi.synth_result_names_cp932[string.char(0x83,0x8C,0x81,0x5B,0x83,0x59,0x83,0x93,0x83,0x75,0x83,0x8C,0x83,0x62,0x83,0x68)] = 4546
xi.synth_result_names_cp932[string.char(0x83,0x8C,0x81,0x5B,0x83,0x65,0x81,0x5B,0x83,0x52,0x83,0x93,0x83,0x5C,0x83,0x81)] = 2568
xi.synth_result_names_cp932[string.char(0x83,0x8C,0x81,0x5B,0x83,0x65,0x81,0x5B,0x83,0x7C,0x83,0x5E,0x81,0x5B,0x83,0x57,0x83,0x85)] = 2569
xi.synth_result_names_cp932[string.char(0x83,0x8C,0x81,0x5B,0x83,0x76,0x83,0x4E,0x81,0x5B,0x83,0x77,0x83,0x93)] = 5616
xi.synth_result_names_cp932[string.char(0x83,0x8D,0x83,0x43,0x83,0x84,0x83,0x8B,0x83,0x78,0x83,0x62,0x83,0x68)] = 8
xi.synth_result_names_cp932[string.char(0x83,0x8D,0x83,0x52,0x83,0x52,0x83,0x65,0x81,0x5B,0x83,0x75,0x83,0x8B)] = 427
xi.synth_result_names_cp932[string.char(0x83,0x8D,0x83,0x57,0x83,0x45,0x83,0x80,0x83,0x43,0x83,0x93,0x83,0x53,0x83,0x62,0x83,0x67)] = 3923
xi.synth_result_names_cp932[string.char(0x83,0x8D,0x83,0x57,0x83,0x45,0x83,0x80,0x83,0x8A,0x83,0x93,0x83,0x4F)] = 28542
xi.synth_result_names_cp932[string.char(0x83,0x8D,0x83,0x57,0x83,0x45,0x83,0x80,0x94,0xC2)] = 3964
xi.synth_result_names_cp932[string.char(0x83,0x8D,0x83,0x62,0x83,0x58,0x83,0x56,0x83,0x93,0x83,0x5F,0x81,0x5B)] = 19796
xi.synth_result_names_cp932[string.char(0x83,0x8D,0x83,0x62,0x83,0x68)] = 17060
xi.synth_result_names_cp932[string.char(0x83,0x8D,0x83,0x89,0x83,0x93,0x83,0x78,0x83,0x8A,0x81,0x5B,0x83,0x70,0x83,0x43)] = 4414
xi.synth_result_names_cp932[string.char(0x83,0x8D,0x83,0x93,0x83,0x4F,0x83,0x5C,0x81,0x5B,0x83,0x68)] = 16566
xi.synth_result_names_cp932[string.char(0x83,0x8D,0x83,0x93,0x83,0x4F,0x83,0x7B,0x83,0x45)] = 17160
xi.synth_result_names_cp932[string.char(0x83,0x8D,0x81,0x5B,0x83,0x58,0x83,0x67,0x83,0x41,0x81,0x5B,0x83,0x82,0x83,0x93,0x83,0x68)] = 5649
xi.synth_result_names_cp932[string.char(0x83,0x8D,0x81,0x5B,0x83,0x58,0x83,0x67,0x83,0x52,0x81,0x5B,0x83,0x71,0x81,0x5B)] = 2272
xi.synth_result_names_cp932[string.char(0x83,0x8D,0x81,0x5B,0x83,0x58,0x83,0x67,0x83,0x52,0x81,0x5B,0x83,0x93)] = 4415
xi.synth_result_names_cp932[string.char(0x83,0x8D,0x81,0x5B,0x83,0x59,0x83,0x45,0x83,0x62,0x83,0x68,0x8D,0xDE)] = 718
xi.synth_result_names_cp932[string.char(0x83,0x8D,0x81,0x5B,0x83,0x59,0x83,0x6E,0x81,0x5B,0x83,0x76)] = 17355
xi.synth_result_names_cp932[string.char(0x83,0x8D,0x81,0x5B,0x83,0x59,0x83,0x8F,0x83,0x93,0x83,0x68)] = 17053
xi.synth_result_names_cp932[string.char(0x83,0x8D,0x81,0x5B,0x83,0x5B,0x83,0x93,0x83,0x7B,0x81,0x5B,0x83,0x51,0x83,0x93)] = 17200
xi.synth_result_names_cp932[string.char(0x83,0x8D,0x81,0x5B,0x83,0x68,0x83,0x41,0x81,0x5B,0x83,0x81,0x83,0x62,0x83,0x67)] = 15189
xi.synth_result_names_cp932[string.char(0x83,0x8D,0x81,0x5B,0x83,0x68,0x83,0x4B,0x83,0x93,0x83,0x67,0x83,0x8C,0x83,0x62,0x83,0x67)] = 14879
xi.synth_result_names_cp932[string.char(0x83,0x8D,0x81,0x5B,0x83,0x68,0x83,0x4C,0x83,0x85,0x83,0x43,0x83,0x89,0x83,0x58)] = 13757
xi.synth_result_names_cp932[string.char(0x83,0x8D,0x81,0x5B,0x83,0x68,0x83,0x4E,0x83,0x45,0x83,0x42,0x83,0x58)] = 15395
xi.synth_result_names_cp932[string.char(0x83,0x8D,0x81,0x5B,0x83,0x68,0x83,0x54,0x83,0x6F,0x83,0x67,0x83,0x93)] = 15333
xi.synth_result_names_cp932[string.char(0x83,0x8D,0x81,0x5B,0x83,0x68,0x83,0x69,0x83,0x43,0x83,0x67)] = 1634
xi.synth_result_names_cp932[string.char(0x83,0x8D,0x81,0x5B,0x83,0x75)] = 12600
xi.synth_result_names_cp932[string.char(0x83,0x8F,0x83,0x43,0x83,0x59,0x83,0x4C,0x83,0x83,0x83,0x62,0x83,0x76)] = 15190
xi.synth_result_names_cp932[string.char(0x83,0x8F,0x83,0x43,0x83,0x59,0x83,0x4F,0x83,0x8D,0x81,0x5B,0x83,0x75)] = 14880
xi.synth_result_names_cp932[string.char(0x83,0x8F,0x83,0x43,0x83,0x59,0x83,0x73,0x83,0x4B,0x83,0x62,0x83,0x56,0x83,0x85)] = 15334
xi.synth_result_names_cp932[string.char(0x83,0x8F,0x83,0x43,0x83,0x59,0x83,0x75,0x83,0x89,0x83,0x52,0x81,0x5B,0x83,0x6A)] = 15396
xi.synth_result_names_cp932[string.char(0x83,0x8F,0x83,0x43,0x83,0x6F,0x81,0x5B,0x83,0x93,0x83,0x77,0x83,0x8B,0x83,0x80)] = 13920
xi.synth_result_names_cp932[string.char(0x83,0x8F,0x83,0x62,0x83,0x4E,0x83,0x58,0x83,0x5C,0x81,0x5B,0x83,0x68)] = 16600
xi.synth_result_names_cp932[string.char(0x83,0x8F,0x83,0x82,0x81,0x5B,0x83,0x89,0x83,0x4E,0x83,0x8D,0x83,0x58)] = 2289
xi.synth_result_names_cp932[string.char(0x83,0x8F,0x83,0x82,0x81,0x5B,0x83,0x89,0x8E,0x85)] = 2304
xi.synth_result_names_cp932[string.char(0x83,0x8F,0x83,0x89,0x81,0x5B,0x83,0x89,0x8D,0x81,0x98,0x46)] = 146
xi.synth_result_names_cp932[string.char(0x83,0x8F,0x81,0x5B,0x83,0x68,0x83,0x8D,0x81,0x5B,0x83,0x75)] = 124
xi.synth_result_names_cp932[string.char(0x83,0x8F,0x81,0x5B,0x83,0x80,0x83,0x79,0x81,0x5B,0x83,0x58,0x83,0x67)] = 2209
xi.synth_result_names_cp932[string.char(0x83,0x8F,0x81,0x5B,0x83,0x80,0x83,0x8B,0x83,0x41,0x81,0x5B)] = 17404
xi.synth_result_names_cp932[string.char(0x83,0x93,0x83,0x53,0x83,0x7D)] = 143
xi.synth_result_names_cp932[string.char(0x83,0x94,0x83,0x40,0x83,0x89,0x81,0x5B,0x83,0x8B,0x83,0x8A,0x83,0x93,0x83,0x4F)] = 26179
xi.synth_result_names_cp932[string.char(0x83,0x94,0x83,0x40,0x81,0x5B,0x83,0x7E,0x83,0x58,0x83,0x8C,0x83,0x43,0x83,0x84,0x81,0x5B)] = 17729
xi.synth_result_names_cp932[string.char(0x83,0x94,0x83,0x46,0x83,0x8B,0x83,0x5F,0x83,0x93)] = 16520
xi.synth_result_names_cp932[string.char(0x83,0x94,0x83,0x46,0x83,0x8B,0x83,0x67,0x83,0x41,0x83,0x4E,0x83,0x58)] = 17968
xi.synth_result_names_cp932[string.char(0x83,0x94,0x83,0x48,0x83,0x45,0x83,0x57,0x83,0x46)] = 18214
xi.synth_result_names_cp932[string.char(0x83,0x94,0x83,0x48,0x83,0x8B,0x83,0x67,0x83,0x4B,0x83,0x93)] = 2255
xi.synth_result_names_cp932[string.char(0x88,0xEA,0x96,0x7B,0x92,0xDE,0x82,0xE8,0x82,0xCC,0x8A,0xC6)] = 17382
xi.synth_result_names_cp932[string.char(0x96,0x9C,0x94,0x5C,0x8D,0x70)] = 5356
xi.synth_result_names_cp932[string.char(0x96,0x9C,0x94,0x5C,0x96,0xF2)] = 4155
xi.synth_result_names_cp932[string.char(0x8F,0xE4,0x95,0x76,0x82,0xC8,0x83,0x5F,0x83,0x8B,0x83,0x81,0x83,0x8B,0x8A,0x76)] = 872
xi.synth_result_names_cp932[string.char(0x8E,0x4F,0x8E,0xDA,0x8E,0xE8,0x90,0x40)] = 2553
xi.synth_result_names_cp932[string.char(0x8E,0x4F,0x93,0xFA,0x8C,0x8E)] = 16967
xi.synth_result_names_cp932[string.char(0x8F,0xE3,0x91,0xE3,0x89,0xB5,0x82,0xB5,0x93,0x53)] = 1467
xi.synth_result_names_cp932[string.char(0x8F,0xE3,0x8E,0xBF,0x82,0xC8,0x97,0x72,0x94,0xE7,0x8E,0x86)] = 2773
xi.synth_result_names_cp932[string.char(0x89,0xBA,0x82,0xCE,0x82,0xAB)] = 12840
xi.synth_result_names_cp932[string.char(0x92,0x86,0x93,0x87,0x97,0x88)] = 21009
xi.synth_result_names_cp932[string.char(0x8B,0xE3,0x8F,0x5C,0x8B,0xE3)] = 19275
xi.synth_result_names_cp932[string.char(0x97,0x90)] = 19276
xi.synth_result_names_cp932[string.char(0x97,0x90,0x96,0x5C,0x82,0xC8,0x93,0x79,0x97,0xB3,0x8F,0x60)] = 17899
xi.synth_result_names_cp932[string.char(0x97,0x90,0x89,0xD4)] = 8803
xi.synth_result_names_cp932[string.char(0x8A,0xA3,0x91,0x87,0x83,0x7D,0x83,0x4F,0x83,0x8F,0x81,0x5B,0x83,0x67)] = 1443
xi.synth_result_names_cp932[string.char(0x8A,0xA3,0x91,0x87,0x83,0x7D,0x81,0x5B,0x83,0x57,0x83,0x87,0x83,0x89,0x83,0x80)] = 622
xi.synth_result_names_cp932[string.char(0x88,0x9F,0x89,0x94,0x89,0xD8)] = 1884
xi.synth_result_names_cp932[string.char(0x88,0x9F,0x96,0x83,0x82,0xCC,0x83,0x77,0x83,0x62,0x83,0x68,0x83,0x6F,0x83,0x93,0x83,0x68)] = 12499
xi.synth_result_names_cp932[string.char(0x88,0x9F,0x96,0x83,0x90,0x6D,0x96,0xFB)] = 1882
xi.synth_result_names_cp932[string.char(0x88,0x9F,0x96,0x83,0x95,0x7A)] = 826
xi.synth_result_names_cp932[string.char(0x88,0x9F,0x96,0x83,0x8E,0x85)] = 819
xi.synth_result_names_cp932[string.char(0x90,0x6C,0x8E,0x51,0x8F,0x60)] = 17860
xi.synth_result_names_cp932[string.char(0x90,0x6C,0x8D,0x48,0x83,0x8C,0x83,0x93,0x83,0x59)] = 1109
xi.synth_result_names_cp932[string.char(0x90,0x6C,0x8D,0x48,0x8A,0x43,0x90,0x85,0x83,0x5A,0x83,0x62,0x83,0x67)] = 1896
xi.synth_result_names_cp932[string.char(0x90,0x6C,0x8D,0x48,0x92,0x57,0x90,0x85,0x83,0x5A,0x83,0x62,0x83,0x67)] = 1895
xi.synth_result_names_cp932[string.char(0x90,0x6C,0x8D,0x48,0x8C,0x8C,0x90,0x91,0x96,0xFB)] = 2310
xi.synth_result_names_cp932[string.char(0x88,0xC9,0x97,0x5C,0x8E,0x44)] = 2006
xi.synth_result_names_cp932[string.char(0x88,0xC9,0x89,0xEA,0x8E,0xE8,0x97,0xA0,0x8C,0x95)] = 19783
xi.synth_result_names_cp932[string.char(0x88,0xC9,0x92,0x42,0x8A,0xE1,0x8B,0xBE)] = 16132
xi.synth_result_names_cp932[string.char(0x8D,0xEC,0x8B,0xC6,0x91,0xE4)] = 22
xi.synth_result_names_cp932[string.char(0x98,0xCE,0x8F,0x7C)] = 12843
xi.synth_result_names_cp932[string.char(0x8E,0x98,0x82,0xCC,0x8D,0x41,0x97,0xD6)] = 25483
xi.synth_result_names_cp932[string.char(0x98,0xEE,0x8C,0x8E,0x93,0x81)] = 18115
xi.synth_result_names_cp932[string.char(0x8D,0xC3,0x97,0xDC,0x97,0x91)] = 1188
xi.synth_result_names_cp932[string.char(0x97,0x62,0x95,0xBA,0x83,0x69,0x83,0x43,0x83,0x74,0x2B,0x31)] = 17976
xi.synth_result_names_cp932[string.char(0x97,0x62,0x95,0xBA,0x89,0xBA,0x82,0xCE,0x82,0xAB,0x2B,0x31)] = 14269
xi.synth_result_names_cp932[string.char(0x97,0x62,0x95,0xBA,0x91,0xE5,0x8C,0x95,0x2B,0x31)] = 16946
xi.synth_result_names_cp932[string.char(0x97,0x62,0x95,0xBA,0x8E,0xE8,0x8D,0x62,0x2B,0x31)] = 14043
xi.synth_result_names_cp932[string.char(0x97,0x62,0x95,0xBA,0x9E,0x9E,0x2B,0x31)] = 17535
xi.synth_result_names_cp932[string.char(0x97,0x62,0x95,0xBA,0x8B,0x72,0xE3,0x4A,0x2B,0x31)] = 14151
xi.synth_result_names_cp932[string.char(0x97,0x62,0x95,0xBA,0x88,0xDF,0x2B,0x31)] = 14350
xi.synth_result_names_cp932[string.char(0x97,0x62,0x95,0xBA,0x94,0xAB,0x8A,0xAA,0x2B,0x31)] = 13901
xi.synth_result_names_cp932[string.char(0x97,0x62,0x95,0xBA,0x91,0xE0,0x92,0xB7,0x83,0x4E,0x83,0x4E,0x83,0x8A,0x2B,0x31)] = 17978
xi.synth_result_names_cp932[string.char(0x97,0x62,0x95,0xBA,0x91,0xE0,0x92,0xB7,0x89,0xBA,0x88,0xDF,0x2B,0x31)] = 14271
xi.synth_result_names_cp932[string.char(0x97,0x62,0x95,0xBA,0x91,0xE0,0x92,0xB7,0x91,0xE5,0x8A,0x99,0x2B,0x31)] = 18036
xi.synth_result_names_cp932[string.char(0x97,0x62,0x95,0xBA,0x91,0xE0,0x92,0xB7,0x96,0xC8,0x8A,0x5A,0x2B,0x31)] = 14352
xi.synth_result_names_cp932[string.char(0x97,0x62,0x95,0xBA,0x91,0xE0,0x92,0xB7,0x8B,0x72,0xE3,0x4A,0x2B,0x31)] = 14153
xi.synth_result_names_cp932[string.char(0x97,0x62,0x95,0xBA,0x91,0xE0,0x92,0xB7,0x8C,0x52,0x8E,0xE8,0x2B,0x31)] = 14045
xi.synth_result_names_cp932[string.char(0x97,0x62,0x95,0xBA,0x91,0xE0,0x92,0xB7,0x96,0xCA,0x8B,0xEF,0x2B,0x31)] = 13903
xi.synth_result_names_cp932[string.char(0x8C,0xB3,0x8B,0x43,0x82,0xCC,0x96,0xF2)] = 4203
xi.synth_result_names_cp932[string.char(0x8C,0xF5,0x82,0xCC,0x83,0x41,0x83,0x6A,0x83,0x7D)] = 1647
xi.synth_result_names_cp932[string.char(0x8C,0xF5,0x82,0xCC,0x83,0x74,0x83,0x85,0x83,0x47,0x83,0x8B)] = 2790
xi.synth_result_names_cp932[string.char(0x8C,0xF5,0x82,0xCC,0x95,0xF3,0x8E,0xEC)] = 1305
xi.synth_result_names_cp932[string.char(0x8A,0x95,0x8A,0x84)] = 16903
xi.synth_result_names_cp932[string.char(0x94,0xAA,0x94,0xA6,0x98,0x55,0x8E,0xE8)] = 14876
xi.synth_result_names_cp932[string.char(0x94,0xAA,0x94,0xA6,0x93,0xB7,0x8A,0xDB)] = 14437
xi.synth_result_names_cp932[string.char(0x94,0xAA,0x94,0xA6,0xE3,0xF8,0x93,0x96)] = 15330
xi.synth_result_names_cp932[string.char(0x94,0xAA,0x94,0xA6,0x8C,0xD1)] = 15392
xi.synth_result_names_cp932[string.char(0x94,0xAA,0x94,0xA6,0x90,0x77,0x94,0xAB)] = 15188
xi.synth_result_names_cp932[string.char(0x94,0xAA,0x8A,0x70,0x96,0x5F)] = 17102
xi.synth_result_names_cp932[string.char(0x98,0x5A,0x95,0xFB,0x8E,0xE8,0x97,0xA0,0x8C,0x95)] = 21351
xi.synth_result_names_cp932[string.char(0x8B,0xA4,0x98,0x61,0x8D,0x91,0x8C,0x52,0x8E,0xAE,0x95,0xBA,0x88,0xF5,0x90,0x51,0x91,0xE4)] = 350
xi.synth_result_names_cp932[string.char(0x8B,0xA4,0x98,0x61,0x8E,0xAE,0x83,0x65,0x83,0x42,0x81,0x5B,0x83,0x5A,0x83,0x62,0x83,0x67)] = 369
xi.synth_result_names_cp932[string.char(0x8B,0xA4,0x98,0x61,0x8C,0x52,0x92,0x63,0x95,0xBA,0x91,0xD1,0x8A,0x5A,0x2B,0x31)] = 14338
xi.synth_result_names_cp932[string.char(0x8B,0xA4,0x98,0x61,0x8C,0x52,0x92,0x63,0x95,0xBA,0x96,0x58,0x2B,0x31)] = 13889
xi.synth_result_names_cp932[string.char(0x8B,0xA4,0x98,0x61,0x8C,0x52,0x92,0x63,0x95,0xBA,0x90,0xED,0x95,0x80,0x2B,0x31)] = 17929
xi.synth_result_names_cp932[string.char(0x8B,0xA4,0x98,0x61,0x8C,0x52,0x92,0x63,0x95,0xBA,0x90,0xED,0x8F,0xF1,0x2B,0x31)] = 17541
xi.synth_result_names_cp932[string.char(0x8B,0xA4,0x98,0x61,0x8C,0x52,0x92,0x63,0x95,0xBA,0x90,0xED,0x8A,0x99,0x2B,0x31)] = 18038
xi.synth_result_names_cp932[string.char(0x8B,0xA4,0x98,0x61,0x8C,0x52,0x92,0x63,0x95,0xBA,0x90,0xCE,0x8B,0x7C,0x2B,0x31)] = 17238
xi.synth_result_names_cp932[string.char(0x8B,0xA4,0x98,0x61,0x8C,0x52,0x92,0x63,0x95,0xBA,0x98,0x55,0x8E,0xE8,0x2B,0x31)] = 14031
xi.synth_result_names_cp932[string.char(0x8B,0xA4,0x98,0x61,0x8C,0x52,0x92,0x63,0x95,0xBA,0x8D,0x98,0x88,0xDF,0x2B,0x31)] = 14259
xi.synth_result_names_cp932[string.char(0x8B,0xA4,0x98,0x61,0x8C,0x52,0x92,0x63,0x95,0xBA,0x91,0xAB,0x8A,0x5A,0x2B,0x31)] = 14139
xi.synth_result_names_cp932[string.char(0x8B,0xA4,0x98,0x61,0x8C,0x52,0x92,0x63,0x95,0xBA,0x93,0x53,0x8C,0x9D,0x2B,0x31)] = 17499
xi.synth_result_names_cp932[string.char(0x8B,0xA4,0x98,0x61,0x8C,0x52,0x92,0x63,0x95,0xBA,0x94,0xAF,0x8F,0xFC,0x2B,0x31)] = 13899
xi.synth_result_names_cp932[string.char(0x95,0xBA,0x8E,0x99,0x91,0xD1)] = 13204
xi.synth_result_names_cp932[string.char(0x8C,0x93,0x92,0xE8,0x89,0xFC)] = 17818
xi.synth_result_names_cp932[string.char(0x89,0x7E,0x8C,0x8E,0x97,0xD6)] = 17285
xi.synth_result_names_cp932[string.char(0x8D,0xC4,0x90,0xB6,0x82,0xB7,0x82,0xE9,0x91,0xE5,0x83,0x54,0x83,0x5C,0x83,0x8A,0x92,0xDC)] = 1975
xi.synth_result_names_cp932[string.char(0x8D,0xC4,0x90,0xB6,0x82,0xB7,0x82,0xE9,0x91,0xE5,0x97,0x72,0x8A,0x76)] = 1977
xi.synth_result_names_cp932[string.char(0x8D,0xC4,0x90,0xB6,0x82,0xB7,0x82,0xE9,0x91,0xE5,0x91,0xDA,0x8D,0x9C)] = 1973
xi.synth_result_names_cp932[string.char(0x8D,0xC4,0x90,0xB6,0x82,0xB7,0x82,0xE9,0x97,0xA4,0x83,0x4B,0x83,0x6A,0x8D,0x62,0x8A,0x6B)] = 1974
xi.synth_result_names_cp932[string.char(0x8D,0xC4,0x90,0xB6,0x82,0xB7,0x82,0xE9,0x94,0xF2,0x97,0xB3,0x97,0xD8)] = 1976
xi.synth_result_names_cp932[string.char(0x8D,0xC4,0x90,0xB6,0x82,0xCC,0x94,0x92,0x8B,0xE0)] = 1879
xi.synth_result_names_cp932[string.char(0x96,0xBB,0x95,0x7B,0x93,0xC6,0x8A,0x79)] = 4185
xi.synth_result_names_cp932[string.char(0x8F,0x79,0x8C,0x9D,0x8E,0x6D,0xE3,0xF8,0x8B,0xD0)] = 11370
xi.synth_result_names_cp932[string.char(0x8F,0x79,0x94,0xCD,0x8E,0x6D,0xE3,0xF8,0x8B,0xD0)] = 11374
xi.synth_result_names_cp932[string.char(0x8F,0x79,0x8F,0x65,0x8E,0x6D,0x8F,0xAC,0x8C,0x95,0x2B,0x31)] = 17666
xi.synth_result_names_cp932[string.char(0x8F,0x79,0x8F,0x65,0x8E,0x6D,0x93,0x8A,0x97,0xD6,0x2B,0x31)] = 18134
xi.synth_result_names_cp932[string.char(0x8F,0x79,0x98,0x42,0x8E,0x6D,0xE3,0xF8,0x8B,0xD0)] = 11372
xi.synth_result_names_cp932[string.char(0x93,0x80,0x8A,0xA6,0x83,0x49,0x83,0x8A,0x83,0x6E,0x83,0x8B,0x83,0x52,0x83,0x93)] = 1676
xi.synth_result_names_cp932[string.char(0x93,0x80,0x8A,0xA6,0x83,0x89,0x83,0x76,0x83,0x67,0x83,0x8B,0x94,0xE7)] = 2423
xi.synth_result_names_cp932[string.char(0x93,0x80,0x8A,0xA6,0x8B,0xE0,0x8D,0x84)] = 1287
xi.synth_result_names_cp932[string.char(0x8F,0x6F,0x90,0x6E,0x95,0xEF,0x92,0x9A)] = 21923
xi.synth_result_names_cp932[string.char(0x8D,0x84,0x97,0xCD,0x82,0xCC,0x96,0xF2)] = 4199
xi.synth_result_names_cp932[string.char(0x8C,0x95,0x91,0xBE,0x93,0x81)] = 18444
xi.synth_result_names_cp932[string.char(0x97,0x45,0x97,0xCD,0x82,0xCC,0x8D,0x67,0x8E,0xC8,0xE0,0xF3,0xE0,0xED)] = 2136
xi.synth_result_names_cp932[string.char(0x89,0xBB,0x8F,0xCF,0x94,0xA0)] = 2775
xi.synth_result_names_cp932[string.char(0x8F,0x5C,0x90,0x6C,0x91,0xE0,0x92,0xB7,0x83,0x5F,0x83,0x4B,0x81,0x5B,0x2B,0x31)] = 17974
xi.synth_result_names_cp932[string.char(0x8F,0x5C,0x90,0x6C,0x91,0xE0,0x92,0xB7,0x90,0xED,0x92,0xC8,0x2B,0x31)] = 17452
xi.synth_result_names_cp932[string.char(0x8F,0x5C,0x90,0x6C,0x91,0xE0,0x92,0xB7,0x8F,0x82,0x2B,0x31)] = 12372
xi.synth_result_names_cp932[string.char(0x8F,0x5C,0x98,0x5A,0x96,0xE9)] = 18423
xi.synth_result_names_cp932[string.char(0x8F,0x5C,0x8E,0x9A,0x8E,0xE8,0x97,0xA0,0x8C,0x95)] = 17302
xi.synth_result_names_cp932[string.char(0x99,0xC2,0x8E,0xE8,0x97,0xA0,0x8C,0x95)] = 17303
xi.synth_result_names_cp932[string.char(0x94,0x8E,0x91,0xC5,0x8F,0x60)] = 17902
xi.synth_result_names_cp932[string.char(0x97,0x91,0x82,0xCC,0x83,0x58,0x81,0x5B,0x83,0x76)] = 4417
xi.synth_result_names_cp932[string.char(0x8F,0xA2,0x8A,0xAB,0x8E,0x6D,0x82,0xCC,0x8E,0xF1,0x97,0xD6)] = 25501
xi.synth_result_names_cp932[string.char(0x8D,0x87,0x90,0xAC,0x8F,0x62,0x82,0xCC,0x8C,0x8C)] = 2229
xi.synth_result_names_cp932[string.char(0x8E,0xF4,0x82,0xED,0x82,0xEA,0x82,0xBD,0x82,0xC6,0x82,0xF1,0x82,0xAA,0x82,0xE8,0x96,0x58)] = 2449
xi.synth_result_names_cp932[string.char(0x8E,0xF4,0x82,0xED,0x82,0xEA,0x82,0xBD,0x83,0x58,0x81,0x5B,0x83,0x76)] = 4235
xi.synth_result_names_cp932[string.char(0x8E,0xF4,0x82,0xED,0x82,0xEA,0x82,0xBD,0x89,0xBA,0x88,0xDF)] = 1370
xi.synth_result_names_cp932[string.char(0x8E,0xF4,0x82,0xED,0x82,0xEA,0x82,0xBD,0x99,0x68)] = 1354
xi.synth_result_names_cp932[string.char(0x8E,0xF4,0x82,0xED,0x82,0xEA,0x82,0xBD,0x8A,0xA5)] = 1364
xi.synth_result_names_cp932[string.char(0x8E,0xF4,0x82,0xED,0x82,0xEA,0x82,0xBD,0x8A,0x4F,0x93,0x85)] = 1366
xi.synth_result_names_cp932[string.char(0x8E,0xF4,0x82,0xED,0x82,0xEA,0x82,0xBD,0x8A,0x4F,0x88,0xDF)] = 2451
xi.synth_result_names_cp932[string.char(0x8E,0xF4,0x82,0xED,0x82,0xEA,0x82,0xBD,0x91,0xD1,0x8A,0x5A)] = 1396
xi.synth_result_names_cp932[string.char(0x8E,0xF4,0x82,0xED,0x82,0xEA,0x82,0xBD,0x96,0x58,0x8E,0x71)] = 1394
xi.synth_result_names_cp932[string.char(0x8E,0xF4,0x82,0xED,0x82,0xEA,0x82,0xBD,0x8E,0xE8,0x91,0xDC)] = 1368
xi.synth_result_names_cp932[string.char(0x8E,0xF4,0x82,0xED,0x82,0xEA,0x82,0xBD,0x94,0xC2,0x98,0xCE,0x8F,0x7C)] = 1350
xi.synth_result_names_cp932[string.char(0x8E,0xF4,0x82,0xED,0x82,0xEA,0x82,0xBD,0x94,0xC2,0x8B,0xE0,0x8A,0x95)] = 1374
xi.synth_result_names_cp932[string.char(0x8E,0xF4,0x82,0xED,0x82,0xEA,0x82,0xBD,0x94,0xC2,0x8B,0xE0,0x98,0x55,0x8E,0xE8)] = 1378
xi.synth_result_names_cp932[string.char(0x8E,0xF4,0x82,0xED,0x82,0xEA,0x82,0xBD,0x94,0xC2,0x8B,0xE0,0x8C,0xD2,0x93,0x96)] = 1380
xi.synth_result_names_cp932[string.char(0x8E,0xF4,0x82,0xED,0x82,0xEA,0x82,0xBD,0x94,0xC2,0x8B,0xE0,0x8B,0xB9,0x8D,0x62)] = 1376
xi.synth_result_names_cp932[string.char(0x8E,0xF4,0x82,0xED,0x82,0xEA,0x82,0xBD,0x94,0xC2,0x8B,0xE0,0x8C,0x43)] = 1382
xi.synth_result_names_cp932[string.char(0x8E,0xF4,0x82,0xED,0x82,0xEA,0x82,0xBD,0x8E,0xC2,0x98,0x55,0x8E,0xE8)] = 1348
xi.synth_result_names_cp932[string.char(0x8E,0xF4,0x82,0xED,0x82,0xEA,0x82,0xBD,0x8E,0xC2,0xE3,0xF8,0x93,0x96)] = 1352
xi.synth_result_names_cp932[string.char(0x8E,0xF4,0x82,0xED,0x82,0xEA,0x82,0xBD,0x98,0x55,0x8E,0xE8)] = 1398
xi.synth_result_names_cp932[string.char(0x8E,0xF4,0x82,0xED,0x82,0xEA,0x82,0xBD,0x8D,0x98,0x88,0xDF)] = 1400
xi.synth_result_names_cp932[string.char(0x8E,0xF4,0x82,0xED,0x82,0xEA,0x82,0xBD,0x91,0xB3,0x8F,0xFC,0x82,0xE8)] = 2453
xi.synth_result_names_cp932[string.char(0x8E,0xF4,0x82,0xED,0x82,0xEA,0x82,0xBD,0xE5,0xE3,0x8E,0x71)] = 2455
xi.synth_result_names_cp932[string.char(0x8E,0xF4,0x82,0xED,0x82,0xEA,0x82,0xBD,0x91,0xAB,0x8D,0x62)] = 1402
xi.synth_result_names_cp932[string.char(0x8E,0xF4,0x82,0xED,0x82,0xEA,0x82,0xBD,0x8D,0xBD,0x9B,0xE7,0x8E,0x71)] = 1356
xi.synth_result_names_cp932[string.char(0x8E,0xF4,0x82,0xED,0x82,0xEA,0x82,0xBD,0x8D,0xBD,0x98,0x55,0x8E,0xE8)] = 1358
xi.synth_result_names_cp932[string.char(0x8E,0xF4,0x82,0xED,0x82,0xEA,0x82,0xBD,0x8D,0xBD,0x8C,0xD2,0x93,0x96)] = 1360
xi.synth_result_names_cp932[string.char(0x8E,0xF4,0x82,0xED,0x82,0xEA,0x82,0xBD,0x8D,0xBD,0xE3,0xF8,0x93,0x96)] = 1362
xi.synth_result_names_cp932[string.char(0x8E,0xF4,0x82,0xED,0x82,0xEA,0x82,0xBD,0x93,0xAC,0x92,0x85)] = 1346
xi.synth_result_names_cp932[string.char(0x8E,0xF4,0x82,0xED,0x82,0xEA,0x82,0xBD,0x96,0xCA,0x8B,0xEF)] = 1384
xi.synth_result_names_cp932[string.char(0x8E,0xF4,0x82,0xED,0x82,0xEA,0x82,0xBD,0x8A,0x76,0x8C,0x43)] = 2457
xi.synth_result_names_cp932[string.char(0x8E,0xF4,0x82,0xED,0x82,0xEA,0x82,0xBD,0x8C,0x43)] = 1372
xi.synth_result_names_cp932[string.char(0x8E,0xF4,0x82,0xED,0x82,0xEA,0x82,0xBD,0x93,0xAA,0x90,0xAC,0x8A,0x95)] = 1344
xi.synth_result_names_cp932[string.char(0x8E,0xF4,0x82,0xED,0x82,0xEA,0x82,0xBD,0x88,0xF9,0x97,0xBF)] = 4234
xi.synth_result_names_cp932[string.char(0x8E,0xF4,0x82,0xED,0x82,0xEA,0x82,0xBD,0x97,0xD8,0x9B,0xE7,0x8E,0x71)] = 1386
xi.synth_result_names_cp932[string.char(0x8E,0xF4,0x82,0xED,0x82,0xEA,0x82,0xBD,0x97,0xD8,0x98,0x55,0x8E,0xE8)] = 1388
xi.synth_result_names_cp932[string.char(0x8E,0xF4,0x82,0xED,0x82,0xEA,0x82,0xBD,0x97,0xD8,0x8C,0xD2,0x93,0x96)] = 1390
xi.synth_result_names_cp932[string.char(0x8E,0xF4,0x82,0xED,0x82,0xEA,0x82,0xBD,0x97,0xD8,0xE3,0xF8,0x93,0x96)] = 1392
xi.synth_result_names_cp932[string.char(0x8E,0xF4,0x82,0xED,0x82,0xEA,0x82,0xBD,0x8D,0x95,0x93,0x53,0x99,0x68)] = 2439
xi.synth_result_names_cp932[string.char(0x8E,0xF4,0x82,0xED,0x82,0xEA,0x82,0xBD,0x8D,0x95,0x93,0x53,0x98,0x55,0x8E,0xE8)] = 2443
xi.synth_result_names_cp932[string.char(0x8E,0xF4,0x82,0xED,0x82,0xEA,0x82,0xBD,0x8D,0x95,0x93,0x53,0x8C,0xD2,0x93,0x96)] = 2445
xi.synth_result_names_cp932[string.char(0x8E,0xF4,0x82,0xED,0x82,0xEA,0x82,0xBD,0x8D,0x95,0x93,0x53,0x8B,0xB9,0x8D,0x62)] = 2441
xi.synth_result_names_cp932[string.char(0x8E,0xF4,0x82,0xED,0x82,0xEA,0x82,0xBD,0x8D,0x95,0x93,0x53,0x8C,0x43)] = 2447
xi.synth_result_names_cp932[string.char(0x8E,0xF4,0x8E,0x44)] = 1182
xi.synth_result_names_cp932[string.char(0x8E,0xF4,0x95,0x84,0x83,0x4C,0x83,0x62,0x83,0x67,0x81,0x46,0x88,0xC3)] = 2780
xi.synth_result_names_cp932[string.char(0x8E,0xF4,0x95,0x84,0x83,0x4C,0x83,0x62,0x83,0x67,0x81,0x46,0x93,0xC5)] = 2779
xi.synth_result_names_cp932[string.char(0x8E,0xF4,0x95,0x84,0x83,0x4C,0x83,0x62,0x83,0x67,0x81,0x46,0x90,0x87)] = 2781
xi.synth_result_names_cp932[string.char(0x8E,0xF4,0x95,0x84,0x83,0x4C,0x83,0x62,0x83,0x67,0x81,0x46,0x96,0xD9)] = 2782
xi.synth_result_names_cp932[string.char(0x96,0xA1,0x91,0x58,0x83,0x58,0x81,0x5B,0x83,0x76)] = 9198
xi.synth_result_names_cp932[string.char(0x96,0xA1,0x91,0x58,0x83,0x89,0x81,0x5B,0x83,0x81,0x83,0x93)] = 6460
xi.synth_result_names_cp932[string.char(0x96,0xA1,0x91,0x58,0x8F,0x60)] = 6466
xi.synth_result_names_cp932[string.char(0x8D,0x41,0x97,0xD6)] = 13111
xi.synth_result_names_cp932[string.char(0x92,0x51,0x82,0xAB,0x82,0xCC,0x8A,0x4C,0x8A,0x6B)] = 2234
xi.synth_result_names_cp932[string.char(0x92,0x51,0x82,0xAB,0x82,0xCC,0x97,0x59,0x97,0x72,0x82,0xCC,0x8A,0x70)] = 2142
xi.synth_result_names_cp932[string.char(0x92,0x51,0x82,0xAB,0x82,0xCC,0x8D,0x9C,0x82,0xAD,0x82,0xB8)] = 2141
xi.synth_result_names_cp932[string.char(0x8A,0xED,0x97,0x70,0x82,0xCC,0x96,0xF2)] = 4201
xi.synth_result_names_cp932[string.char(0x93,0x79,0x82,0xCC,0x83,0x41,0x83,0x6A,0x83,0x7D)] = 1644
xi.synth_result_names_cp932[string.char(0x93,0x79,0x82,0xCC,0x83,0x74,0x83,0x85,0x83,0x47,0x83,0x8B)] = 2787
xi.synth_result_names_cp932[string.char(0x93,0x79,0x82,0xCC,0x95,0xF3,0x8E,0xEC)] = 1302
xi.synth_result_names_cp932[string.char(0x93,0x79,0x82,0xCC,0x96,0xEE)] = 18699
xi.synth_result_names_cp932[string.char(0x93,0x79,0x82,0xCC,0x96,0xEE,0x90,0x4B)] = 2299
xi.synth_result_names_cp932[string.char(0x93,0x79,0x97,0xB3,0x8F,0x60)] = 17887
xi.synth_result_names_cp932[string.char(0x92,0x6E,0x97,0xB3,0x8F,0x60)] = 17905
xi.synth_result_names_cp932[string.char(0x91,0xCD,0x94,0xEC)] = 8971
xi.synth_result_names_cp932[string.char(0x93,0x68,0xE2,0xC4,0x93,0xA1,0x82,0xCC,0x8B,0x7C)] = 19786
xi.synth_result_names_cp932[string.char(0x89,0x96,0x83,0x58,0x81,0x5B,0x83,0x76)] = 9199
xi.synth_result_names_cp932[string.char(0x89,0x96,0x83,0x89,0x81,0x5B,0x83,0x81,0x83,0x93)] = 6462
xi.synth_result_names_cp932[string.char(0x96,0x6E,0x93,0x81)] = 16905
xi.synth_result_names_cp932[string.char(0x96,0xE9,0x8D,0xB3,0x8D,0xEC,0x96,0xB1,0x88,0xDF)] = 12618
xi.synth_result_names_cp932[string.char(0x96,0xE9,0x8D,0xB3,0x8E,0xE8,0x8D,0x62)] = 13957
xi.synth_result_names_cp932[string.char(0x96,0xE9,0x8D,0xB3,0x93,0x9B,0x8C,0xD1)] = 12847
xi.synth_result_names_cp932[string.char(0x96,0xE9,0x8D,0xB3,0xE3,0xF8,0x93,0x96)] = 13002
xi.synth_result_names_cp932[string.char(0x96,0xE9,0x8D,0xB3,0x90,0x77,0x94,0xAB)] = 12490
xi.synth_result_names_cp932[string.char(0x91,0xE5,0x92,0x6E,0x82,0xCC,0x89,0xBA,0x82,0xCE,0x82,0xAB)] = 12842
xi.synth_result_names_cp932[string.char(0x91,0xE5,0x92,0x6E,0x82,0xCC,0x8E,0xE8,0x8D,0x62)] = 12714
xi.synth_result_names_cp932[string.char(0x91,0xE5,0x92,0x6E,0x82,0xCC,0x8B,0x72,0xE3,0x4A)] = 12970
xi.synth_result_names_cp932[string.char(0x91,0xE5,0x92,0x6E,0x82,0xCC,0x88,0xDF)] = 12586
xi.synth_result_names_cp932[string.char(0x91,0xE5,0x92,0x6E,0x82,0xCC,0x94,0xAB,0x8A,0xAA)] = 12458
xi.synth_result_names_cp932[string.char(0x91,0xE5,0x97,0x72,0x82,0xCC,0x82,0xC8,0x82,0xDF,0x82,0xB5,0x8A,0x76)] = 850
xi.synth_result_names_cp932[string.char(0x91,0xE5,0x97,0x72,0x82,0xCC,0x83,0x56,0x83,0x83,0x83,0x7E,0x8A,0x76)] = 1998
xi.synth_result_names_cp932[string.char(0x91,0xE5,0x8E,0xD6,0x82,0xCC,0x8D,0x41,0x97,0xD6)] = 15539
xi.synth_result_names_cp932[string.char(0x91,0xE5,0x92,0xB9,0x82,0xCC,0x96,0xEE,0x89,0x48,0x8D,0xAA)] = 1417
xi.synth_result_names_cp932[string.char(0x93,0x56,0x90,0x85)] = 21494
xi.synth_result_names_cp932[string.char(0x93,0x56,0x8B,0x85,0x8B,0x56)] = 139
xi.synth_result_names_cp932[string.char(0x91,0xBE,0x93,0x81)] = 16966
xi.synth_result_names_cp932[string.char(0x91,0xBE,0x8B,0xC9,0x8C,0x9D,0x96,0x40,0x92,0x85)] = 14541
xi.synth_result_names_cp932[string.char(0x91,0xBE,0x97,0x7A,0x82,0xCC,0x90,0x85)] = 17884
xi.synth_result_names_cp932[string.char(0x95,0x50,0x97,0x6C,0x82,0xA8,0x82,0xC9,0x82,0xAC,0x82,0xE8)] = 5928
xi.synth_result_names_cp932[string.char(0x8E,0xB9,0x82,0xDC,0x82,0xEA,0x82,0xBD,0x89,0xBA,0x88,0xDF)] = 27216
xi.synth_result_names_cp932[string.char(0x8E,0xB9,0x82,0xDC,0x82,0xEA,0x82,0xBD,0x99,0x68)] = 26684
xi.synth_result_names_cp932[string.char(0x8E,0xB9,0x82,0xDC,0x82,0xEA,0x82,0xBD,0x8A,0xA5)] = 26688
xi.synth_result_names_cp932[string.char(0x8E,0xB9,0x82,0xDC,0x82,0xEA,0x82,0xBD,0x8A,0x4F,0x93,0x85)] = 26864
xi.synth_result_names_cp932[string.char(0x8E,0xB9,0x82,0xDC,0x82,0xEA,0x82,0xBD,0x91,0xD1,0x8A,0x5A)] = 26856
xi.synth_result_names_cp932[string.char(0x8E,0xB9,0x82,0xDC,0x82,0xEA,0x82,0xBD,0x96,0x58,0x8E,0x71)] = 26680
xi.synth_result_names_cp932[string.char(0x8E,0xB9,0x82,0xDC,0x82,0xEA,0x82,0xBD,0x8E,0xE8,0x91,0xDC)] = 27040
xi.synth_result_names_cp932[string.char(0x8E,0xB9,0x82,0xDC,0x82,0xEA,0x82,0xBD,0x94,0xC2,0x98,0xCE,0x8F,0x7C)] = 27214
xi.synth_result_names_cp932[string.char(0x8E,0xB9,0x82,0xDC,0x82,0xEA,0x82,0xBD,0x94,0xC2,0x8B,0xE0,0x8A,0x95)] = 26682
xi.synth_result_names_cp932[string.char(0x8E,0xB9,0x82,0xDC,0x82,0xEA,0x82,0xBD,0x94,0xC2,0x8B,0xE0,0x98,0x55,0x8E,0xE8)] = 27034
xi.synth_result_names_cp932[string.char(0x8E,0xB9,0x82,0xDC,0x82,0xEA,0x82,0xBD,0x94,0xC2,0x8B,0xE0,0x8C,0xD2,0x93,0x96)] = 27210
xi.synth_result_names_cp932[string.char(0x8E,0xB9,0x82,0xDC,0x82,0xEA,0x82,0xBD,0x94,0xC2,0x8B,0xE0,0x8B,0xB9,0x8D,0x62)] = 26858
xi.synth_result_names_cp932[string.char(0x8E,0xB9,0x82,0xDC,0x82,0xEA,0x82,0xBD,0x94,0xC2,0x8B,0xE0,0x8C,0x43)] = 27386
xi.synth_result_names_cp932[string.char(0x8E,0xB9,0x82,0xDC,0x82,0xEA,0x82,0xBD,0x8E,0xC2,0x98,0x55,0x8E,0xE8)] = 27038
xi.synth_result_names_cp932[string.char(0x8E,0xB9,0x82,0xDC,0x82,0xEA,0x82,0xBD,0x8E,0xC2,0xE3,0xF8,0x93,0x96)] = 27390
xi.synth_result_names_cp932[string.char(0x8E,0xB9,0x82,0xDC,0x82,0xEA,0x82,0xBD,0x98,0x55,0x8E,0xE8)] = 27032
xi.synth_result_names_cp932[string.char(0x8E,0xB9,0x82,0xDC,0x82,0xEA,0x82,0xBD,0x8D,0x98,0x88,0xDF)] = 27208
xi.synth_result_names_cp932[string.char(0x8E,0xB9,0x82,0xDC,0x82,0xEA,0x82,0xBD,0x91,0xAB,0x8D,0x62)] = 27384
xi.synth_result_names_cp932[string.char(0x8E,0xB9,0x82,0xDC,0x82,0xEA,0x82,0xBD,0x8D,0xBD,0x9B,0xE7,0x8E,0x71)] = 26860
xi.synth_result_names_cp932[string.char(0x8E,0xB9,0x82,0xDC,0x82,0xEA,0x82,0xBD,0x8D,0xBD,0x98,0x55,0x8E,0xE8)] = 27036
xi.synth_result_names_cp932[string.char(0x8E,0xB9,0x82,0xDC,0x82,0xEA,0x82,0xBD,0x8D,0xBD,0x8C,0xD2,0x93,0x96)] = 27212
xi.synth_result_names_cp932[string.char(0x8E,0xB9,0x82,0xDC,0x82,0xEA,0x82,0xBD,0x8D,0xBD,0xE3,0xF8,0x93,0x96)] = 27388
xi.synth_result_names_cp932[string.char(0x8E,0xB9,0x82,0xDC,0x82,0xEA,0x82,0xBD,0x93,0xAC,0x92,0x85)] = 26862
xi.synth_result_names_cp932[string.char(0x8E,0xB9,0x82,0xDC,0x82,0xEA,0x82,0xBD,0x96,0xCA,0x8B,0xEF)] = 26690
xi.synth_result_names_cp932[string.char(0x8E,0xB9,0x82,0xDC,0x82,0xEA,0x82,0xBD,0x8C,0x43)] = 27392
xi.synth_result_names_cp932[string.char(0x8E,0xB9,0x82,0xDC,0x82,0xEA,0x82,0xBD,0x93,0xAA,0x90,0xAC,0x8A,0x95)] = 26686
xi.synth_result_names_cp932[string.char(0x8E,0xB9,0x82,0xDC,0x82,0xEA,0x82,0xBD,0x97,0xD8,0x9B,0xE7,0x8E,0x71)] = 26866
xi.synth_result_names_cp932[string.char(0x8E,0xB9,0x82,0xDC,0x82,0xEA,0x82,0xBD,0x97,0xD8,0x98,0x55,0x8E,0xE8)] = 27042
xi.synth_result_names_cp932[string.char(0x8E,0xB9,0x82,0xDC,0x82,0xEA,0x82,0xBD,0x97,0xD8,0x8C,0xD2,0x93,0x96)] = 27218
xi.synth_result_names_cp932[string.char(0x8E,0xB9,0x82,0xDC,0x82,0xEA,0x82,0xBD,0x97,0xD8,0xE3,0xF8,0x93,0x96)] = 27394
xi.synth_result_names_cp932[string.char(0x8C,0x99,0x82,0xED,0x82,0xEA,0x82,0xBD,0x89,0xBA,0x88,0xDF)] = 27316
xi.synth_result_names_cp932[string.char(0x8C,0x99,0x82,0xED,0x82,0xEA,0x82,0xBD,0x8D,0xEC,0x96,0xB1,0x88,0xDF)] = 25698
xi.synth_result_names_cp932[string.char(0x8C,0x99,0x82,0xED,0x82,0xEA,0x82,0xBD,0x8A,0xA5)] = 25619
xi.synth_result_names_cp932[string.char(0x8C,0x99,0x82,0xED,0x82,0xEA,0x82,0xBD,0x8A,0x4F,0x88,0xDF)] = 25700
xi.synth_result_names_cp932[string.char(0x8C,0x99,0x82,0xED,0x82,0xEA,0x82,0xBD,0x96,0x58,0x8E,0x71)] = 25627
xi.synth_result_names_cp932[string.char(0x8C,0x99,0x82,0xED,0x82,0xEA,0x82,0xBD,0x8E,0xE8,0x8D,0x62)] = 27127
xi.synth_result_names_cp932[string.char(0x8C,0x99,0x82,0xED,0x82,0xEA,0x82,0xBD,0x8E,0xE8,0x91,0xDC)] = 27131
xi.synth_result_names_cp932[string.char(0x8C,0x99,0x82,0xED,0x82,0xEA,0x82,0xBD,0x8D,0x62,0x8C,0x9C)] = 27485
xi.synth_result_names_cp932[string.char(0x8C,0x99,0x82,0xED,0x82,0xEA,0x82,0xBD,0x93,0x9B,0x8C,0xD1)] = 27310
xi.synth_result_names_cp932[string.char(0x8C,0x99,0x82,0xED,0x82,0xEA,0x82,0xBD,0x8E,0xC2,0x98,0x55,0x8E,0xE8)] = 27125
xi.synth_result_names_cp932[string.char(0x8C,0x99,0x82,0xED,0x82,0xEA,0x82,0xBD,0x8E,0xC2,0xE3,0xF8,0x93,0x96)] = 27481
xi.synth_result_names_cp932[string.char(0x8C,0x99,0x82,0xED,0x82,0xEA,0x82,0xBD,0x98,0x55,0x8E,0xE8)] = 27123
xi.synth_result_names_cp932[string.char(0x8C,0x99,0x82,0xED,0x82,0xEA,0x82,0xBD,0x91,0x8D,0x96,0xCA)] = 25621
xi.synth_result_names_cp932[string.char(0x8C,0x99,0x82,0xED,0x82,0xEA,0x82,0xBD,0x8C,0xD2,0x93,0x96)] = 27308
xi.synth_result_names_cp932[string.char(0x8C,0x99,0x82,0xED,0x82,0xEA,0x82,0xBD,0x93,0xB7,0x8A,0xDB)] = 25694
xi.synth_result_names_cp932[string.char(0x8C,0x99,0x82,0xED,0x82,0xEA,0x82,0xBD,0x8B,0xB9,0x8D,0x62)] = 25692
xi.synth_result_names_cp932[string.char(0x8C,0x99,0x82,0xED,0x82,0xEA,0x82,0xBD,0x8D,0x98,0x88,0xDF)] = 27312
xi.synth_result_names_cp932[string.char(0x8C,0x99,0x82,0xED,0x82,0xEA,0x82,0xBD,0x91,0xB3,0x8F,0xFC,0x82,0xE8)] = 27129
xi.synth_result_names_cp932[string.char(0x8C,0x99,0x82,0xED,0x82,0xEA,0x82,0xBD,0xE5,0xE3,0x8E,0x71)] = 27314
xi.synth_result_names_cp932[string.char(0x8C,0x99,0x82,0xED,0x82,0xEA,0x82,0xBD,0x91,0xAB,0x8D,0x62)] = 27483
xi.synth_result_names_cp932[string.char(0x8C,0x99,0x82,0xED,0x82,0xEA,0x82,0xBD,0x93,0x53,0x8C,0x43)] = 27479
xi.synth_result_names_cp932[string.char(0x8C,0x99,0x82,0xED,0x82,0xEA,0x82,0xBD,0x8A,0x76,0x8A,0x5A)] = 25696
xi.synth_result_names_cp932[string.char(0x8C,0x99,0x82,0xED,0x82,0xEA,0x82,0xBD,0x8C,0x43)] = 27487
xi.synth_result_names_cp932[string.char(0x8C,0x99,0x82,0xED,0x82,0xEA,0x82,0xBD,0x93,0xAA,0x8B,0xD0)] = 25625
xi.synth_result_names_cp932[string.char(0x8C,0x99,0x82,0xED,0x82,0xEA,0x82,0xBD,0x93,0xAA,0x88,0xDF)] = 25623
xi.synth_result_names_cp932[string.char(0x8A,0xAE,0x8F,0x6E,0x95,0x85,0x97,0x74,0x93,0x79)] = 17894
xi.synth_result_names_cp932[string.char(0x8E,0xC0,0x8C,0xB1,0x8B,0xEF,0x88,0xEA,0x8E,0xAE)] = 149
xi.synth_result_names_cp932[string.char(0x8A,0xF1,0x82,0xB9,0x93,0xE7)] = 5238
xi.synth_result_names_cp932[string.char(0x95,0x95,0x89,0x8C,0x96,0xF2)] = 2952
xi.synth_result_names_cp932[string.char(0x8F,0xAC,0x91,0xBE,0x93,0x81)] = 16901
xi.synth_result_names_cp932[string.char(0x8A,0xE2,0x8F,0xE6,0x83,0x49,0x83,0x8A,0x83,0x6E,0x83,0x8B,0x83,0x52,0x83,0x93)] = 1670
xi.synth_result_names_cp932[string.char(0x8A,0xE2,0x8F,0xE6,0x83,0x58,0x83,0x7E,0x83,0x8D,0x83,0x68,0x83,0x93,0x82,0xCC,0x8A,0x76)] = 2733
xi.synth_result_names_cp932[string.char(0x8A,0xE2,0x8F,0xE6,0x8D,0x62,0x97,0x85)] = 2421
xi.synth_result_names_cp932[string.char(0x8A,0xE2,0x8F,0xE6,0x8B,0xE0,0x8D,0x84)] = 1286
xi.synth_result_names_cp932[string.char(0x9B,0xC0,0x9B,0xC4,0x94,0xAA,0x90,0xE5)] = 4183
xi.synth_result_names_cp932[string.char(0x8F,0xED,0x88,0xC5,0x82,0xCC,0xE8,0x56)] = 2650
xi.synth_result_names_cp932[string.char(0x8A,0xB1,0x82,0xB5,0x93,0xF7)] = 4376
xi.synth_result_names_cp932[string.char(0x8D,0x4B,0x82,0xB9,0x82,0xCC,0x90,0x6C,0x8E,0x51,0x8F,0x60)] = 17878
xi.synth_result_names_cp932[string.char(0x97,0x48,0x97,0xEC,0x96,0xF2)] = 5352
xi.synth_result_names_cp932[string.char(0x8B,0x7C,0x93,0xB9,0x92,0x85)] = 14539
xi.synth_result_names_cp932[string.char(0x8B,0xAD,0x8F,0x52,0x89,0xBA,0x82,0xCE,0x82,0xAB)] = 16373
xi.synth_result_names_cp932[string.char(0x8B,0xAD,0x95,0x97)] = 17780
xi.synth_result_names_cp932[string.char(0x93,0x4F,0x8D,0x62,0x82,0xCC,0x96,0xEE,0x90,0x4B)] = 1627
xi.synth_result_names_cp932[string.char(0x94,0x45,0x8F,0xE3,0x88,0xDF)] = 12588
xi.synth_result_names_cp932[string.char(0x94,0x45,0x93,0x81)] = 16919
xi.synth_result_names_cp932[string.char(0x94,0x45,0x8E,0xE8,0x8D,0x62)] = 12716
xi.synth_result_names_cp932[string.char(0x94,0x45,0x8E,0xD2,0x82,0xCC,0x8D,0x41,0x97,0xD6)] = 25489
xi.synth_result_names_cp932[string.char(0x94,0x45,0x8B,0x72,0xE3,0x4A)] = 12972
xi.synth_result_names_cp932[string.char(0x94,0x45,0x8C,0xD1)] = 12844
xi.synth_result_names_cp932[string.char(0x94,0x45,0x91,0xAB,0x91,0xDC)] = 1194
xi.synth_result_names_cp932[string.char(0x94,0x45,0x94,0xAB,0x8B,0xE0)] = 12460
xi.synth_result_names_cp932[string.char(0x89,0x85,0x82,0xDC,0x82,0xEA,0x82,0xBD,0x89,0xBA,0x88,0xDF)] = 10587
xi.synth_result_names_cp932[string.char(0x89,0x85,0x82,0xDC,0x82,0xEA,0x82,0xBD,0x8D,0xEC,0x96,0xB1,0x88,0xDF)] = 10243
xi.synth_result_names_cp932[string.char(0x89,0x85,0x82,0xDC,0x82,0xEA,0x82,0xBD,0x8A,0xA5)] = 10419
xi.synth_result_names_cp932[string.char(0x89,0x85,0x82,0xDC,0x82,0xEA,0x82,0xBD,0x8A,0x4F,0x88,0xDF)] = 10244
xi.synth_result_names_cp932[string.char(0x89,0x85,0x82,0xDC,0x82,0xEA,0x82,0xBD,0x96,0x58,0x8E,0x71)] = 10423
xi.synth_result_names_cp932[string.char(0x89,0x85,0x82,0xDC,0x82,0xEA,0x82,0xBD,0x8E,0xE8,0x8D,0x62)] = 10305
xi.synth_result_names_cp932[string.char(0x89,0x85,0x82,0xDC,0x82,0xEA,0x82,0xBD,0x8E,0xE8,0x91,0xDC)] = 10307
xi.synth_result_names_cp932[string.char(0x89,0x85,0x82,0xDC,0x82,0xEA,0x82,0xBD,0x8D,0x62,0x8C,0x9C)] = 10356
xi.synth_result_names_cp932[string.char(0x89,0x85,0x82,0xDC,0x82,0xEA,0x82,0xBD,0x93,0x9B,0x8C,0xD1)] = 10584
xi.synth_result_names_cp932[string.char(0x89,0x85,0x82,0xDC,0x82,0xEA,0x82,0xBD,0x8E,0xC2,0x98,0x55,0x8E,0xE8)] = 10304
xi.synth_result_names_cp932[string.char(0x89,0x85,0x82,0xDC,0x82,0xEA,0x82,0xBD,0x8E,0xC2,0xE3,0xF8,0x93,0x96)] = 10354
xi.synth_result_names_cp932[string.char(0x89,0x85,0x82,0xDC,0x82,0xEA,0x82,0xBD,0x98,0x55,0x8E,0xE8)] = 10303
xi.synth_result_names_cp932[string.char(0x89,0x85,0x82,0xDC,0x82,0xEA,0x82,0xBD,0x91,0x8D,0x96,0xCA)] = 10420
xi.synth_result_names_cp932[string.char(0x89,0x85,0x82,0xDC,0x82,0xEA,0x82,0xBD,0x8C,0xD2,0x93,0x96)] = 10583
xi.synth_result_names_cp932[string.char(0x89,0x85,0x82,0xDC,0x82,0xEA,0x82,0xBD,0x93,0xB7,0x8A,0xDB)] = 10241
xi.synth_result_names_cp932[string.char(0x89,0x85,0x82,0xDC,0x82,0xEA,0x82,0xBD,0x8B,0xB9,0x8D,0x62)] = 10240
xi.synth_result_names_cp932[string.char(0x89,0x85,0x82,0xDC,0x82,0xEA,0x82,0xBD,0x8D,0x98,0x88,0xDF)] = 10585
xi.synth_result_names_cp932[string.char(0x89,0x85,0x82,0xDC,0x82,0xEA,0x82,0xBD,0x91,0xB3,0x8F,0xFC,0x82,0xE8)] = 10306
xi.synth_result_names_cp932[string.char(0x89,0x85,0x82,0xDC,0x82,0xEA,0x82,0xBD,0xE5,0xE3,0x8E,0x71)] = 10586
xi.synth_result_names_cp932[string.char(0x89,0x85,0x82,0xDC,0x82,0xEA,0x82,0xBD,0x91,0xAB,0x8D,0x62)] = 10355
xi.synth_result_names_cp932[string.char(0x89,0x85,0x82,0xDC,0x82,0xEA,0x82,0xBD,0x93,0x53,0x8C,0x43)] = 10353
xi.synth_result_names_cp932[string.char(0x89,0x85,0x82,0xDC,0x82,0xEA,0x82,0xBD,0x8A,0x76,0x8A,0x5A)] = 10242
xi.synth_result_names_cp932[string.char(0x89,0x85,0x82,0xDC,0x82,0xEA,0x82,0xBD,0x8C,0x43)] = 10357
xi.synth_result_names_cp932[string.char(0x89,0x85,0x82,0xDC,0x82,0xEA,0x82,0xBD,0x93,0xAA,0x8B,0xD0)] = 10422
xi.synth_result_names_cp932[string.char(0x89,0x85,0x82,0xDC,0x82,0xEA,0x82,0xBD,0x93,0xAA,0x88,0xDF)] = 10421
xi.synth_result_names_cp932[string.char(0x88,0xD3,0x8E,0x75,0x82,0xCC,0x96,0xF2)] = 4209
xi.synth_result_names_cp932[string.char(0x90,0xED,0x8E,0x6D,0x82,0xCC,0x83,0x78,0x83,0x8B,0x83,0x67)] = 13194
xi.synth_result_names_cp932[string.char(0x90,0xED,0x8E,0x6D,0x82,0xCC,0x90,0x94,0x8E,0xEC)] = 25417
xi.synth_result_names_cp932[string.char(0x90,0xED,0x94,0x45,0x92,0x85)] = 12617
xi.synth_result_names_cp932[string.char(0x8E,0xE8,0x8D,0x62)] = 12712
xi.synth_result_names_cp932[string.char(0x8E,0xE8,0x97,0xA0,0x8C,0x95)] = 17301
xi.synth_result_names_cp932[string.char(0x91,0xC5,0x93,0x81)] = 16960
xi.synth_result_names_cp932[string.char(0x91,0xC5,0x92,0x7C)] = 1161
xi.synth_result_names_cp932[string.char(0x8C,0x9D,0x96,0x40,0x92,0x85)] = 12584
xi.synth_result_names_cp932[string.char(0x95,0xDF,0x92,0x8E,0x8F,0x60)] = 21450
xi.synth_result_names_cp932[string.char(0x8E,0x54,0x95,0x48)] = 1170
xi.synth_result_names_cp932[string.char(0x90,0xAE,0x82,0xC1,0x82,0xBD,0x95,0x63,0x8F,0xB0)] = 17881
xi.synth_result_names_cp932[string.char(0x95,0xB6,0x8A,0xF7)] = 21
xi.synth_result_names_cp932[string.char(0x90,0xC4,0x93,0x56,0x8E,0xE9)] = 1814
xi.synth_result_names_cp932[string.char(0x8E,0x61,0x94,0x6E,0x93,0x81)] = 16964
xi.synth_result_names_cp932[string.char(0x8D,0xA9,0x8C,0xE1,0x94,0xC2)] = 1705
xi.synth_result_names_cp932[string.char(0x8D,0xA9,0x8C,0xE1,0x93,0x53)] = 1704
xi.synth_result_names_cp932[string.char(0x8D,0xA8,0x90,0x87,0x96,0xF2)] = 4161
xi.synth_result_names_cp932[string.char(0x90,0xAF,0x92,0x43,0x8B,0x56)] = 3676
xi.synth_result_names_cp932[string.char(0x88,0xC3,0x88,0xC5,0x82,0xCC,0xE8,0x56)] = 1242
xi.synth_result_names_cp932[string.char(0x88,0xC3,0x88,0xC5,0x96,0xF2)] = 4163
xi.synth_result_names_cp932[string.char(0x88,0xC3,0x8D,0x95,0x82,0xCC,0x90,0x94,0x8E,0xEC)] = 25459
xi.synth_result_names_cp932[string.char(0x8C,0x8E,0x93,0xF8,0x82,0xCC,0x8C,0xC4,0x82,0xD1,0x8E,0x71)] = 26032
xi.synth_result_names_cp932[string.char(0x97,0x4C,0x97,0x83,0x8E,0x82,0x8E,0x71,0x82,0xCC,0x82,0xC8,0x82,0xDF,0x82,0xB5,0x8A,0x76)] = 1117
xi.synth_result_names_cp932[string.char(0x9E,0x4F,0x82,0xC8,0x98,0x54,0x94,0xE7)] = 871
xi.synth_result_names_cp932[string.char(0x96,0xD8,0x82,0xCC,0x96,0xEE)] = 17318
xi.synth_result_names_cp932[string.char(0x96,0xD8,0x90,0x6C)] = 2970
xi.synth_result_names_cp932[string.char(0x96,0xD8,0x96,0xC8,0x82,0xCC,0x83,0x77,0x83,0x62,0x83,0x68,0x83,0x6F,0x83,0x93,0x83,0x68)] = 12498
xi.synth_result_names_cp932[string.char(0x96,0xD8,0x96,0xC8,0x82,0xCC,0x89,0xBA,0x82,0xCE,0x82,0xAB)] = 12841
xi.synth_result_names_cp932[string.char(0x96,0xD8,0x96,0xC8,0x82,0xCC,0x8E,0xE8,0x8D,0x62)] = 12713
xi.synth_result_names_cp932[string.char(0x96,0xD8,0x96,0xC8,0x82,0xCC,0x8B,0x72,0xE3,0x4A)] = 12969
xi.synth_result_names_cp932[string.char(0x96,0xD8,0x96,0xC8,0x82,0xCC,0x93,0xB9,0x92,0x85)] = 12585
xi.synth_result_names_cp932[string.char(0x96,0xD8,0x96,0xC8,0x82,0xCC,0x94,0xAB,0x8A,0xAA)] = 12457
xi.synth_result_names_cp932[string.char(0x96,0xD8,0x96,0xC8,0x95,0x7A)] = 825
xi.synth_result_names_cp932[string.char(0x96,0xD8,0x96,0xC8,0x8E,0x85)] = 818
xi.synth_result_names_cp932[string.char(0x96,0xD8,0x96,0xC8,0x93,0xA4,0x95,0x85)] = 5233
xi.synth_result_names_cp932[string.char(0x8E,0xE9,0x92,0x6E,0x97,0xB3,0x8F,0x60)] = 17914
xi.synth_result_names_cp932[string.char(0x96,0xF6,0x90,0xEC,0x93,0xE7)] = 5669
xi.synth_result_names_cp932[string.char(0x8D,0xAA,0x97,0x88,0x8E,0xAE,0x93,0x53,0x96,0x43)] = 17267
xi.synth_result_names_cp932[string.char(0x8D,0xF7,0x90,0x81,0x90,0xE1)] = 16902
xi.synth_result_names_cp932[string.char(0x8D,0xF7,0x89,0xD4,0xE0,0xA3,0x96,0x9F)] = 4256
xi.synth_result_names_cp932[string.char(0x90,0x58,0x82,0xCC,0x83,0x54,0x83,0x89,0x83,0x5F)] = 5678
xi.synth_result_names_cp932[string.char(0x90,0x58,0x82,0xCC,0x83,0x5C,0x83,0x65,0x81,0x5B)] = 5676
xi.synth_result_names_cp932[string.char(0x8B,0xC9,0x8C,0xF5,0x8F,0x60)] = 17906
xi.synth_result_names_cp932[string.char(0x8B,0xC9,0x8A,0x79,0x92,0xB9,0x82,0xCC,0x96,0xEE,0x89,0x48,0x8D,0xAA)] = 3948
xi.synth_result_names_cp932[string.char(0x92,0xC6,0x82,0xCC,0x94,0xAF,0x8F,0xFC,0x82,0xE8)] = 16128
xi.synth_result_names_cp932[string.char(0x8E,0xF7,0x89,0x74)] = 17872
xi.synth_result_names_cp932[string.char(0x92,0x4D)] = 95
xi.synth_result_names_cp932[string.char(0x8B,0x40,0x95,0x71,0x82,0xCC,0x96,0xF2)] = 4205
xi.synth_result_names_cp932[string.char(0x95,0x90,0x91,0xBE,0x93,0x81)] = 18431
xi.synth_result_names_cp932[string.char(0x93,0x61,0x97,0x6C,0x82,0xA8,0x82,0xC9,0x82,0xAC,0x82,0xE8)] = 4277
xi.synth_result_names_cp932[string.char(0x93,0xC5,0x82,0xCC,0x96,0xEE,0x90,0x4B)] = 1252
xi.synth_result_names_cp932[string.char(0x93,0xC5,0x8F,0x60)] = 21438
xi.synth_result_names_cp932[string.char(0x93,0xC5,0x8F,0xC1,0x82,0xB5)] = 4148
xi.synth_result_names_cp932[string.char(0x93,0xC5,0x91,0x66)] = 943
xi.synth_result_names_cp932[string.char(0x93,0xC5,0x96,0xF2)] = 4157
xi.synth_result_names_cp932[string.char(0x96,0xD1,0x8E,0x85)] = 820
xi.synth_result_names_cp932[string.char(0x96,0xD1,0x90,0x44,0x95,0xA8)] = 827
xi.synth_result_names_cp932[string.char(0x90,0x85,0x82,0xCC,0x83,0x41,0x83,0x6A,0x83,0x7D)] = 1646
xi.synth_result_names_cp932[string.char(0x90,0x85,0x82,0xCC,0x83,0x74,0x83,0x85,0x83,0x47,0x83,0x8B)] = 2789
xi.synth_result_names_cp932[string.char(0x90,0x85,0x82,0xCC,0x95,0xF3,0x8E,0xEC)] = 1304
xi.synth_result_names_cp932[string.char(0x90,0x85,0x82,0xCC,0x96,0xEE)] = 18698
xi.synth_result_names_cp932[string.char(0x90,0x85,0x82,0xCC,0x96,0xEE,0x90,0x4B)] = 2297
xi.synth_result_names_cp932[string.char(0x90,0x85,0x93,0x53,0x96,0x43)] = 1176
xi.synth_result_names_cp932[string.char(0x90,0x85,0x8B,0xE2)] = 914
xi.synth_result_names_cp932[string.char(0x95,0x58,0x82,0xCC,0x83,0x41,0x83,0x6A,0x83,0x7D)] = 1642
xi.synth_result_names_cp932[string.char(0x95,0x58,0x82,0xCC,0x83,0x74,0x83,0x85,0x83,0x47,0x83,0x8B)] = 2785
xi.synth_result_names_cp932[string.char(0x95,0x58,0x82,0xCC,0x95,0xF3,0x8E,0xEC)] = 1300
xi.synth_result_names_cp932[string.char(0x95,0x58,0x82,0xCC,0x96,0xEE)] = 17323
xi.synth_result_names_cp932[string.char(0x95,0x58,0x82,0xCC,0x96,0xEE,0x90,0x4B)] = 1219
xi.synth_result_names_cp932[string.char(0x95,0x58,0x92,0x8C)] = 1164
xi.synth_result_names_cp932[string.char(0x95,0x58,0x89,0x4A,0x8E,0xE8,0x8D,0x62)] = 14026
xi.synth_result_names_cp932[string.char(0x92,0xBE,0x8D,0x81)] = 2643
xi.synth_result_names_cp932[string.char(0x92,0xBE,0x96,0xD9,0x96,0xF2)] = 4162
xi.synth_result_names_cp932[string.char(0x89,0xAB,0x8B,0x9B,0x8F,0x60)] = 17904
xi.synth_result_names_cp932[string.char(0x96,0xFB,0x9A,0xE2)] = 17893
xi.synth_result_names_cp932[string.char(0x90,0xF3,0x90,0xA3,0x82,0xCC,0x89,0xAB,0x8B,0x9B,0x8F,0x60)] = 21492
xi.synth_result_names_cp932[string.char(0x98,0x51,0x8E,0x6D,0x90,0x77,0x94,0xAB)] = 13910
xi.synth_result_names_cp932[string.char(0x8A,0x43,0x92,0xE9,0x82,0xCC,0x82,0xC8,0x82,0xDF,0x82,0xB5,0x8A,0x76)] = 3548
xi.synth_result_names_cp932[string.char(0x8A,0x43,0x90,0x5F,0x82,0xCC,0x8B,0xF9)] = 195
xi.synth_result_names_cp932[string.char(0x8A,0x43,0x97,0xB3,0x82,0xCC,0x8A,0xCC)] = 19326
xi.synth_result_names_cp932[string.char(0x8A,0x43,0x98,0x56,0x82,0xB9,0x82,0xF1,0x82,0xD7,0x82,0xA2)] = 5635
xi.synth_result_names_cp932[string.char(0x8A,0x43,0x98,0x56,0x93,0x94,0x98,0x55,0x91,0x44)] = 1823
xi.synth_result_names_cp932[string.char(0x8F,0xC1,0x89,0xBB,0x96,0xF2)] = 4153
xi.synth_result_names_cp932[string.char(0x8D,0xAC,0x8D,0x87,0xE3,0xC0,0x82,0xCC,0x96,0xEE,0x89,0x48,0x8D,0xAA)] = 4084
xi.synth_result_names_cp932[string.char(0x8C,0x6B,0x97,0xAC,0x8A,0xC6)] = 17388
xi.synth_result_names_cp932[string.char(0x97,0x6E,0x93,0x81)] = 16908
xi.synth_result_names_cp932[string.char(0x97,0x6E,0x89,0xF0,0x82,0xCC,0xE8,0x56)] = 1243
xi.synth_result_names_cp932[string.char(0x97,0x6E,0x89,0xF0,0x96,0xF2)] = 4171
xi.synth_result_names_cp932[string.char(0x96,0xC5,0x8E,0xAE,0x8A,0xDB)] = 17826
xi.synth_result_names_cp932[string.char(0x8A,0x8A,0x82,0xE7,0x82,0xA9,0x82,0xC8,0x83,0x72,0x83,0x8D,0x81,0x5B,0x83,0x68)] = 1702
xi.synth_result_names_cp932[string.char(0x8A,0x8A,0x82,0xE7,0x82,0xA9,0x82,0xC8,0x91,0xE5,0x97,0x72,0x8A,0x76)] = 870
xi.synth_result_names_cp932[string.char(0x8A,0x8A,0x82,0xE7,0x82,0xA9,0x82,0xC8,0x8D,0x62,0x92,0x8E,0x82,0xCC,0x8A,0x7B)] = 1716
xi.synth_result_names_cp932[string.char(0x8B,0x99,0x8E,0x74,0x95,0x97,0x8B,0xDF,0x93,0x8C,0x93,0xE7)] = 5893
xi.synth_result_names_cp932[string.char(0x8E,0xBD)] = 1415
xi.synth_result_names_cp932[string.char(0x91,0xF7,0x82,0xC1,0x82,0xBD,0x94,0x9E,0x8F,0x60)] = 17900
xi.synth_result_names_cp932[string.char(0x94,0x5A,0x8C,0xFA,0x82,0xC8,0x93,0xF7,0x8F,0x60)] = 17901
xi.synth_result_names_cp932[string.char(0x94,0x47,0x82,0xEA,0x82,0xBD,0x83,0x72,0x83,0x8D,0x81,0x5B,0x83,0x68)] = 2425
xi.synth_result_names_cp932[string.char(0x89,0x8A,0x82,0xCC,0x83,0x41,0x83,0x6A,0x83,0x7D)] = 1641
xi.synth_result_names_cp932[string.char(0x89,0x8A,0x82,0xCC,0x83,0x74,0x83,0x85,0x83,0x47,0x83,0x8B)] = 2784
xi.synth_result_names_cp932[string.char(0x89,0x8A,0x82,0xCC,0x95,0xF3,0x8E,0xEC)] = 1299
xi.synth_result_names_cp932[string.char(0x89,0x8A,0x82,0xCC,0x96,0xEE)] = 17322
xi.synth_result_names_cp932[string.char(0x89,0x8A,0x82,0xCC,0x96,0xEE,0x90,0x4B)] = 1218
xi.synth_result_names_cp932[string.char(0x97,0xF3,0x95,0x97)] = 17782
xi.synth_result_names_cp932[string.char(0x89,0x8B)] = 16973
xi.synth_result_names_cp932[string.char(0x96,0xB3,0x8C,0x8C)] = 17778
xi.synth_result_names_cp932[string.char(0x8F,0xC4,0x82,0xAB,0x83,0x8A,0x83,0x93,0x83,0x53)] = 4406
xi.synth_result_names_cp932[string.char(0xE0,0x8A,0x82,0xDF,0x82,0xAD,0x8B,0xE0,0x8E,0x85)] = 1966
xi.synth_result_names_cp932[string.char(0xE0,0x8A,0x8B,0x9B,0x82,0xCC,0x95,0xA0,0x8E,0x71)] = 4275
xi.synth_result_names_cp932[string.char(0x8F,0xC6,0x82,0xE9,0x8F,0xC6,0x82,0xE9,0x96,0x56,0x8E,0xE5)] = 2396
xi.synth_result_names_cp932[string.char(0x8E,0xCF,0x82,0xA6,0x97,0xA7,0x82,0xC2,0x95,0x85,0x93,0xF7,0x8F,0x60)] = 17897
xi.synth_result_names_cp932[string.char(0x94,0x4D,0x93,0x81)] = 18410
xi.synth_result_names_cp932[string.char(0x89,0xE5,0x82,0xCC,0x96,0xEE,0x90,0x4B)] = 1515
xi.synth_result_names_cp932[string.char(0x8B,0x8D,0x93,0xF7,0x82,0xCC,0x83,0x70,0x83,0x47,0x83,0x8A,0x83,0x41)] = 5972
xi.synth_result_names_cp932[string.char(0x8B,0x8D,0x93,0xE7)] = 5547
xi.synth_result_names_cp932[string.char(0x95,0xA8,0x8A,0xB1,0x82,0xB5,0x8A,0xC6)] = 17383
xi.synth_result_names_cp932[string.char(0x93,0xC1,0x8F,0xE3,0x83,0x58,0x83,0x56)] = 6468
xi.synth_result_names_cp932[string.char(0xE0,0xC2,0x8C,0xAB,0x82,0xA2,0x94,0x5D,0x8F,0x60)] = 17874
xi.synth_result_names_cp932[string.char(0x98,0x54,0x96,0xD1)] = 2011
xi.synth_result_names_cp932[string.char(0x96,0xD2,0x93,0xC5,0x82,0xCC,0xE8,0x56)] = 1245
xi.synth_result_names_cp932[string.char(0x96,0xD2,0x93,0xC5,0x91,0x66)] = 944
xi.synth_result_names_cp932[string.char(0x96,0xD2,0x93,0xC5,0x96,0xF2)] = 4158
xi.synth_result_names_cp932[string.char(0x92,0x96,0x93,0xE7)] = 6219
xi.synth_result_names_cp932[string.char(0x89,0x8E,0x9E,0x9E)] = 17590
xi.synth_result_names_cp932[string.char(0x8F,0x62,0x8E,0x67,0x82,0xA2,0x82,0xCC,0x8E,0xF1,0x97,0xD6)] = 25465
xi.synth_result_names_cp932[string.char(0x8B,0xCA,0x8E,0x85)] = 1278
xi.synth_result_names_cp932[string.char(0x8B,0xCA,0x8E,0x85,0x92,0xDB,0x82,0xCC,0x91,0xD1)] = 13273
xi.synth_result_names_cp932[string.char(0x89,0xA4,0x8D,0x91,0x95,0xBA,0x95,0x9E,0x2B,0x31)] = 14348
xi.synth_result_names_cp932[string.char(0x89,0xA4,0x8D,0x91,0x95,0xBA,0x8D,0x98,0x88,0xDF,0x2B,0x31)] = 14265
xi.synth_result_names_cp932[string.char(0x89,0xA4,0x8D,0x91,0x95,0xBA,0x94,0xAB,0x8B,0xE0,0x2B,0x31)] = 13895
xi.synth_result_names_cp932[string.char(0x89,0xA4,0x8D,0x91,0x95,0xBA,0x92,0xB7,0x8C,0x43,0x2B,0x31)] = 14145
xi.synth_result_names_cp932[string.char(0x89,0xA4,0x8D,0x91,0x95,0xBA,0x8A,0x76,0x8E,0xE8,0x91,0xDC,0x2B,0x31)] = 14037
xi.synth_result_names_cp932[string.char(0x89,0xA4,0x8D,0x91,0x95,0xBA,0x8A,0x76,0x8A,0x5A,0x2B,0x31)] = 14344
xi.synth_result_names_cp932[string.char(0x89,0xA4,0x8D,0x91,0x95,0xBA,0x8C,0x43,0x2B,0x31)] = 14149
xi.synth_result_names_cp932[string.char(0x89,0xA4,0x8D,0x91,0x8C,0x95,0x8E,0x6D,0x91,0xE5,0x8C,0x95,0x2B,0x31)] = 16948
xi.synth_result_names_cp932[string.char(0x89,0xA4,0x8D,0x91,0x8E,0xAE,0x83,0x65,0x83,0x42,0x81,0x5B,0x83,0x5A,0x83,0x62,0x83,0x67)] = 368
xi.synth_result_names_cp932[string.char(0x89,0xA4,0x8D,0x91,0x8B,0x7C,0x95,0xBA,0x8C,0x95,0x2B,0x31)] = 17678
xi.synth_result_names_cp932[string.char(0x89,0xA4,0x8D,0x91,0x8B,0x7C,0x95,0xBA,0x90,0xED,0x8C,0x9D,0x2B,0x31)] = 17495
xi.synth_result_names_cp932[string.char(0x89,0xA4,0x8D,0x91,0x8B,0x7C,0x95,0xBA,0x92,0xB7,0x8B,0x7C,0x2B,0x31)] = 17197
xi.synth_result_names_cp932[string.char(0x89,0xA4,0x8D,0x91,0x8F,0x5D,0x8E,0x6D,0x89,0xBA,0x88,0xDF,0x2B,0x31)] = 14261
xi.synth_result_names_cp932[string.char(0x89,0xA4,0x8D,0x91,0x8F,0x5D,0x8E,0x6D,0x99,0x68,0x2B,0x31)] = 13891
xi.synth_result_names_cp932[string.char(0x89,0xA4,0x8D,0x91,0x8F,0x5D,0x8E,0x6D,0x8F,0x82,0x2B,0x31)] = 12366
xi.synth_result_names_cp932[string.char(0x89,0xA4,0x8D,0x91,0x8F,0x5D,0x8E,0x6D,0x8D,0xBD,0x9B,0xE7,0x8E,0x71,0x2B,0x31)] = 14340
xi.synth_result_names_cp932[string.char(0x89,0xA4,0x8D,0x91,0x8F,0x5D,0x8E,0x6D,0x8D,0xBD,0x8E,0xE8,0x91,0xDC,0x2B,0x31)] = 14033
xi.synth_result_names_cp932[string.char(0x89,0xA4,0x8D,0x91,0x8F,0x5D,0x8E,0x6D,0x8D,0xBD,0x8C,0x43,0x2B,0x31)] = 14141
xi.synth_result_names_cp932[string.char(0x89,0xA4,0x8D,0x91,0x8F,0x5D,0x8E,0x6D,0x92,0xB7,0x88,0xDF,0x2B,0x31)] = 14358
xi.synth_result_names_cp932[string.char(0x89,0xA4,0x8D,0x91,0x8F,0x5D,0x8B,0x52,0x8E,0x6D,0x90,0xED,0x92,0xC8,0x2B,0x31)] = 17448
xi.synth_result_names_cp932[string.char(0x89,0xA4,0x8D,0x91,0x8F,0x5D,0x8B,0x52,0x8E,0x6D,0x91,0x84,0x95,0x80,0x2B,0x31)] = 18070
xi.synth_result_names_cp932[string.char(0x89,0xA4,0x8D,0x91,0x8F,0x5D,0x8B,0x52,0x8E,0x6D,0x92,0x5A,0x8C,0x95,0x2B,0x31)] = 17972
xi.synth_result_names_cp932[string.char(0x89,0xA4,0x8D,0x91,0x91,0x84,0x95,0xBA,0x91,0x84,0x2B,0x31)] = 18068
xi.synth_result_names_cp932[string.char(0x89,0xA4,0x8D,0x91,0x91,0x84,0x95,0xBA,0x8A,0x70,0x93,0x4A,0x2B,0x31)] = 17835
xi.synth_result_names_cp932[string.char(0x89,0xA4,0x8D,0x91,0x8C,0x52,0x8E,0xAE,0x8F,0x5D,0x8E,0xD2,0x90,0x51,0x91,0xE4)] = 349
xi.synth_result_names_cp932[string.char(0x89,0xA4,0x8D,0x91,0x95,0x97,0x83,0x49,0x83,0x80,0x83,0x8C,0x83,0x63)] = 4564
xi.synth_result_names_cp932[string.char(0x89,0xA4,0x8D,0x91,0x8B,0x52,0x8E,0x6D,0x83,0x78,0x83,0x8B,0x83,0x67,0x2B,0x31)] = 13277
xi.synth_result_names_cp932[string.char(0x89,0xA4,0x8D,0x91,0x8B,0x52,0x8E,0x6D,0x8A,0x4F,0x93,0x85,0x2B,0x31)] = 14360
xi.synth_result_names_cp932[string.char(0x89,0xA4,0x8D,0x91,0x8B,0x52,0x8E,0x6D,0x8D,0xBD,0x8E,0xE8,0x91,0xDC,0x2B,0x31)] = 14029
xi.synth_result_names_cp932[string.char(0x89,0xA4,0x8D,0x91,0x8B,0x52,0x8E,0x6D,0x8D,0xBD,0x8C,0x43,0x2B,0x31)] = 14137
xi.synth_result_names_cp932[string.char(0x89,0xA4,0x97,0xA7,0x8B,0x52,0x8E,0x6D,0x92,0x63,0x8F,0x82,0x2B,0x31)] = 12368
xi.synth_result_names_cp932[string.char(0x89,0xA4,0x97,0xA7,0x8B,0x52,0x8E,0x6D,0x92,0x63,0x8B,0x52,0x91,0x84,0x2B,0x31)] = 18072
xi.synth_result_names_cp932[string.char(0x8E,0x58,0x8C,0xE8,0x82,0xCC,0x8C,0x95)] = 16548
xi.synth_result_names_cp932[string.char(0x8E,0x58,0x8C,0xE8,0x82,0xCC,0x94,0xAF,0x8F,0xFC,0x82,0xE8)] = 12508
xi.synth_result_names_cp932[string.char(0x8C,0xBB,0x82,0xCC,0x83,0x41,0x83,0x6A,0x83,0x7D)] = 1717
xi.synth_result_names_cp932[string.char(0x97,0x9D,0x97,0xCD,0x82,0xCC,0x8B,0xE0,0x91,0xD1)] = 15460
xi.synth_result_names_cp932[string.char(0x97,0x9D,0x97,0xCD,0x82,0xCC,0x8B,0xD1,0x91,0xD1)] = 15861
xi.synth_result_names_cp932[string.char(0x90,0xB6,0x8F,0x4C,0x95,0xF7,0x92,0x9A)] = 18014
xi.synth_result_names_cp932[string.char(0x90,0xB6,0x8B,0xBC,0x94,0x9E)] = 2710
xi.synth_result_names_cp932[string.char(0x8D,0x62,0x99,0x68,0x8B,0x9B,0x82,0xCC,0x8D,0x62,0x8A,0x6B)] = 1586
xi.synth_result_names_cp932[string.char(0x8D,0x62,0x95,0xB2)] = 2004
xi.synth_result_names_cp932[string.char(0x8D,0x62,0x97,0x85,0x82,0xCC,0x94,0xAF,0x8F,0xFC,0x82,0xE8)] = 12506
xi.synth_result_names_cp932[string.char(0x8D,0x62,0x92,0x8E,0x82,0xCC,0x96,0xEE,0x90,0x4B)] = 1248
xi.synth_result_names_cp932[string.char(0x96,0xFC,0x82,0xB5,0x82,0xCC,0x90,0x6C,0x8E,0x51,0x8F,0x60)] = 17907
xi.synth_result_names_cp932[string.char(0x94,0xAD,0x89,0xCE,0x96,0xF2)] = 947
xi.synth_result_names_cp932[string.char(0x94,0x92,0x83,0x70,0x83,0x93)] = 4356
xi.synth_result_names_cp932[string.char(0x94,0x92,0x93,0x81)] = 18439
xi.synth_result_names_cp932[string.char(0x94,0x92,0x90,0x46,0x82,0xCC,0x90,0xCE,0x94,0xAB)] = 3589
xi.synth_result_names_cp932[string.char(0x94,0x92,0x96,0xA8)] = 5562
xi.synth_result_names_cp932[string.char(0x94,0x92,0x90,0x67,0x8B,0x9B,0x82,0xCC,0x83,0x56,0x83,0x60,0x83,0x85,0x81,0x5B)] = 4440
xi.synth_result_names_cp932[string.char(0x94,0x92,0x8B,0xE0,0x82,0xCC,0x96,0xEE)] = 17334
xi.synth_result_names_cp932[string.char(0x94,0x92,0x8B,0xE0,0x82,0xCC,0x96,0xEE,0x90,0x4B)] = 1962
xi.synth_result_names_cp932[string.char(0x94,0x92,0x8B,0xE0,0x8E,0x85)] = 2476
xi.synth_result_names_cp932[string.char(0x94,0x92,0x96,0xDD)] = 6258
xi.synth_result_names_cp932[string.char(0x95,0x53,0x90,0x6C,0x91,0xE0,0x92,0xB7,0x8C,0x95,0x2B,0x31)] = 17672
xi.synth_result_names_cp932[string.char(0x95,0x53,0x90,0x6C,0x91,0xE0,0x92,0xB7,0x91,0xE5,0x95,0x80,0x2B,0x31)] = 16732
xi.synth_result_names_cp932[string.char(0x95,0x53,0x90,0x6C,0x91,0xE0,0x92,0xB7,0x98,0x55,0x8E,0xE8,0x2B,0x31)] = 14039
xi.synth_result_names_cp932[string.char(0x95,0x53,0x90,0x6C,0x91,0xE0,0x92,0xB7,0x8C,0xD2,0x93,0x96,0x2B,0x31)] = 14267
xi.synth_result_names_cp932[string.char(0x95,0x53,0x90,0x6C,0x91,0xE0,0x92,0xB7,0xE3,0xF8,0x93,0x96,0x2B,0x31)] = 14147
xi.synth_result_names_cp932[string.char(0x95,0x53,0x90,0x6C,0x91,0xE0,0x92,0xB7,0x8D,0xBD,0x9B,0xE7,0x8E,0x71,0x2B,0x31)] = 14346
xi.synth_result_names_cp932[string.char(0x95,0x53,0x90,0x6C,0x91,0xE0,0x92,0xB7,0x96,0xCA,0x8B,0xEF,0x2B,0x31)] = 13897
xi.synth_result_names_cp932[string.char(0x93,0x90,0x91,0xAF,0x82,0xCC,0x94,0x92,0x8B,0xE2)] = 1678
xi.synth_result_names_cp932[string.char(0x96,0xDA,0x8B,0xCA,0x82,0xCC,0x83,0x58,0x81,0x5B,0x83,0x76)] = 4453
xi.synth_result_names_cp932[string.char(0x96,0xDA,0x96,0xF2)] = 4150
xi.synth_result_names_cp932[string.char(0x90,0x5E,0x8E,0xEC)] = 792
xi.synth_result_names_cp932[string.char(0x90,0x5E,0x94,0x92,0x90,0x67,0x8B,0x9B,0x82,0xCC,0x83,0x56,0x83,0x60,0x83,0x85,0x81,0x5B)] = 4601
xi.synth_result_names_cp932[string.char(0x96,0xB0,0x82,0xE8,0x82,0xCC,0x96,0xEE,0x90,0x4B)] = 1253
xi.synth_result_names_cp932[string.char(0x96,0xB0,0x82,0xE8,0x82,0xCC,0xE8,0x56)] = 1247
xi.synth_result_names_cp932[string.char(0x92,0x6D,0x8C,0x62,0x82,0xCC,0x96,0xF2)] = 4207
xi.synth_result_names_cp932[string.char(0x90,0xCE,0x82,0xC2,0x82,0xD4,0x82,0xC4)] = 17296
xi.synth_result_names_cp932[string.char(0x90,0xCE,0x82,0xCC,0x83,0x58,0x81,0x5B,0x83,0x76)] = 4455
xi.synth_result_names_cp932[string.char(0x90,0xCE,0x82,0xCC,0x96,0xEE)] = 17330
xi.synth_result_names_cp932[string.char(0x90,0xCE,0x82,0xCC,0x96,0xEE,0x90,0x4B)] = 1214
xi.synth_result_names_cp932[string.char(0x94,0x6A,0x8E,0xD7,0x82,0xCC,0x83,0x41,0x83,0x62,0x83,0x56,0x83,0x85)] = 1671
xi.synth_result_names_cp932[string.char(0x94,0x6A,0x8E,0xD7,0x82,0xCC,0x89,0xA9,0x8B,0xE0)] = 1679
xi.synth_result_names_cp932[string.char(0x94,0x6A,0x96,0x82,0x82,0xCC,0x94,0x92,0x8A,0x7E)] = 1672
xi.synth_result_names_cp932[string.char(0x8D,0x64,0x89,0xBB,0x89,0xA9,0x8B,0xE0)] = 1674
xi.synth_result_names_cp932[string.char(0x8E,0xA5,0x8A,0xED,0x82,0xCC,0x90,0x41,0x96,0xD8,0x94,0xAB)] = 216
xi.synth_result_names_cp932[string.char(0x8F,0x6A,0x90,0xB9,0x90,0x85)] = 5306
xi.synth_result_names_cp932[string.char(0x90,0x5F,0x91,0xE3,0x82,0xCC,0x8F,0xF1)] = 17101
xi.synth_result_names_cp932[string.char(0x90,0x5F,0x91,0xE3,0x82,0xCC,0x92,0x47,0x8B,0xD5)] = 17359
xi.synth_result_names_cp932[string.char(0x90,0x5F,0x91,0xE3,0x82,0xCC,0x8E,0xE0)] = 17056
xi.synth_result_names_cp932[string.char(0x90,0x5F,0x91,0xE3,0x96,0xD8)] = 720
xi.synth_result_names_cp932[string.char(0x90,0x5F,0x88,0xCB,0x82,0xCC,0x8B,0x7C)] = 22125
xi.synth_result_names_cp932[string.char(0x90,0x5F,0x88,0xCB,0x82,0xCC,0x9C,0x57)] = 22137
xi.synth_result_names_cp932[string.char(0x90,0x5F,0x88,0xCB,0x82,0xCC,0x91,0x84)] = 21869
xi.synth_result_names_cp932[string.char(0x90,0x5F,0x88,0xCB,0x8D,0xDE)] = 8726
xi.synth_result_names_cp932[string.char(0x90,0x5F,0x88,0xCB,0x96,0x5F)] = 22078
xi.synth_result_names_cp932[string.char(0x90,0x5F,0x96,0xD8,0x8D,0xDE)] = 723
xi.synth_result_names_cp932[string.char(0x90,0x5F,0x8E,0xF7,0x89,0x74)] = 1444
xi.synth_result_names_cp932[string.char(0x90,0x5F,0x93,0x61,0x8B,0x52,0x8E,0x6D,0x92,0x63,0x8F,0x82,0x2B,0x31)] = 12376
xi.synth_result_names_cp932[string.char(0x90,0x5F,0x93,0x61,0x8B,0x52,0x8E,0x6D,0x92,0x63,0x92,0xB7,0x8C,0x95,0x2B,0x31)] = 17670
xi.synth_result_names_cp932[string.char(0x8F,0x48,0x8D,0xB9)] = 19299
xi.synth_result_names_cp932[string.char(0x8E,0xED,0x8E,0x71,0x93,0x87)] = 17265
xi.synth_result_names_cp932[string.char(0x8D,0x92,0x95,0xA8,0x8F,0x60)] = 17912
xi.synth_result_names_cp932[string.char(0x97,0xB3,0x92,0x5F,0x8A,0xDB)] = 18452
xi.synth_result_names_cp932[string.char(0x97,0xB3,0x8B,0x52,0x8E,0x6D,0x82,0xCC,0x8E,0xF1,0x97,0xD6)] = 25495
xi.synth_result_names_cp932[string.char(0xE2,0x95,0x8B,0xBC,0x94,0x9E)] = 5727
xi.synth_result_names_cp932[string.char(0x8D,0xF9,0x8A,0xD1)] = 18462
xi.synth_result_names_cp932[string.char(0x98,0x55,0x8E,0xE8)] = 12715
xi.synth_result_names_cp932[string.char(0x91,0x65,0x96,0x96,0x82,0xC8,0x90,0x51,0x91,0xE4)] = 2
xi.synth_result_names_cp932[string.char(0xE2,0xEE)] = 4271
xi.synth_result_names_cp932[string.char(0x93,0x9C,0x96,0xA8)] = 21440
xi.synth_result_names_cp932[string.char(0x8D,0x67,0x89,0x8B)] = 17828
xi.synth_result_names_cp932[string.char(0x8D,0x67,0x98,0x40,0x8B,0xE0,0x8D,0x84)] = 1284
xi.synth_result_names_cp932[string.char(0x8E,0x86,0x95,0xBA)] = 1179
xi.synth_result_names_cp932[string.char(0x8E,0x87,0x93,0x64,0x8B,0xE0,0x8D,0x84)] = 1285
xi.synth_result_names_cp932[string.char(0x8E,0x87,0x93,0x64,0x97,0xA4,0x83,0x4B,0x83,0x6A,0x8D,0x62,0x8A,0x6B)] = 2420
xi.synth_result_names_cp932[string.char(0x8D,0xD7,0x91,0xBE,0x93,0x81)] = 16970
xi.synth_result_names_cp932[string.char(0x97,0x8D,0x8C,0x4A,0x8E,0x6D,0x82,0xCC,0x8E,0xF1,0x97,0xD6)] = 25519
xi.synth_result_names_cp932[string.char(0x8C,0xA6,0x82,0xCC,0x83,0x77,0x83,0x62,0x83,0x68,0x83,0x6F,0x83,0x93,0x83,0x68)] = 12503
xi.synth_result_names_cp932[string.char(0x8C,0xA6,0x95,0x7A)] = 829
xi.synth_result_names_cp932[string.char(0x8C,0xA6,0x8E,0x85)] = 816
xi.synth_result_names_cp932[string.char(0xE3,0x59,0x97,0xED,0x82,0xC8,0x8E,0xF7,0x89,0x74)] = 21488
xi.synth_result_names_cp932[string.char(0x88,0xBB,0x95,0x7A)] = 2200
xi.synth_result_names_cp932[string.char(0x94,0xEA,0x98,0x41,0x90,0x9D)] = 18413
xi.synth_result_names_cp932[string.char(0x94,0xEA,0x96,0x83,0x95,0x7A)] = 1699
xi.synth_result_names_cp932[string.char(0x97,0x85,0x99,0x8B,0x8D,0xEC,0x96,0xB1,0x88,0xDF)] = 14376
xi.synth_result_names_cp932[string.char(0x97,0x85,0x99,0x8B,0x8E,0xE8,0x8D,0x62)] = 14819
xi.synth_result_names_cp932[string.char(0x97,0x85,0x99,0x8B,0x93,0x9B,0x8C,0xD1)] = 14299
xi.synth_result_names_cp932[string.char(0x97,0x85,0x99,0x8B,0xE3,0xF8,0x93,0x96)] = 14178
xi.synth_result_names_cp932[string.char(0x97,0x85,0x99,0x8B,0x90,0x77,0x94,0xAB)] = 13925
xi.synth_result_names_cp932[string.char(0x97,0x85,0x8A,0xBF,0x8D,0xEC,0x96,0xB1,0x88,0xDF)] = 13795
xi.synth_result_names_cp932[string.char(0x97,0x85,0x8A,0xBF,0x8E,0xE8,0x8D,0x62)] = 14023
xi.synth_result_names_cp932[string.char(0x97,0x85,0x8A,0xBF,0x93,0x9B,0x8C,0xD1)] = 14253
xi.synth_result_names_cp932[string.char(0x97,0x85,0x8A,0xBF,0xE3,0xF8,0x93,0x96)] = 14129
xi.synth_result_names_cp932[string.char(0x97,0x85,0x8A,0xBF,0x90,0x77,0x94,0xAB)] = 13881
xi.synth_result_names_cp932[string.char(0x97,0x72,0x96,0xD1)] = 832
xi.synth_result_names_cp932[string.char(0x97,0x72,0x94,0xE7,0x8E,0x86)] = 917
xi.synth_result_names_cp932[string.char(0x8B,0x60,0x97,0x45,0x95,0xBA,0x89,0xBA,0x88,0xDF,0x2B,0x31)] = 14273
xi.synth_result_names_cp932[string.char(0x8B,0x60,0x97,0x45,0x95,0xBA,0x8B,0x7C,0x2B,0x31)] = 17195
xi.synth_result_names_cp932[string.char(0x8B,0x60,0x97,0x45,0x95,0xBA,0x90,0xED,0x8F,0xF1,0x2B,0x31)] = 17537
xi.synth_result_names_cp932[string.char(0x8B,0x60,0x97,0x45,0x95,0xBA,0x9E,0x9E,0x96,0x5F,0x2B,0x31)] = 17444
xi.synth_result_names_cp932[string.char(0x8B,0x60,0x97,0x45,0x95,0xBA,0x92,0xDC,0x2B,0x31)] = 17497
xi.synth_result_names_cp932[string.char(0x91,0xCF,0x94,0x4D,0x96,0xD1,0x90,0x44,0x95,0xA8)] = 2424
xi.synth_result_names_cp932[string.char(0x90,0xB9,0x82,0xC8,0x82,0xE9,0x83,0x7E,0x83,0x58,0x83,0x8A,0x83,0x8B,0x94,0xC2)] = 667
xi.synth_result_names_cp932[string.char(0x90,0xB9,0x82,0xC8,0x82,0xE9,0xE8,0x56)] = 1244
xi.synth_result_names_cp932[string.char(0x90,0xB9,0x96,0xD8)] = 1815
xi.synth_result_names_cp932[string.char(0x90,0xB9,0x90,0x85)] = 4154
xi.synth_result_names_cp932[string.char(0x93,0xF7,0x83,0x5F,0x83,0x93,0x83,0x53)] = 17000
xi.synth_result_names_cp932[string.char(0x93,0xF7,0x8F,0x60)] = 17870
xi.synth_result_names_cp932[string.char(0x8C,0xD3,0x95,0xB2)] = 1883
xi.synth_result_names_cp932[string.char(0x98,0x65,0x8E,0x77)] = 16900
xi.synth_result_names_cp932[string.char(0x8B,0x72,0xE3,0x4A)] = 12968
xi.synth_result_names_cp932[string.char(0xE3,0xF8,0x93,0x96)] = 12974
xi.synth_result_names_cp932[string.char(0x95,0x85,0x93,0xF7,0x8F,0x60)] = 17866
xi.synth_result_names_cp932[string.char(0x95,0x85,0x97,0x74,0x93,0x79)] = 17868
xi.synth_result_names_cp932[string.char(0x95,0xA0,0x93,0x96)] = 12587
xi.synth_result_names_cp932[string.char(0x89,0x90,0x89,0x90,0x82,0xB5,0x82,0xA2,0x83,0x75,0x83,0x4B,0x81,0x5B,0x83,0x68,0x8A,0x76)] = 1972
xi.synth_result_names_cp932[string.char(0x89,0xD4,0x91,0xE4)] = 102
xi.synth_result_names_cp932[string.char(0x89,0xD4,0x90,0x81,0x90,0xE1)] = 18427
xi.synth_result_names_cp932[string.char(0x89,0xD4,0x95,0xD9,0x98,0x58)] = 2642
xi.synth_result_names_cp932[string.char(0x8E,0xE1,0x97,0x74,0x8F,0x60)] = 17909
xi.synth_result_names_cp932[string.char(0x8B,0xEA,0x96,0xB3)] = 16896
xi.synth_result_names_cp932[string.char(0x89,0x70,0x92,0x6D,0x82,0xCC,0x8B,0xE0,0x91,0xD1)] = 15459
xi.synth_result_names_cp932[string.char(0x89,0x70,0x92,0x6D,0x82,0xCC,0x8B,0xD1,0x91,0xD1)] = 15462
xi.synth_result_names_cp932[string.char(0x91,0x90,0x8A,0xA0,0x8A,0x99)] = 1020
xi.synth_result_names_cp932[string.char(0x91,0x90,0x8E,0x71)] = 2555
xi.synth_result_names_cp932[string.char(0x91,0x90,0x95,0x7A)] = 824
xi.synth_result_names_cp932[string.char(0x91,0x90,0x94,0xBF,0x95,0x7A)] = 1997
xi.synth_result_names_cp932[string.char(0x91,0x90,0x8F,0x60)] = 17864
xi.synth_result_names_cp932[string.char(0x91,0x90,0x8A,0x9F)] = 4489
xi.synth_result_names_cp932[string.char(0x91,0x90,0x8E,0x85)] = 817
xi.synth_result_names_cp932[string.char(0x91,0x90,0x96,0xDD)] = 6262
xi.synth_result_names_cp932[string.char(0x95,0x48,0x96,0xDD)] = 4270
xi.synth_result_names_cp932[string.char(0x8F,0xF6,0x97,0xAF,0x90,0x85)] = 4509
xi.synth_result_names_cp932[string.char(0x94,0x96,0x82,0xA2,0x88,0x9F,0x96,0x83,0x95,0x7A)] = 1701
xi.synth_result_names_cp932[string.char(0x93,0xE3,0x8A,0x99)] = 18941
xi.synth_result_names_cp932[string.char(0x91,0x68,0x90,0xB6,0x82,0xCC,0x94,0xAF,0x8F,0xFC,0x82,0xE8)] = 15211
xi.synth_result_names_cp932[string.char(0x91,0x68,0x90,0xB6,0x8E,0x58,0x8C,0xE8)] = 1715
xi.synth_result_names_cp932[string.char(0x91,0x68,0x90,0xB6,0x97,0xEC,0x8B,0xE2)] = 1835
xi.synth_result_names_cp932[string.char(0x8C,0xD5,0x93,0x4F,0x89,0xFC)] = 17816
xi.synth_result_names_cp932[string.char(0x8C,0xD5,0x98,0x54,0x97,0x9F,0x93,0x81)] = 16909
xi.synth_result_names_cp932[string.char(0x92,0x8E,0x82,0xCC,0x96,0xEE,0x89,0x48,0x8D,0xAA)] = 1224
xi.synth_result_names_cp932[string.char(0x92,0x8E,0x83,0x5F,0x83,0x93,0x83,0x53)] = 16998
xi.synth_result_names_cp932[string.char(0x92,0x8E,0x96,0xD4)] = 21442
xi.synth_result_names_cp932[string.char(0x93,0xF8,0x82,0xCC,0x83,0x77,0x83,0x62,0x83,0x68,0x83,0x6F,0x83,0x93,0x83,0x68)] = 12504
xi.synth_result_names_cp932[string.char(0x93,0xF8,0x82,0xCC,0x91,0xD1)] = 13208
xi.synth_result_names_cp932[string.char(0x93,0xF8,0x95,0x7A)] = 830
xi.synth_result_names_cp932[string.char(0x93,0xF8,0x8E,0x85)] = 821
xi.synth_result_names_cp932[string.char(0x8E,0xD6,0x93,0xC5,0x91,0x66)] = 2374
xi.synth_result_names_cp932[string.char(0x8E,0xD6,0x93,0xC5,0x96,0xF2)] = 5430
xi.synth_result_names_cp932[string.char(0x8E,0xD6,0x96,0xB5)] = 18129
xi.synth_result_names_cp932[string.char(0x8E,0xD6,0xE5,0x99,0x82,0xCC,0x8D,0x41,0x97,0xD6)] = 28374
xi.synth_result_names_cp932[string.char(0x96,0x49,0x96,0xA8)] = 4370
xi.synth_result_names_cp932[string.char(0x96,0xA8,0x98,0x58)] = 913
xi.synth_result_names_cp932[string.char(0xE5,0x9E,0xE5,0x95,0x90,0xEE)] = 1167
xi.synth_result_names_cp932[string.char(0xE5,0x9E,0xE5,0x95,0x96,0xF2)] = 5350
xi.synth_result_names_cp932[string.char(0xE5,0x9D,0x93,0x81)] = 16910
xi.synth_result_names_cp932[string.char(0x97,0x5A,0x89,0xF0,0x96,0xF2)] = 5307
xi.synth_result_names_cp932[string.char(0xE5,0xB3,0x97,0x91,0x82,0xCC,0x8D,0x81,0x96,0xA1,0x8F,0xC4,0x82,0xAB)] = 4552
xi.synth_result_names_cp932[string.char(0xE5,0xB3,0x8F,0x60)] = 17862
xi.synth_result_names_cp932[string.char(0x8A,0x49,0x93,0xE7)] = 5544
xi.synth_result_names_cp932[string.char(0x8B,0x61,0x90,0x6C,0x8F,0x60)] = 17891
xi.synth_result_names_cp932[string.char(0x8B,0x61,0x92,0x6E,0x8D,0x96,0x82,0xCC,0x96,0xEE,0x90,0x4B)] = 2648
xi.synth_result_names_cp932[string.char(0xE5,0xC1,0x93,0xC5)] = 1191
xi.synth_result_names_cp932[string.char(0x8C,0x8C,0x93,0x68,0x82,0xE7,0x82,0xEA,0x82,0xBD,0x97,0x59,0x97,0x72,0x8A,0x76)] = 1978
xi.synth_result_names_cp932[string.char(0x8C,0x8C,0x8F,0x60)] = 17889
xi.synth_result_names_cp932[string.char(0x8C,0x8C,0x95,0x97)] = 17784
xi.synth_result_names_cp932[string.char(0x8D,0x73,0x97,0x9B)] = 43
xi.synth_result_names_cp932[string.char(0x95,0xA1,0x8D,0x87,0x91,0x66,0x8D,0xDE,0x82,0xCC,0x8A,0xC6)] = 17381
xi.synth_result_names_cp932[string.char(0x8C,0xA9,0x91,0xE4)] = 97
xi.synth_result_names_cp932[string.char(0x8E,0x8B,0x97,0xCD,0x82,0xCC,0x8E,0x87,0x90,0x85,0x8F,0xBB)] = 2137
xi.synth_result_names_cp932[string.char(0x8A,0x70,0x82,0xCC,0x96,0xEE,0x90,0x4B)] = 1249
xi.synth_result_names_cp932[string.char(0x8A,0x70,0x82,0xCC,0x94,0xAF,0x8F,0xFC,0x82,0xE8)] = 12507
xi.synth_result_names_cp932[string.char(0x89,0xF0,0x93,0xC5,0x94,0x92,0x8B,0xE2)] = 1675
xi.synth_result_names_cp932[string.char(0x8E,0x8D,0x90,0x6C,0x82,0xCC,0x83,0x54,0x81,0x5B,0x83,0x4E,0x83,0x8C,0x83,0x62,0x83,0x67)] = 12473
xi.synth_result_names_cp932[string.char(0x97,0x55,0x90,0x85,0x82,0xCC,0x83,0x49,0x83,0x8A,0x83,0x6E,0x83,0x8B,0x83,0x52,0x83,0x93)] = 1677
xi.synth_result_names_cp932[string.char(0x93,0xA4,0x82,0xCC,0x83,0x58,0x81,0x5B,0x83,0x76)] = 4416
xi.synth_result_names_cp932[string.char(0x93,0xA4,0x93,0xFB)] = 5232
xi.synth_result_names_cp932[string.char(0x93,0xA4,0x91,0xE5,0x95,0x9F)] = 6341
xi.synth_result_names_cp932[string.char(0x90,0xD4,0x8E,0xBD)] = 4030
xi.synth_result_names_cp932[string.char(0x90,0xD4,0x90,0x46,0x82,0xCC,0x90,0xCE,0x94,0xAB)] = 3586
xi.synth_result_names_cp932[string.char(0x90,0xD4,0x91,0x90,0x95,0x7A)] = 1829
xi.synth_result_names_cp932[string.char(0x90,0xD4,0x91,0x90,0x8E,0x85)] = 1828
xi.synth_result_names_cp932[string.char(0x90,0xD4,0x96,0xDD)] = 6260
xi.synth_result_names_cp932[string.char(0x90,0xD4,0x96,0x83,0x95,0x7A)] = 4028
xi.synth_result_names_cp932[string.char(0x90,0xD4,0x96,0x83,0x8E,0x85)] = 4027
xi.synth_result_names_cp932[string.char(0x92,0xB4,0x8D,0x95,0x8D,0x7C,0x82,0xCC,0xE8,0x56)] = 3306
xi.synth_result_names_cp932[string.char(0x97,0x78,0x82,0xE9,0x91,0x90,0x8F,0x60)] = 17895
xi.synth_result_names_cp932[string.char(0x8C,0x79,0x8D,0x87,0x8B,0xE0,0x82,0xCC,0xE8,0x56)] = 2651
xi.synth_result_names_cp932[string.char(0x8C,0x79,0x88,0xC0,0x82,0xCC,0x8F,0xF1)] = 18606
xi.synth_result_names_cp932[string.char(0x8C,0x79,0x97,0xCA,0x82,0xC8,0x97,0x59,0x97,0x72,0x8A,0x76)] = 873
xi.synth_result_names_cp932[string.char(0x8C,0x79,0x97,0xCA,0x83,0x58,0x83,0x60,0x81,0x5B,0x83,0x8B,0x94,0xC2)] = 2008
xi.synth_result_names_cp932[string.char(0x8C,0x79,0x97,0xCA,0x8D,0x7C)] = 1681
xi.synth_result_names_cp932[string.char(0x8B,0x50,0x82,0xAD,0x8B,0xE0,0x8E,0x85)] = 1968
xi.synth_result_names_cp932[string.char(0x8B,0x50,0x94,0x92,0x8B,0xE2)] = 4024
xi.synth_result_names_cp932[string.char(0x8B,0x50,0x94,0x92,0x8B,0xE2,0x94,0xC2)] = 4025
xi.synth_result_names_cp932[string.char(0x93,0xA7,0x90,0xCE)] = 773
xi.synth_result_names_cp932[string.char(0x98,0x41,0x96,0x4D,0x8E,0xAE,0x83,0x65,0x83,0x42,0x81,0x5B,0x83,0x5A,0x83,0x62,0x83,0x67)] = 370
xi.synth_result_names_cp932[string.char(0x98,0x41,0x96,0x4D,0x8C,0x52,0x8E,0x74,0x83,0x52,0x81,0x5B,0x83,0x67,0x2B,0x31)] = 14362
xi.synth_result_names_cp932[string.char(0x98,0x41,0x96,0x4D,0x8C,0x52,0x8E,0x74,0x89,0xBA,0x88,0xDF,0x2B,0x31)] = 14277
xi.synth_result_names_cp932[string.char(0x98,0x41,0x96,0x4D,0x8C,0x52,0x8E,0x74,0x91,0xD1,0x8C,0x95,0x2B,0x31)] = 17676
xi.synth_result_names_cp932[string.char(0x98,0x41,0x96,0x4D,0x8C,0x52,0x8E,0x74,0x96,0x58,0x8E,0x71,0x2B,0x31)] = 13905
xi.synth_result_names_cp932[string.char(0x98,0x41,0x96,0x4D,0x8C,0x52,0x8E,0x74,0x8E,0x77,0x8A,0xF6,0x96,0x5F,0x2B,0x31)] = 17501
xi.synth_result_names_cp932[string.char(0x98,0x41,0x96,0x4D,0x8C,0x52,0x8E,0x74,0x91,0xB3,0x8F,0xFC,0x82,0xE8,0x2B,0x31)] = 14049
xi.synth_result_names_cp932[string.char(0x98,0x41,0x96,0x4D,0x8C,0x52,0x8E,0x74,0x8E,0xE0,0x2B,0x31)] = 17446
xi.synth_result_names_cp932[string.char(0x98,0x41,0x96,0x4D,0x8C,0x52,0x8E,0x74,0x8C,0x43,0x2B,0x31)] = 14157
xi.synth_result_names_cp932[string.char(0x98,0x41,0x96,0x4D,0x8C,0x52,0x8E,0xAE,0x97,0x62,0x95,0xBA,0x92,0xDD,0x8F,0xB0)] = 351
xi.synth_result_names_cp932[string.char(0x98,0x41,0x96,0x4D,0x96,0x82,0x90,0xED,0x8E,0x6D,0x89,0xBA,0x88,0xDF,0x2B,0x31)] = 14275
xi.synth_result_names_cp932[string.char(0x98,0x41,0x96,0x4D,0x96,0x82,0x90,0xED,0x8E,0x6D,0x8A,0x4F,0x93,0x85,0x2B,0x31)] = 14354
xi.synth_result_names_cp932[string.char(0x98,0x41,0x96,0x4D,0x96,0x82,0x90,0xED,0x8E,0x6D,0x90,0xED,0x95,0x80,0x2B,0x31)] = 17931
xi.synth_result_names_cp932[string.char(0x98,0x41,0x96,0x4D,0x96,0x82,0x90,0xED,0x8E,0x6D,0x8E,0xE8,0x91,0xDC,0x2B,0x31)] = 14047
xi.synth_result_names_cp932[string.char(0x98,0x41,0x96,0x4D,0x96,0x82,0x90,0xED,0x8E,0x6D,0x93,0x8A,0x93,0x81,0x2B,0x31)] = 18132
xi.synth_result_names_cp932[string.char(0x98,0x41,0x96,0x4D,0x96,0x82,0x90,0xED,0x8E,0x6D,0x8B,0xC8,0x93,0x81,0x2B,0x31)] = 17674
xi.synth_result_names_cp932[string.char(0x98,0x41,0x96,0x4D,0x96,0x82,0x90,0xED,0x8E,0x6D,0x92,0x5A,0x8C,0x95,0x2B,0x31)] = 17990
xi.synth_result_names_cp932[string.char(0x98,0x41,0x96,0x4D,0x96,0x82,0x90,0xED,0x8E,0x6D,0x8A,0x76,0x8C,0x43,0x2B,0x31)] = 14155
xi.synth_result_names_cp932[string.char(0x92,0x78,0x8D,0xE7,0x82,0xAB,0x82,0xCC,0x8C,0x8C,0x92,0xAA,0x8F,0x60)] = 17879
xi.synth_result_names_cp932[string.char(0x93,0xB9,0x89,0xBB,0x82,0xCC,0x83,0x77,0x83,0x62,0x83,0x68,0x83,0x6F,0x83,0x93,0x83,0x68)] = 13884
xi.synth_result_names_cp932[string.char(0x92,0x42,0x90,0x6C,0x89,0xBA,0x82,0xCE,0x82,0xAB)] = 14254
xi.synth_result_names_cp932[string.char(0x92,0x42,0x90,0x6C,0x92,0x85)] = 13800
xi.synth_result_names_cp932[string.char(0x94,0xF0,0x97,0x8B,0x90,0x6A)] = 1173
xi.synth_result_names_cp932[string.char(0x8E,0xD7,0x82,0xC8,0x82,0xE9,0xE8,0x56)] = 1246
xi.synth_result_names_cp932[string.char(0x8F,0xDD,0x96,0xFB,0x83,0x58,0x81,0x5B,0x83,0x76)] = 9197
xi.synth_result_names_cp932[string.char(0x8F,0xDD,0x96,0xFB,0x83,0x89,0x81,0x5B,0x83,0x81,0x83,0x93)] = 6458
xi.synth_result_names_cp932[string.char(0x8F,0x64,0x91,0x82)] = 2113
xi.synth_result_names_cp932[string.char(0x8F,0x64,0x93,0xA1,0x8B,0x7C)] = 18142
xi.synth_result_names_cp932[string.char(0x96,0xEC,0x93,0x65,0x82,0xCC,0x83,0x4F,0x83,0x8A,0x83,0x8B)] = 4371
xi.synth_result_names_cp932[string.char(0x96,0xEC,0x93,0x65,0x82,0xCC,0x89,0x96,0x8F,0xC4,0x82,0xAB)] = 5737
xi.synth_result_names_cp932[string.char(0x96,0xEC,0x91,0xBE,0x93,0x81)] = 16982
xi.synth_result_names_cp932[string.char(0x96,0xEC,0x8B,0x8D,0x82,0xCC,0x82,0xC8,0x82,0xDF,0x82,0xB5,0x8A,0x76)] = 1629
xi.synth_result_names_cp932[string.char(0x96,0xEC,0x8B,0x8D,0x82,0xCC,0x8A,0xB1,0x82,0xB5,0x93,0xF7)] = 5196
xi.synth_result_names_cp932[string.char(0x96,0xEC,0x8B,0x8D,0x82,0xCC,0x9D,0x9A,0x8A,0x76)] = 2007
xi.synth_result_names_cp932[string.char(0x96,0xEC,0x8D,0xD8,0x82,0xCC,0x83,0x58,0x81,0x5B,0x83,0x76)] = 4560
xi.synth_result_names_cp932[string.char(0x8B,0xE0,0x82,0xCC,0x91,0xD1)] = 13206
xi.synth_result_names_cp932[string.char(0x8B,0xE0,0x82,0xCC,0x94,0xAF,0x8F,0xFC,0x82,0xE8)] = 12494
xi.synth_result_names_cp932[string.char(0x8B,0xE0,0x8D,0x84,0x89,0xA4,0x82,0xCC,0x88,0xC5,0x83,0x58,0x81,0x5B,0x83,0x76)] = 5210
xi.synth_result_names_cp932[string.char(0x8B,0xE0,0x8D,0x84,0x88,0xEE,0x95,0xE4)] = 4184
xi.synth_result_names_cp932[string.char(0x8B,0xE0,0x90,0xCE,0x82,0xCC,0x94,0xF2,0x97,0xB3,0x97,0xD8)] = 2358
xi.synth_result_names_cp932[string.char(0x8B,0xE0,0xE2,0xB0,0x96,0x5F)] = 17592
xi.synth_result_names_cp932[string.char(0x8B,0xE0,0x95,0xB2)] = 2508
xi.synth_result_names_cp932[string.char(0x8B,0xE0,0x8E,0x85)] = 823
xi.synth_result_names_cp932[string.char(0x8B,0xE0,0x8B,0x9B,0x94,0xAB)] = 103
xi.synth_result_names_cp932[string.char(0x92,0xDE,0x82,0xE8,0x90,0x6C,0x95,0xD9,0x93,0x96)] = 6381
xi.synth_result_names_cp932[string.char(0xE7,0xDE)] = 17795
xi.synth_result_names_cp932[string.char(0x93,0xDD,0x82,0xA2,0x8B,0xE0,0x8E,0x85)] = 1967
xi.synth_result_names_cp932[string.char(0x8A,0x62,0x93,0xEA)] = 1185
xi.synth_result_names_cp932[string.char(0x93,0x53,0x82,0xCC,0x96,0xEE)] = 17320
xi.synth_result_names_cp932[string.char(0x93,0x53,0x82,0xCC,0x96,0xEE,0x90,0x4B)] = 1216
xi.synth_result_names_cp932[string.char(0x93,0x53,0x90,0xCE,0x82,0xCC,0x8C,0xD3,0x93,0x8D)] = 726
xi.synth_result_names_cp932[string.char(0x93,0x53,0x8D,0xD3,0x96,0x5F)] = 17569
xi.synth_result_names_cp932[string.char(0x94,0xAB,0x8A,0xAA)] = 12456
xi.synth_result_names_cp932[string.char(0x8B,0xE2,0x82,0xCC,0x91,0xD1)] = 13205
xi.synth_result_names_cp932[string.char(0x8B,0xE2,0x82,0xCC,0x96,0xEE)] = 17321
xi.synth_result_names_cp932[string.char(0x8B,0xE2,0x82,0xCC,0x96,0xEE,0x90,0x4B)] = 1217
xi.synth_result_names_cp932[string.char(0x8B,0xE2,0x82,0xCC,0x94,0xAF,0x8F,0xFC,0x82,0xE8)] = 12495
xi.synth_result_names_cp932[string.char(0x8B,0xE2,0x8E,0xE9)] = 1813
xi.synth_result_names_cp932[string.char(0x8B,0xE2,0x8E,0x85)] = 822
xi.synth_result_names_cp932[string.char(0x8F,0x65,0x8E,0x6D,0x8C,0x95,0x2B,0x31)] = 17680
xi.synth_result_names_cp932[string.char(0x8F,0x65,0x8E,0x6D,0x90,0xED,0x96,0x5F,0x2B,0x31)] = 17539
xi.synth_result_names_cp932[string.char(0x8F,0x65,0x8E,0x6D,0x92,0xB7,0x8F,0x65,0x2B,0x31)] = 17269
xi.synth_result_names_cp932[string.char(0x93,0xBA,0x82,0xCC,0x94,0xAF,0x8F,0xFC,0x82,0xE8)] = 12496
xi.synth_result_names_cp932[string.char(0x89,0x73,0x82,0xA2,0x94,0x5D,0x8F,0x60)] = 17875
xi.synth_result_names_cp932[string.char(0x8D,0x7C,0x8D,0xD3,0x96,0x5F)] = 17596
xi.synth_result_names_cp932[string.char(0x8D,0x7C,0x93,0x53,0x8F,0x65,0x8E,0x6D,0x91,0xE0,0x99,0x68,0x2B,0x31)] = 13893
xi.synth_result_names_cp932[string.char(0x8D,0x7C,0x93,0x53,0x8F,0x65,0x8E,0x6D,0x91,0xE0,0x95,0x9E,0x2B,0x31)] = 14356
xi.synth_result_names_cp932[string.char(0x8D,0x7C,0x93,0x53,0x8F,0x65,0x8E,0x6D,0x91,0xE0,0x98,0x55,0x8E,0xE8,0x2B,0x31)] = 14035
xi.synth_result_names_cp932[string.char(0x8D,0x7C,0x93,0x53,0x8F,0x65,0x8E,0x6D,0x91,0xE0,0x8C,0xD2,0x93,0x96,0x2B,0x31)] = 14263
xi.synth_result_names_cp932[string.char(0x8D,0x7C,0x93,0x53,0x8F,0x65,0x8E,0x6D,0x91,0xE0,0x93,0xB7,0x8A,0x5A,0x2B,0x31)] = 14342
xi.synth_result_names_cp932[string.char(0x8D,0x7C,0x93,0x53,0x8F,0x65,0x8E,0x6D,0x91,0xE0,0x93,0x53,0x8C,0x43,0x2B,0x31)] = 14143
xi.synth_result_names_cp932[string.char(0x8B,0xD1,0x82,0xCC,0x91,0xD1)] = 13207
xi.synth_result_names_cp932[string.char(0x8B,0xD1,0x96,0xC8,0x96,0xD1)] = 1863
xi.synth_result_names_cp932[string.char(0x8B,0xD1,0x96,0xC8,0x97,0x72,0x82,0xCC,0x82,0xC8,0x82,0xDF,0x82,0xB5,0x8A,0x76)] = 1862
xi.synth_result_names_cp932[string.char(0x98,0x42,0x8B,0xE0,0x8F,0x70,0x8E,0x74,0x82,0xCC,0x90,0x85)] = 17882
xi.synth_result_names_cp932[string.char(0x98,0x42,0x8B,0xE0,0x8F,0x70,0x8E,0x74,0x82,0xCC,0x96,0xF2)] = 17913
xi.synth_result_names_cp932[string.char(0x8A,0x99,0x91,0x84)] = 16871
xi.synth_result_names_cp932[string.char(0x93,0x4C,0x96,0xEE)] = 17325
xi.synth_result_names_cp932[string.char(0x91,0x4D,0x8E,0x85)] = 2199
xi.synth_result_names_cp932[string.char(0x88,0xC5,0x82,0xCC,0x83,0x41,0x83,0x6A,0x83,0x7D)] = 1648
xi.synth_result_names_cp932[string.char(0x88,0xC5,0x82,0xCC,0x83,0x74,0x83,0x85,0x83,0x47,0x83,0x8B)] = 2791
xi.synth_result_names_cp932[string.char(0x88,0xC5,0x82,0xCC,0x95,0xF3,0x8E,0xEC)] = 1306
xi.synth_result_names_cp932[string.char(0x88,0xC5,0x8F,0x60)] = 17903
xi.synth_result_names_cp932[string.char(0x93,0xAC,0x90,0x9D)] = 18415
xi.synth_result_names_cp932[string.char(0x93,0xAC,0x8B,0x9B,0x94,0xAB)] = 222
xi.synth_result_names_cp932[string.char(0x88,0xA2,0x8F,0x43,0x97,0x85)] = 16962
xi.synth_result_names_cp932[string.char(0x95,0x8D,0x8E,0x71,0x93,0x81)] = 16907
xi.synth_result_names_cp932[string.char(0x90,0x77,0x91,0xBE,0x93,0x81)] = 16984
xi.synth_result_names_cp932[string.char(0x89,0x41,0x89,0xCE,0x96,0xF2)] = 1775
xi.synth_result_names_cp932[string.char(0x94,0xB9)] = 18420
xi.synth_result_names_cp932[string.char(0x8A,0xE5,0x8C,0xD2,0x96,0xEE,0x90,0x4B)] = 1416
xi.synth_result_names_cp932[string.char(0x97,0x59,0x97,0x72,0x82,0xCC,0x82,0xC8,0x82,0xDF,0x82,0xB5,0x8A,0x76)] = 851
xi.synth_result_names_cp932[string.char(0x97,0x59,0x97,0x72,0x82,0xCC,0x9D,0x9A,0x8A,0x76)] = 2012
xi.synth_result_names_cp932[string.char(0x97,0x59,0x94,0xF2,0x82,0xCC,0xE3,0xC5,0x90,0x89)] = 1834
xi.synth_result_names_cp932[string.char(0x8E,0x47,0x8E,0xCF)] = 5618
xi.synth_result_names_cp932[string.char(0x89,0x4A,0x8C,0xEE,0x92,0x8E)] = 2397
xi.synth_result_names_cp932[string.char(0x90,0xE1,0x8E,0x52,0x82,0xCC,0x83,0x8D,0x83,0x89,0x83,0x93,0x83,0x78,0x83,0x8A,0x81,0x5B)] = 4556
xi.synth_result_names_cp932[string.char(0x90,0xE1,0x8E,0x52,0x82,0xCC,0x8C,0x87,0x95,0x58)] = 6223
xi.synth_result_names_cp932[string.char(0x89,0x5F,0x90,0x9D)] = 17776
xi.synth_result_names_cp932[string.char(0x97,0x8B,0x82,0xCC,0x83,0x41,0x83,0x6A,0x83,0x7D)] = 1645
xi.synth_result_names_cp932[string.char(0x97,0x8B,0x82,0xCC,0x83,0x74,0x83,0x85,0x83,0x47,0x83,0x8B)] = 2788
xi.synth_result_names_cp932[string.char(0x97,0x8B,0x82,0xCC,0x95,0xF3,0x8E,0xEC)] = 1303
xi.synth_result_names_cp932[string.char(0x97,0x8B,0x82,0xCC,0x96,0xEE)] = 17324
xi.synth_result_names_cp932[string.char(0x97,0x8B,0x82,0xCC,0x96,0xEE,0x90,0x4B)] = 1220
xi.synth_result_names_cp932[string.char(0x97,0x8B,0x8C,0xF5,0x93,0x53)] = 2134
xi.synth_result_names_cp932[string.char(0x90,0x6B,0x93,0x56,0x97,0x8B)] = 17314
xi.synth_result_names_cp932[string.char(0x90,0xC2,0x90,0x46,0x82,0xCC,0x90,0xCE,0x94,0xAB)] = 3587
xi.synth_result_names_cp932[string.char(0x90,0xC3,0x93,0x81)] = 17797
xi.synth_result_names_cp932[string.char(0x90,0xC3,0x96,0xD9,0x96,0xF2)] = 5298
xi.synth_result_names_cp932[string.char(0x8A,0x76,0x82,0xCC,0x8F,0x82)] = 12294
xi.synth_result_names_cp932[string.char(0x90,0x78,0x94,0xE7,0x8E,0x86)] = 1134
xi.synth_result_names_cp932[string.char(0x8B,0xBF,0x82,0xDF,0x82,0xAD,0x94,0xF2,0xE5,0x9B,0x8F,0x60)] = 17898
xi.synth_result_names_cp932[string.char(0x93,0xAA,0x90,0xAC,0x8A,0x95)] = 12459
xi.synth_result_names_cp932[string.char(0x95,0x97,0x82,0xCC,0x83,0x41,0x83,0x6A,0x83,0x7D)] = 1643
xi.synth_result_names_cp932[string.char(0x95,0x97,0x82,0xCC,0x83,0x74,0x83,0x85,0x83,0x47,0x83,0x8B)] = 2786
xi.synth_result_names_cp932[string.char(0x95,0x97,0x82,0xCC,0x95,0xF3,0x8E,0xEC)] = 1301
xi.synth_result_names_cp932[string.char(0x95,0x97,0x82,0xCC,0x96,0xEE)] = 18700
xi.synth_result_names_cp932[string.char(0x95,0x97,0x82,0xCC,0x96,0xEE,0x90,0x4B)] = 2298
xi.synth_result_names_cp932[string.char(0x95,0x97,0x92,0x6D,0x91,0x90)] = 17911
xi.synth_result_names_cp932[string.char(0x95,0x97,0x8E,0xD4)] = 17309
xi.synth_result_names_cp932[string.char(0x95,0x97,0x96,0x82,0x8E,0xE8,0x97,0xA0,0x8C,0x95)] = 17304
xi.synth_result_names_cp932[string.char(0x94,0xF2,0x93,0x56,0x82,0xCC,0x94,0x92,0x8A,0x7E)] = 1673
xi.synth_result_names_cp932[string.char(0x94,0xF2,0x89,0x8D)] = 16915
xi.synth_result_names_cp932[string.char(0x94,0xF2,0x97,0xB3,0x82,0xCC,0x91,0x84)] = 16841
xi.synth_result_names_cp932[string.char(0x94,0xF2,0xE5,0x9B,0x8F,0x60)] = 17885
xi.synth_result_names_cp932[string.char(0x88,0xF9,0x97,0xBF,0x92,0x4D)] = 96
xi.synth_result_names_cp932[string.char(0x8F,0xFC,0x91,0xBE,0x93,0x81)] = 16972
xi.synth_result_names_cp932[string.char(0x8D,0x81,0x82,0xE9,0x83,0x5F,0x83,0x8B,0x83,0x81,0x83,0x8B,0x96,0xD1,0x94,0xE7)] = 2139
xi.synth_result_names_cp932[string.char(0x8D,0x81,0x82,0xE9,0x97,0x59,0x97,0x72,0x82,0xCC,0x96,0xD1,0x94,0xE7)] = 2140
xi.synth_result_names_cp932[string.char(0x8B,0x52,0x8E,0x6D,0x82,0xCC,0x90,0x94,0x8E,0xEC)] = 25453
xi.synth_result_names_cp932[string.char(0x8D,0x9C,0x82,0xCC,0x96,0xEE)] = 17319
xi.synth_result_names_cp932[string.char(0x8D,0x9C,0x82,0xCC,0x96,0xEE,0x90,0x4B)] = 1215
xi.synth_result_names_cp932[string.char(0x8D,0x9C,0x82,0xCC,0x94,0xAF,0x8F,0xFC,0x82,0xE8)] = 12505
xi.synth_result_names_cp932[string.char(0x8A,0x5B,0x8D,0x9C,0x96,0xF2)] = 5351
xi.synth_result_names_cp932[string.char(0x96,0xA3,0x97,0xB9,0x82,0xCC,0x96,0xF2)] = 4211
xi.synth_result_names_cp932[string.char(0x96,0xA3,0x98,0x66,0x82,0xCC,0x8B,0xE0,0x91,0xD1)] = 15461
xi.synth_result_names_cp932[string.char(0x96,0xA3,0x98,0x66,0x82,0xCC,0x8B,0xD1,0x91,0xD1)] = 15862
xi.synth_result_names_cp932[string.char(0x96,0x82,0x90,0x6C,0x82,0xCC,0x96,0xEE,0x90,0x4B)] = 1251
xi.synth_result_names_cp932[string.char(0x96,0x82,0x8C,0xF5,0x91,0x90)] = 362
xi.synth_result_names_cp932[string.char(0x96,0x82,0x97,0xCD,0x82,0xCC,0x8E,0x52,0x8C,0x49)] = 2133
xi.synth_result_names_cp932[string.char(0x96,0x82,0x97,0xCD,0x82,0xCC,0x97,0x6B,0x96,0xF6)] = 2132
xi.synth_result_names_cp932[string.char(0x96,0x82,0x96,0x40,0x82,0xCC,0x83,0x43,0x83,0x93,0x83,0x4E)] = 2774
xi.synth_result_names_cp932[string.char(0x96,0x82,0x96,0x40,0x82,0xCC,0x88,0x9F,0x96,0x83,0x95,0x7A)] = 1964
xi.synth_result_names_cp932[string.char(0x96,0x82,0x96,0x40,0x82,0xCC,0x96,0xD8,0x96,0xC8,0x95,0x7A)] = 1963
xi.synth_result_names_cp932[string.char(0x96,0x82,0x96,0x40,0x82,0xCC,0x8C,0xA6,0x95,0x7A)] = 1965
xi.synth_result_names_cp932[string.char(0x96,0x82,0x8A,0x70,0x82,0xCC,0x94,0xAF,0x8F,0xFC,0x82,0xE8)] = 15269
xi.synth_result_names_cp932[string.char(0x96,0x82,0x8F,0x9C,0x82,0xAF,0x82,0xCC,0x91,0xD1)] = 15881
xi.synth_result_names_cp932[string.char(0x96,0x82,0x8D,0x9C,0x82,0xCC,0x94,0xAF,0x8F,0xFC,0x82,0xE8)] = 15268
xi.synth_result_names_cp932[string.char(0x96,0x82,0x96,0xA3,0x82,0xCC,0x96,0xD8,0x96,0xC8,0x95,0x7A)] = 2138
xi.synth_result_names_cp932[string.char(0x8B,0x9B,0x82,0xCC,0x97,0xD8)] = 864
xi.synth_result_names_cp932[string.char(0x8B,0x9B,0x8F,0x60)] = 17876
xi.synth_result_names_cp932[string.char(0x8B,0x9B,0x8F,0xDD,0x8F,0x60)] = 17908
xi.synth_result_names_cp932[string.char(0xE9,0xBB,0xE9,0xDF,0x93,0xE7)] = 5611
xi.synth_result_names_cp932[string.char(0x8D,0xF8,0x82,0xA8,0x82,0xC9,0x82,0xAC,0x82,0xE8)] = 4590
xi.synth_result_names_cp932[string.char(0x92,0xB9,0x82,0xCC,0x96,0xEE,0x89,0x48,0x8D,0xAA)] = 1223
xi.synth_result_names_cp932[string.char(0x89,0xA9,0x90,0x46,0x82,0xCC,0x90,0xCE,0x94,0xAB)] = 3588
xi.synth_result_names_cp932[string.char(0x89,0xA9,0x8B,0xE0,0x82,0xCC,0x96,0xEE)] = 17317
xi.synth_result_names_cp932[string.char(0x89,0xA9,0x8B,0xE0,0x82,0xCC,0x96,0xEE,0x90,0x4B)] = 1961
xi.synth_result_names_cp932[string.char(0x89,0xA9,0x93,0xBA,0x82,0xCC,0x90,0x41,0x96,0xD8,0x94,0xAB)] = 217
xi.synth_result_names_cp932[string.char(0x89,0xA9,0x93,0xBA,0x82,0xCC,0x94,0xAF,0x8F,0xFC,0x82,0xE8)] = 12497
xi.synth_result_names_cp932[string.char(0x8D,0x95,0x83,0x43,0x83,0x93,0x83,0x4E)] = 929
xi.synth_result_names_cp932[string.char(0x8D,0x95,0x83,0x60,0x83,0x87,0x83,0x52,0x83,0x7B,0x82,0xCC,0x96,0xEE,0x89,0x48,0x8D,0xAA)] = 1254
xi.synth_result_names_cp932[string.char(0x8D,0x95,0x83,0x70,0x83,0x93)] = 4364
xi.synth_result_names_cp932[string.char(0x8D,0x95,0x88,0xEA,0x8A,0x70,0x8F,0x62,0x82,0xCC,0x90,0xCE,0x93,0xCB)] = 2735
xi.synth_result_names_cp932[string.char(0x8D,0x95,0x97,0x6A,0x90,0xCE,0x82,0xCC,0x96,0xEE,0x90,0x4B)] = 2547
xi.synth_result_names_cp932[string.char(0x8D,0x95,0x8C,0xD5,0x82,0xCC,0x82,0xC8,0x82,0xDF,0x82,0xB5,0x8A,0x76)] = 855
xi.synth_result_names_cp932[string.char(0x8D,0x95,0x93,0x53,0x82,0xCC,0x8D,0x41,0x97,0xD6)] = 13088
xi.synth_result_names_cp932[string.char(0x96,0xD9,0x93,0x81)] = 16906
xi.synth_result_names_cp932[string.char(0x97,0xB4,0x82,0xCC,0x8C,0x8C)] = 1133
xi.synth_result_names_cp932[string.char(0x82,0x60,0x81,0x44,0x83,0x8A,0x83,0x79,0x83,0x41,0x83,0x4C,0x83,0x62,0x83,0x67,0x49,0x49)] = 2265
xi.synth_result_names_cp932[string.char(0x82,0x61,0x82,0x61,0x82,0x64,0x83,0x73,0x83,0x5E)] = 5892
xi.synth_result_names_cp932[string.char(0x82,0x67,0x81,0x44,0x83,0x4C,0x83,0x83,0x83,0x70,0x83,0x56,0x83,0x5E,0x81,0x5B,0x49,0x49)] = 9132
xi.synth_result_names_cp932[string.char(0x82,0x67,0x81,0x44,0x83,0x5F,0x83,0x93,0x83,0x76,0x83,0x65,0x83,0x42)] = 5683
xi.synth_result_names_cp932[string.char(0x82,0x67,0x81,0x44,0x83,0x70,0x81,0x5B,0x83,0x65,0x83,0x42,0x83,0x56,0x83,0x87,0x83,0x93)] = 352
xi.synth_result_names_cp932[string.char(0x82,0x6F,0x81,0x44,0x83,0x58,0x83,0x67,0x83,0x8A,0x83,0x93,0x83,0x4B,0x81,0x5B)] = 21456
xi.synth_result_names_cp932[string.char(0x82,0x6F,0x81,0x44,0x83,0x58,0x83,0x67,0x83,0x8A,0x83,0x93,0x83,0x4B,0x81,0x5B,0x49,0x49)] = 21458
xi.synth_result_names_cp932[string.char(0x82,0x72,0x81,0x44,0x83,0x41,0x83,0x75,0x83,0x5C,0x81,0x5B,0x83,0x6F,0x81,0x5B)] = 2250
xi.synth_result_names_cp932[string.char(0x82,0x72,0x81,0x44,0x83,0x41,0x83,0x93,0x83,0x60,0x83,0x87,0x83,0x72,0x83,0x73,0x83,0x55)] = 6217
xi.synth_result_names_cp932[string.char(0x82,0x72,0x81,0x44,0x83,0x58,0x83,0x4E,0x83,0x8A,0x81,0x5B,0x83,0x93,0x49,0x49)] = 9043
xi.synth_result_names_cp932[string.char(0x82,0x72,0x81,0x44,0x83,0x79,0x83,0x70,0x83,0x8D,0x83,0x6A,0x83,0x73,0x83,0x55)] = 6215
xi.synth_result_names_cp932[string.char(0x82,0x72,0x81,0x44,0x83,0x7D,0x83,0x8A,0x83,0x69,0x81,0x5B,0x83,0x89,0x83,0x73,0x83,0x55)] = 6211
xi.synth_result_names_cp932[string.char(0x82,0x72,0x81,0x44,0x83,0x7D,0x83,0x8B,0x83,0x51,0x83,0x8A,0x81,0x5B,0x83,0x5E)] = 6213
xi.synth_result_names_cp932[string.char(0x82,0x73,0x81,0x44,0x83,0x58,0x83,0x76,0x83,0x8A,0x83,0x93,0x83,0x4F)] = 2239
xi.synth_result_names_cp932[string.char(0x82,0x73,0x81,0x44,0x83,0x58,0x83,0x76,0x83,0x8A,0x83,0x93,0x83,0x4F,0x49,0x49)] = 2241
xi.synth_result_names_cp932[string.char(0x82,0x73,0x81,0x44,0x83,0x58,0x83,0x76,0x83,0x8A,0x83,0x93,0x83,0x4F,0x49,0x49,0x49)] = 9033
xi.synth_result_names_cp932[string.char(0x82,0x73,0x81,0x44,0x83,0x58,0x83,0x76,0x83,0x8A,0x83,0x93,0x83,0x4F,0x49,0x56)] = 9131
xi.synth_result_names_cp932[string.char(0x82,0x73,0x81,0x44,0x83,0x58,0x83,0x76,0x83,0x8A,0x83,0x93,0x83,0x4F,0x56)] = 9880
xi.synth_result_names_cp932[string.char(0x82,0x73,0x81,0x44,0x83,0x60,0x83,0x83,0x81,0x5B,0x83,0x57,0x83,0x83,0x81,0x5B,0x49,0x49)] = 2415
xi.synth_result_names_cp932[string.char(0x82,0x73,0x81,0x44,0x83,0x67,0x83,0x7D,0x83,0x7A,0x81,0x5B,0x83,0x4E)] = 18258
xi.synth_result_names_cp932[string.char(0x82,0x75,0x81,0x44,0x83,0x60,0x83,0x85,0x81,0x5B,0x83,0x75,0x49,0x49)] = 2416
xi.synth_result_id_to_name_cp932[1] = string.char(0x83,0x60,0x83,0x87,0x83,0x52,0x83,0x7B,0x82,0xCC,0x90,0x51,0x83,0x8F,0x83,0x89)
xi.synth_result_id_to_name_cp932[2] = string.char(0x91,0x65,0x96,0x96,0x82,0xC8,0x90,0x51,0x91,0xE4)
xi.synth_result_id_to_name_cp932[3] = string.char(0x83,0x49,0x81,0x5B,0x83,0x4E,0x83,0x78,0x83,0x62,0x83,0x68)
xi.synth_result_id_to_name_cp932[4] = string.char(0x83,0x7D,0x83,0x7A,0x83,0x4B,0x83,0x6A,0x81,0x5B,0x83,0x78,0x83,0x62,0x83,0x68)
xi.synth_result_id_to_name_cp932[5] = string.char(0x83,0x75,0x83,0x8D,0x83,0x93,0x83,0x59,0x83,0x78,0x83,0x62,0x83,0x68)
xi.synth_result_id_to_name_cp932[6] = string.char(0x83,0x6D,0x81,0x5B,0x83,0x75,0x83,0x8B,0x83,0x78,0x83,0x62,0x83,0x68)
xi.synth_result_id_to_name_cp932[8] = string.char(0x83,0x8D,0x83,0x43,0x83,0x84,0x83,0x8B,0x83,0x78,0x83,0x62,0x83,0x68)
xi.synth_result_id_to_name_cp932[21] = string.char(0x95,0xB6,0x8A,0xF7)
xi.synth_result_id_to_name_cp932[22] = string.char(0x8D,0xEC,0x8B,0xC6,0x91,0xE4)
xi.synth_result_id_to_name_cp932[23] = string.char(0x83,0x81,0x81,0x5B,0x83,0x76,0x83,0x8B,0x83,0x65,0x81,0x5B,0x83,0x75,0x83,0x8B)
xi.synth_result_id_to_name_cp932[24] = string.char(0x83,0x49,0x81,0x5B,0x83,0x4E,0x83,0x65,0x81,0x5B,0x83,0x75,0x83,0x8B)
xi.synth_result_id_to_name_cp932[26] = string.char(0x83,0x5E,0x83,0x8B,0x83,0x5E,0x83,0x8B,0x83,0x66,0x83,0x58,0x83,0x4E)
xi.synth_result_id_to_name_cp932[29] = string.char(0x83,0x58,0x83,0x4E,0x83,0x8C,0x83,0x65,0x81,0x5B,0x83,0x8B)
xi.synth_result_id_to_name_cp932[30] = string.char(0x83,0x72,0x83,0x85,0x81,0x5B,0x83,0x8D,0x81,0x5B)
xi.synth_result_id_to_name_cp932[32] = string.char(0x83,0x68,0x83,0x8C,0x83,0x62,0x83,0x54,0x81,0x5B)
xi.synth_result_id_to_name_cp932[33] = string.char(0x83,0x7E,0x83,0x8A,0x83,0x49,0x83,0x6C,0x83,0x89,0x83,0x66,0x83,0x58,0x83,0x4E)
xi.synth_result_id_to_name_cp932[43] = string.char(0x8D,0x73,0x97,0x9B)
xi.synth_result_id_to_name_cp932[49] = string.char(0x83,0x52,0x83,0x62,0x83,0x74,0x83,0x40,0x81,0x5B)
xi.synth_result_id_to_name_cp932[51] = string.char(0x83,0x60,0x83,0x46,0x83,0x58,0x83,0x67)
xi.synth_result_id_to_name_cp932[55] = string.char(0x83,0x4C,0x83,0x83,0x83,0x72,0x83,0x6C,0x83,0x62,0x83,0x67)
xi.synth_result_id_to_name_cp932[56] = string.char(0x83,0x52,0x83,0x82,0x81,0x5B,0x83,0x68)
xi.synth_result_id_to_name_cp932[59] = string.char(0x83,0x56,0x83,0x74,0x83,0x48,0x83,0x6A,0x83,0x47)
xi.synth_result_id_to_name_cp932[61] = string.char(0x83,0x41,0x83,0x8B,0x83,0x82,0x83,0x41,0x81,0x5B,0x83,0x8B)
xi.synth_result_id_to_name_cp932[76] = string.char(0x83,0x75,0x83,0x62,0x83,0x4E,0x83,0x58,0x83,0x67,0x83,0x62,0x83,0x4A,0x81,0x5B)
xi.synth_result_id_to_name_cp932[77] = string.char(0x83,0x75,0x83,0x62,0x83,0x4E,0x83,0x56,0x83,0x46,0x83,0x8B,0x83,0x74)
xi.synth_result_id_to_name_cp932[92] = string.char(0x83,0x5E,0x83,0x8B,0x83,0x5E,0x83,0x8B,0x83,0x58,0x83,0x63,0x81,0x5B,0x83,0x8B)
xi.synth_result_id_to_name_cp932[95] = string.char(0x92,0x4D)
xi.synth_result_id_to_name_cp932[96] = string.char(0x88,0xF9,0x97,0xBF,0x92,0x4D)
xi.synth_result_id_to_name_cp932[97] = string.char(0x8C,0xA9,0x91,0xE4)
xi.synth_result_id_to_name_cp932[98] = string.char(0x83,0x56,0x83,0x7E,0x83,0x5E,0x81,0x5B,0x83,0x4A,0x83,0x4E,0x83,0x5E,0x83,0x58)
xi.synth_result_id_to_name_cp932[99] = string.char(0x83,0x47,0x83,0x8B,0x83,0x56,0x83,0x82,0x83,0x70,0x81,0x5B,0x83,0x80)
xi.synth_result_id_to_name_cp932[102] = string.char(0x89,0xD4,0x91,0xE4)
xi.synth_result_id_to_name_cp932[103] = string.char(0x8B,0xE0,0x8B,0x9B,0x94,0xAB)
xi.synth_result_id_to_name_cp932[104] = string.char(0x83,0x5E,0x83,0x8B,0x83,0x5E,0x83,0x8B,0x9B,0xA0,0x95,0x97)
xi.synth_result_id_to_name_cp932[120] = string.char(0x83,0x41,0x83,0x4E,0x83,0x41,0x83,0x8A,0x83,0x45,0x83,0x80,0x81,0x6B,0x89,0xCD,0x81,0x6C)
xi.synth_result_id_to_name_cp932[121] = string.char(0x83,0x41,0x83,0x4E,0x83,0x41,0x83,0x8A,0x83,0x45,0x83,0x80,0x81,0x6B,0x8A,0x43,0x81,0x6C)
xi.synth_result_id_to_name_cp932[122] = string.char(0x83,0x41,0x83,0x7E,0x81,0x5B,0x83,0x8B,0x83,0x78,0x83,0x62,0x83,0x68)
xi.synth_result_id_to_name_cp932[123] = string.char(0x83,0x41,0x83,0x65,0x83,0x6A,0x83,0x47,0x83,0x93,0x83,0x6B)
xi.synth_result_id_to_name_cp932[124] = string.char(0x83,0x8F,0x81,0x5B,0x83,0x68,0x83,0x8D,0x81,0x5B,0x83,0x75)
xi.synth_result_id_to_name_cp932[126] = string.char(0x83,0x74,0x83,0x40,0x83,0x8B,0x83,0x56,0x83,0x83,0x83,0x80,0x83,0x78,0x81,0x5B,0x83,0x58)
xi.synth_result_id_to_name_cp932[127] = string.char(0x83,0x52,0x81,0x5B,0x83,0x71,0x81,0x5B,0x83,0x65,0x81,0x5B,0x83,0x75,0x83,0x8B)
xi.synth_result_id_to_name_cp932[128] = string.char(0x83,0x52,0x83,0x93,0x83,0x5C,0x81,0x5B,0x83,0x8B)
xi.synth_result_id_to_name_cp932[130] = string.char(0x83,0x7D,0x81,0x5B,0x83,0x75,0x83,0x8B,0x83,0x78,0x83,0x62,0x83,0x68)
xi.synth_result_id_to_name_cp932[139] = string.char(0x93,0x56,0x8B,0x85,0x8B,0x56)
xi.synth_result_id_to_name_cp932[143] = string.char(0x83,0x93,0x83,0x53,0x83,0x7D)
xi.synth_result_id_to_name_cp932[144] = string.char(0x83,0x50,0x81,0x5B,0x83,0x5C,0x83,0x93)
xi.synth_result_id_to_name_cp932[145] = string.char(0x83,0x58,0x83,0x8A,0x83,0x75,0x83,0x8B)
xi.synth_result_id_to_name_cp932[146] = string.char(0x83,0x8F,0x83,0x89,0x81,0x5B,0x83,0x89,0x8D,0x81,0x98,0x46)
xi.synth_result_id_to_name_cp932[147] = string.char(0x83,0x41,0x83,0x8B,0x83,0x55,0x83,0x72,0x83,0x5E,0x83,0x73,0x83,0x58,0x83,0x67,0x83,0x8A)
xi.synth_result_id_to_name_cp932[148] = string.char(0x83,0x4A,0x83,0x8B,0x83,0x67,0x83,0x6A,0x83,0x47)
xi.synth_result_id_to_name_cp932[149] = string.char(0x8E,0xC0,0x8C,0xB1,0x8B,0xEF,0x88,0xEA,0x8E,0xAE)
xi.synth_result_id_to_name_cp932[150] = string.char(0x83,0x8C,0x83,0x55,0x81,0x5B,0x83,0x7C,0x83,0x62,0x83,0x67)
xi.synth_result_id_to_name_cp932[186] = string.char(0x83,0x56,0x81,0x5B,0x83,0x8B,0x83,0x68,0x83,0x76,0x83,0x89,0x81,0x5B,0x83,0x4E)
xi.synth_result_id_to_name_cp932[187] = string.char(0x83,0x6F,0x83,0x62,0x83,0x4E,0x83,0x89,0x81,0x5B,0x83,0x76,0x83,0x89,0x81,0x5B,0x83,0x4E)
xi.synth_result_id_to_name_cp932[195] = string.char(0x8A,0x43,0x90,0x5F,0x82,0xCC,0x8B,0xF9)
xi.synth_result_id_to_name_cp932[200] = string.char(0x83,0x63,0x83,0x40,0x83,0x84,0x83,0x93,0x83,0x7D,0x83,0x58,0x83,0x4E)
xi.synth_result_id_to_name_cp932[201] = string.char(0x83,0x67,0x81,0x5B,0x83,0x65,0x83,0x80,0x83,0x7C,0x81,0x5B,0x83,0x8B)
xi.synth_result_id_to_name_cp932[207] = string.char(0x83,0x74,0x83,0x40,0x83,0x43,0x83,0x41,0x83,0x89,0x83,0x93,0x83,0x76)
xi.synth_result_id_to_name_cp932[208] = string.char(0x83,0x41,0x83,0x43,0x83,0x58,0x83,0x89,0x83,0x93,0x83,0x76)
xi.synth_result_id_to_name_cp932[209] = string.char(0x83,0x45,0x83,0x42,0x83,0x93,0x83,0x68,0x83,0x89,0x83,0x93,0x83,0x76)
xi.synth_result_id_to_name_cp932[210] = string.char(0x83,0x41,0x81,0x5B,0x83,0x58,0x83,0x89,0x83,0x93,0x83,0x76)
xi.synth_result_id_to_name_cp932[211] = string.char(0x83,0x54,0x83,0x93,0x83,0x5F,0x81,0x5B,0x83,0x89,0x83,0x93,0x83,0x76)
xi.synth_result_id_to_name_cp932[212] = string.char(0x83,0x45,0x83,0x48,0x81,0x5B,0x83,0x5E,0x83,0x89,0x83,0x93,0x83,0x76)
xi.synth_result_id_to_name_cp932[213] = string.char(0x83,0x89,0x83,0x43,0x83,0x67,0x83,0x89,0x83,0x93,0x83,0x76)
xi.synth_result_id_to_name_cp932[214] = string.char(0x83,0x5F,0x81,0x5B,0x83,0x4E,0x83,0x89,0x83,0x93,0x83,0x76)
xi.synth_result_id_to_name_cp932[216] = string.char(0x8E,0xA5,0x8A,0xED,0x82,0xCC,0x90,0x41,0x96,0xD8,0x94,0xAB)
xi.synth_result_id_to_name_cp932[217] = string.char(0x89,0xA9,0x93,0xBA,0x82,0xCC,0x90,0x41,0x96,0xD8,0x94,0xAB)
xi.synth_result_id_to_name_cp932[222] = string.char(0x93,0xAC,0x8B,0x9B,0x94,0xAB)
xi.synth_result_id_to_name_cp932[223] = string.char(0x83,0x41,0x83,0x4E,0x83,0x41,0x83,0x8A,0x83,0x45,0x83,0x80,0x81,0x6B,0x90,0xEC,0x81,0x6C)
xi.synth_result_id_to_name_cp932[224] = string.char(0x83,0x41,0x83,0x4E,0x83,0x41,0x83,0x8A,0x83,0x45,0x83,0x80,0x81,0x6B,0x98,0x70,0x81,0x6C)
xi.synth_result_id_to_name_cp932[225] = string.char(0x83,0x41,0x83,0x4E,0x83,0x41,0x83,0x8A,0x83,0x45,0x83,0x80,0x81,0x6B,0x8F,0xCA,0x81,0x6C)
xi.synth_result_id_to_name_cp932[314] = string.char(0x39,0x44,0x83,0x41,0x83,0x8B,0x83,0x7E,0x83,0x89,0x81,0x5B)
xi.synth_result_id_to_name_cp932[315] = string.char(0x36,0x44,0x83,0x41,0x83,0x8B,0x83,0x7E,0x83,0x89,0x81,0x5B)
xi.synth_result_id_to_name_cp932[316] = string.char(0x33,0x44,0x83,0x41,0x83,0x8B,0x83,0x7E,0x83,0x89,0x81,0x5B)
xi.synth_result_id_to_name_cp932[318] = string.char(0x83,0x4E,0x83,0x8A,0x83,0x58,0x83,0x5E,0x83,0x8B,0x83,0x74,0x83,0x89,0x83,0x8F,0x81,0x5B)
xi.synth_result_id_to_name_cp932[319] = string.char(0x83,0x56,0x83,0x46,0x83,0x8B,0x83,0x89,0x83,0x93,0x83,0x76)
xi.synth_result_id_to_name_cp932[322] = string.char(0x83,0x7A,0x81,0x5B,0x83,0x93,0x83,0x67,0x83,0x8D,0x83,0x74,0x83,0x42,0x81,0x5B)
xi.synth_result_id_to_name_cp932[326] = string.char(0x83,0x7A,0x83,0x72,0x81,0x5B,0x83,0x60,0x83,0x87,0x83,0x52,0x83,0x7B,0x3A,0x89,0xA9)
xi.synth_result_id_to_name_cp932[327] = string.char(0x83,0x7A,0x83,0x72,0x81,0x5B,0x83,0x60,0x83,0x87,0x83,0x52,0x83,0x7B,0x3A,0x90,0xD4)
xi.synth_result_id_to_name_cp932[328] = string.char(0x83,0x7A,0x83,0x72,0x81,0x5B,0x83,0x60,0x83,0x87,0x83,0x52,0x83,0x7B,0x3A,0x8D,0x95)
xi.synth_result_id_to_name_cp932[329] = string.char(0x83,0x7A,0x83,0x72,0x81,0x5B,0x83,0x60,0x83,0x87,0x83,0x52,0x83,0x7B,0x3A,0x90,0xC2)
xi.synth_result_id_to_name_cp932[330] = string.char(0x83,0x7A,0x83,0x72,0x81,0x5B,0x83,0x60,0x83,0x87,0x83,0x52,0x83,0x7B,0x3A,0x97,0xCE)
xi.synth_result_id_to_name_cp932[331] = string.char(0x83,0x45,0x83,0x42,0x83,0x93,0x83,0x4F,0x83,0x41,0x83,0x8B,0x83,0x5E,0x81,0x5B)
xi.synth_result_id_to_name_cp932[333] = string.char(0x83,0x45,0x83,0x42,0x83,0x93,0x83,0x4F,0x83,0x6F,0x83,0x89,0x83,0x93,0x83,0x58)
xi.synth_result_id_to_name_cp932[343] = string.char(0x83,0x6E,0x81,0x5B,0x83,0x76,0x83,0x58,0x83,0x63,0x81,0x5B,0x83,0x8B)
xi.synth_result_id_to_name_cp932[348] = string.char(0x83,0x7D,0x81,0x5B,0x83,0x75,0x83,0x8B,0x83,0x76,0x83,0x89,0x83,0x62,0x83,0x4E)
xi.synth_result_id_to_name_cp932[349] = string.char(0x89,0xA4,0x8D,0x91,0x8C,0x52,0x8E,0xAE,0x8F,0x5D,0x8E,0xD2,0x90,0x51,0x91,0xE4)
xi.synth_result_id_to_name_cp932[350] = string.char(0x8B,0xA4,0x98,0x61,0x8D,0x91,0x8C,0x52,0x8E,0xAE,0x95,0xBA,0x88,0xF5,0x90,0x51,0x91,0xE4)
xi.synth_result_id_to_name_cp932[351] = string.char(0x98,0x41,0x96,0x4D,0x8C,0x52,0x8E,0xAE,0x97,0x62,0x95,0xBA,0x92,0xDD,0x8F,0xB0)
xi.synth_result_id_to_name_cp932[352] = string.char(0x82,0x67,0x81,0x44,0x83,0x70,0x81,0x5B,0x83,0x65,0x83,0x42,0x83,0x56,0x83,0x87,0x83,0x93)
xi.synth_result_id_to_name_cp932[353] = string.char(0x83,0x58,0x83,0x79,0x83,0x93,0x83,0x58)
xi.synth_result_id_to_name_cp932[354] = string.char(0x83,0x75,0x83,0x62,0x83,0x4E,0x83,0x58,0x83,0x5E,0x83,0x62,0x83,0x4E)
xi.synth_result_id_to_name_cp932[355] = string.char(0x83,0x75,0x83,0x8C,0x83,0x62,0x83,0x68,0x83,0x4E,0x83,0x8D,0x83,0x62,0x83,0x4E)
xi.synth_result_id_to_name_cp932[357] = string.char(0x83,0x70,0x81,0x5B,0x83,0x65,0x83,0x42,0x83,0x56,0x83,0x87,0x83,0x93)
xi.synth_result_id_to_name_cp932[358] = string.char(0x83,0x4E,0x83,0x8A,0x83,0x66,0x83,0x93,0x83,0x55)
xi.synth_result_id_to_name_cp932[359] = string.char(0x83,0x6F,0x83,0x45,0x81,0x5B)
xi.synth_result_id_to_name_cp932[360] = string.char(0x83,0x7D,0x83,0x67,0x83,0x4A,0x81,0x5B)
xi.synth_result_id_to_name_cp932[361] = string.char(0x83,0x4B,0x83,0x8A,0x83,0x7C,0x83,0x62,0x83,0x67)
xi.synth_result_id_to_name_cp932[362] = string.char(0x96,0x82,0x8C,0xF5,0x91,0x90)
xi.synth_result_id_to_name_cp932[363] = string.char(0x83,0x4A,0x83,0x4E,0x83,0x67,0x83,0x41,0x83,0x7E,0x81,0x5B,0x83,0x53)
xi.synth_result_id_to_name_cp932[364] = string.char(0x83,0x4A,0x83,0x4E,0x83,0x67,0x83,0x41,0x83,0x7E,0x81,0x5B,0x83,0x4B)
xi.synth_result_id_to_name_cp932[368] = string.char(0x89,0xA4,0x8D,0x91,0x8E,0xAE,0x83,0x65,0x83,0x42,0x81,0x5B,0x83,0x5A,0x83,0x62,0x83,0x67)
xi.synth_result_id_to_name_cp932[369] = string.char(0x8B,0xA4,0x98,0x61,0x8E,0xAE,0x83,0x65,0x83,0x42,0x81,0x5B,0x83,0x5A,0x83,0x62,0x83,0x67)
xi.synth_result_id_to_name_cp932[370] = string.char(0x98,0x41,0x96,0x4D,0x8E,0xAE,0x83,0x65,0x83,0x42,0x81,0x5B,0x83,0x5A,0x83,0x62,0x83,0x67)
xi.synth_result_id_to_name_cp932[371] = string.char(0x83,0x6F,0x83,0x5E,0x83,0x74,0x83,0x89,0x83,0x43,0x83,0x50,0x81,0x5B,0x83,0x57)
xi.synth_result_id_to_name_cp932[372] = string.char(0x83,0x4E,0x83,0x8A,0x83,0x50,0x83,0x62,0x83,0x67,0x83,0x50,0x81,0x5B,0x83,0x57)
xi.synth_result_id_to_name_cp932[373] = string.char(0x83,0x4F,0x83,0x8D,0x83,0x45,0x83,0x74,0x83,0x89,0x83,0x43,0x83,0x50,0x81,0x5B,0x83,0x57)
xi.synth_result_id_to_name_cp932[374] = string.char(0x83,0x70,0x81,0x5B,0x83,0x4E,0x83,0x8D,0x81,0x5B,0x83,0x59)
xi.synth_result_id_to_name_cp932[378] = string.char(0x42,0x39,0x44,0x83,0x41,0x83,0x8B,0x83,0x7E,0x83,0x89,0x81,0x5B)
xi.synth_result_id_to_name_cp932[379] = string.char(0x42,0x36,0x44,0x83,0x41,0x83,0x8B,0x83,0x7E,0x83,0x89,0x81,0x5B)
xi.synth_result_id_to_name_cp932[380] = string.char(0x42,0x33,0x44,0x83,0x41,0x83,0x8B,0x83,0x7E,0x83,0x89,0x81,0x5B)
xi.synth_result_id_to_name_cp932[381] = string.char(0x47,0x39,0x44,0x83,0x41,0x83,0x8B,0x83,0x7E,0x83,0x89,0x81,0x5B)
xi.synth_result_id_to_name_cp932[382] = string.char(0x47,0x36,0x44,0x83,0x41,0x83,0x8B,0x83,0x7E,0x83,0x89,0x81,0x5B)
xi.synth_result_id_to_name_cp932[383] = string.char(0x47,0x33,0x44,0x83,0x41,0x83,0x8B,0x83,0x7E,0x83,0x89,0x81,0x5B)
xi.synth_result_id_to_name_cp932[384] = string.char(0x59,0x39,0x44,0x83,0x41,0x83,0x8B,0x83,0x7E,0x83,0x89,0x81,0x5B)
xi.synth_result_id_to_name_cp932[385] = string.char(0x59,0x36,0x44,0x83,0x41,0x83,0x8B,0x83,0x7E,0x83,0x89,0x81,0x5B)
xi.synth_result_id_to_name_cp932[386] = string.char(0x59,0x33,0x44,0x83,0x41,0x83,0x8B,0x83,0x7E,0x83,0x89,0x81,0x5B)
xi.synth_result_id_to_name_cp932[387] = string.char(0x57,0x39,0x44,0x83,0x41,0x83,0x8B,0x83,0x7E,0x83,0x89,0x81,0x5B)
xi.synth_result_id_to_name_cp932[388] = string.char(0x57,0x36,0x44,0x83,0x41,0x83,0x8B,0x83,0x7E,0x83,0x89,0x81,0x5B)
xi.synth_result_id_to_name_cp932[389] = string.char(0x57,0x33,0x44,0x83,0x41,0x83,0x8B,0x83,0x7E,0x83,0x89,0x81,0x5B)
xi.synth_result_id_to_name_cp932[394] = string.char(0x83,0x5E,0x83,0x8B,0x83,0x5E,0x83,0x8B,0x83,0x66,0x83,0x58,0x83,0x4E,0x82,0x61)
xi.synth_result_id_to_name_cp932[395] = string.char(0x83,0x5E,0x83,0x8B,0x83,0x5E,0x83,0x8B,0x83,0x66,0x83,0x58,0x83,0x4E,0x82,0x66)
xi.synth_result_id_to_name_cp932[396] = string.char(0x83,0x5E,0x83,0x8B,0x83,0x5E,0x83,0x8B,0x83,0x66,0x83,0x58,0x83,0x4E,0x82,0x78)
xi.synth_result_id_to_name_cp932[397] = string.char(0x83,0x5E,0x83,0x8B,0x83,0x5E,0x83,0x8B,0x83,0x66,0x83,0x58,0x83,0x4E,0x82,0x76)
xi.synth_result_id_to_name_cp932[402] = string.char(0x83,0x6D,0x81,0x5B,0x83,0x75,0x83,0x8B,0x83,0x78,0x83,0x62,0x83,0x68,0x82,0x61)
xi.synth_result_id_to_name_cp932[403] = string.char(0x83,0x6D,0x81,0x5B,0x83,0x75,0x83,0x8B,0x83,0x78,0x83,0x62,0x83,0x68,0x82,0x66)
xi.synth_result_id_to_name_cp932[404] = string.char(0x83,0x6D,0x81,0x5B,0x83,0x75,0x83,0x8B,0x83,0x78,0x83,0x62,0x83,0x68,0x82,0x78)
xi.synth_result_id_to_name_cp932[405] = string.char(0x83,0x6D,0x81,0x5B,0x83,0x75,0x83,0x8B,0x83,0x78,0x83,0x62,0x83,0x68,0x82,0x76)
xi.synth_result_id_to_name_cp932[406] = string.char(0x83,0x5E,0x83,0x8B,0x83,0x5E,0x83,0x8B,0x9B,0xA0,0x95,0x97,0x82,0x61)
xi.synth_result_id_to_name_cp932[407] = string.char(0x83,0x5E,0x83,0x8B,0x83,0x5E,0x83,0x8B,0x9B,0xA0,0x95,0x97,0x82,0x66)
xi.synth_result_id_to_name_cp932[408] = string.char(0x83,0x5E,0x83,0x8B,0x83,0x5E,0x83,0x8B,0x9B,0xA0,0x95,0x97,0x82,0x78)
xi.synth_result_id_to_name_cp932[409] = string.char(0x83,0x5E,0x83,0x8B,0x83,0x5E,0x83,0x8B,0x9B,0xA0,0x95,0x97,0x82,0x76)
xi.synth_result_id_to_name_cp932[410] = string.char(0x83,0x89,0x83,0x45,0x83,0x93,0x83,0x68,0x83,0x65,0x81,0x5B,0x83,0x75,0x83,0x8B,0x82,0x71)
xi.synth_result_id_to_name_cp932[411] = string.char(0x83,0x89,0x83,0x45,0x83,0x93,0x83,0x68,0x83,0x65,0x81,0x5B,0x83,0x75,0x83,0x8B,0x82,0x61)
xi.synth_result_id_to_name_cp932[412] = string.char(0x83,0x89,0x83,0x45,0x83,0x93,0x83,0x68,0x83,0x65,0x81,0x5B,0x83,0x75,0x83,0x8B,0x82,0x66)
xi.synth_result_id_to_name_cp932[413] = string.char(0x83,0x89,0x83,0x45,0x83,0x93,0x83,0x68,0x83,0x65,0x81,0x5B,0x83,0x75,0x83,0x8B,0x82,0x78)
xi.synth_result_id_to_name_cp932[414] = string.char(0x83,0x89,0x83,0x45,0x83,0x93,0x83,0x68,0x83,0x65,0x81,0x5B,0x83,0x75,0x83,0x8B,0x82,0x76)
xi.synth_result_id_to_name_cp932[423] = string.char(0x83,0x5E,0x83,0x6F,0x81,0x5B,0x83,0x93,0x83,0x78,0x83,0x93,0x83,0x60)
xi.synth_result_id_to_name_cp932[424] = string.char(0x83,0x74,0x83,0x42,0x81,0x5B,0x83,0x58,0x83,0x67,0x83,0x65,0x81,0x5B,0x83,0x75,0x83,0x8B)
xi.synth_result_id_to_name_cp932[425] = string.char(0x83,0x57,0x83,0x89,0x83,0x93,0x83,0x68,0x81,0x5B,0x83,0x8B)
xi.synth_result_id_to_name_cp932[426] = string.char(0x83,0x49,0x81,0x5B,0x83,0x50,0x83,0x58,0x83,0x67,0x83,0x8A,0x83,0x49,0x83,0x93)
xi.synth_result_id_to_name_cp932[427] = string.char(0x83,0x8D,0x83,0x52,0x83,0x52,0x83,0x65,0x81,0x5B,0x83,0x75,0x83,0x8B)
xi.synth_result_id_to_name_cp932[429] = string.char(0x83,0x58,0x83,0x67,0x81,0x5B,0x83,0x80,0x83,0x89,0x83,0x93,0x83,0x5E,0x83,0x93,0x82,0x71)
xi.synth_result_id_to_name_cp932[430] = string.char(0x83,0x58,0x83,0x67,0x81,0x5B,0x83,0x80,0x83,0x89,0x83,0x93,0x83,0x5E,0x83,0x93,0x82,0x61)
xi.synth_result_id_to_name_cp932[431] = string.char(0x83,0x58,0x83,0x67,0x81,0x5B,0x83,0x80,0x83,0x89,0x83,0x93,0x83,0x5E,0x83,0x93,0x82,0x66)
xi.synth_result_id_to_name_cp932[432] = string.char(0x83,0x58,0x83,0x67,0x81,0x5B,0x83,0x80,0x83,0x89,0x83,0x93,0x83,0x5E,0x83,0x93,0x82,0x78)
xi.synth_result_id_to_name_cp932[433] = string.char(0x83,0x58,0x83,0x67,0x81,0x5B,0x83,0x80,0x83,0x89,0x83,0x93,0x83,0x5E,0x83,0x93,0x82,0x76)
xi.synth_result_id_to_name_cp932[434] = string.char(0x83,0x43,0x83,0x58,0x83,0x89,0x83,0x54,0x83,0x43,0x83,0x68,0x83,0x7B,0x81,0x5B,0x83,0x68)
xi.synth_result_id_to_name_cp932[450] = string.char(0x83,0x4C,0x83,0x83,0x83,0x93,0x83,0x66,0x83,0x8C,0x83,0x75,0x83,0x89,0x83,0x80)
xi.synth_result_id_to_name_cp932[459] = string.char(0x83,0x4C,0x83,0x83,0x83,0x93,0x83,0x68,0x83,0x8B,0x83,0x58,0x83,0x5E,0x83,0x93,0x83,0x68)
xi.synth_result_id_to_name_cp932[472] = string.char(0x90,0xDC,0x82,0xEA,0x82,0xBD,0x88,0xEA,0x96,0x7B,0x92,0xDE,0x82,0xE8,0x82,0xCC,0x8A,0xC6)
xi.synth_result_id_to_name_cp932[473] = string.char(0x90,0xDC,0x82,0xEA,0x82,0xBD,0x95,0xA1,0x8D,0x87,0x91,0x66,0x8D,0xDE,0x82,0xCC,0x8A,0xC6)
xi.synth_result_id_to_name_cp932[482] = string.char(0x90,0xDC,0x82,0xEA,0x82,0xBD,0x95,0xA8,0x8A,0xB1,0x82,0xB5,0x8A,0xC6)
xi.synth_result_id_to_name_cp932[483] = string.char(0x90,0xDC,0x82,0xEA,0x82,0xBD,0x83,0x7E,0x83,0x58,0x83,0x89,0x8E,0xAE,0x92,0xDE,0x8A,0xC6)
xi.synth_result_id_to_name_cp932[484] = string.char(0x90,0xDC,0x82,0xEA,0x82,0xBD,0x83,0x5E,0x83,0x8B,0x83,0x5E,0x83,0x8B,0x92,0xDE,0x8A,0xC6)
xi.synth_result_id_to_name_cp932[485] = string.char(0x90,0xDC,0x82,0xEA,0x82,0xBD,0x83,0x84,0x83,0x69,0x83,0x4D,0x82,0xCC,0x92,0xDE,0x8A,0xC6)
xi.synth_result_id_to_name_cp932[486] = string.char(0x90,0xDC,0x82,0xEA,0x82,0xBD,0x83,0x43,0x83,0x60,0x83,0x43,0x82,0xCC,0x92,0xDE,0x8A,0xC6)
xi.synth_result_id_to_name_cp932[487] = string.char(0x90,0xDC,0x82,0xEA,0x82,0xBD,0x92,0x7C,0x82,0xCC,0x92,0xDE,0x8A,0xC6)
xi.synth_result_id_to_name_cp932[488] = string.char(0x90,0xDC,0x82,0xEA,0x82,0xBD,0x8C,0x6B,0x97,0xAC,0x8A,0xC6)
xi.synth_result_id_to_name_cp932[490] = string.char(0x90,0xDC,0x82,0xEA,0x82,0xBD,0x83,0x4A,0x81,0x5B,0x83,0x7B,0x83,0x93,0x92,0xDE,0x8A,0xC6)
xi.synth_result_id_to_name_cp932[491] = string.char(0x90,0xDC,0x82,0xEA,0x82,0xBD,0x83,0x4F,0x83,0x89,0x83,0x58,0x92,0xDE,0x8A,0xC6)
xi.synth_result_id_to_name_cp932[505] = string.char(0x91,0xE5,0x97,0x72,0x82,0xCC,0x96,0xD1,0x94,0xE7)
xi.synth_result_id_to_name_cp932[506] = string.char(0x83,0x4E,0x83,0x40,0x81,0x5B,0x83,0x8B,0x82,0xCC,0x82,0xC8,0x82,0xDF,0x82,0xB5,0x8A,0x76)
xi.synth_result_id_to_name_cp932[529] = string.char(0x96,0xE9,0x8C,0xF5,0x95,0x7A)
xi.synth_result_id_to_name_cp932[533] = string.char(0x83,0x66,0x83,0x8B,0x83,0x74,0x82,0xCC,0x95,0x85,0x97,0x74,0x93,0x79)
xi.synth_result_id_to_name_cp932[534] = string.char(0x83,0x53,0x83,0x5B,0x83,0x72,0x82,0xCC,0x96,0xEC,0x91,0x90)
xi.synth_result_id_to_name_cp932[541] = string.char(0x83,0x5F,0x83,0x8B,0x83,0x81,0x83,0x8B,0x82,0xCC,0x91,0xC1,0x89,0x74)
xi.synth_result_id_to_name_cp932[557] = string.char(0x83,0x41,0x81,0x5B,0x83,0x8A,0x83,0x7D,0x83,0x93,0x82,0xCC,0x83,0x8C,0x83,0x93,0x83,0x59)
xi.synth_result_id_to_name_cp932[582] = string.char(0xE8,0xA6,0x90,0xCE)
xi.synth_result_id_to_name_cp932[583] = string.char(0x89,0x7E,0x90,0xCE)
xi.synth_result_id_to_name_cp932[605] = string.char(0x82,0xC2,0x82,0xE9,0x82,0xCD,0x82,0xB5)
xi.synth_result_id_to_name_cp932[610] = string.char(0x83,0x54,0x83,0x93,0x83,0x68,0x83,0x8A,0x83,0x41,0x8F,0xAC,0x94,0x9E,0x95,0xB2)
xi.synth_result_id_to_name_cp932[611] = string.char(0x83,0x89,0x83,0x43,0x94,0x9E,0x95,0xB2)
xi.synth_result_id_to_name_cp932[612] = string.char(0x83,0x4A,0x83,0x55,0x83,0x80,0x82,0xAA,0x82,0xE7,0x82,0xB5)
xi.synth_result_id_to_name_cp932[614] = string.char(0x83,0x7D,0x83,0x45,0x83,0x89,0x82,0xCC,0x82,0xC9,0x82,0xF1,0x82,0xC9,0x82,0xAD)
xi.synth_result_id_to_name_cp932[615] = string.char(0x83,0x5A,0x83,0x8B,0x83,0x72,0x83,0x69,0x83,0x6F,0x83,0x5E,0x81,0x5B)
xi.synth_result_id_to_name_cp932[616] = string.char(0x83,0x70,0x83,0x43,0x90,0xB6,0x92,0x6E)
xi.synth_result_id_to_name_cp932[617] = string.char(0x83,0x57,0x83,0x93,0x83,0x57,0x83,0x83,0x81,0x5B)
xi.synth_result_id_to_name_cp932[618] = string.char(0x83,0x75,0x83,0x8B,0x81,0x5B,0x83,0x73,0x81,0x5B,0x83,0x58)
xi.synth_result_id_to_name_cp932[619] = string.char(0x83,0x7C,0x83,0x7C,0x83,0x67,0x83,0x43,0x83,0x82)
xi.synth_result_id_to_name_cp932[620] = string.char(0x83,0x5E,0x83,0x8B,0x83,0x5E,0x83,0x8B,0x83,0x89,0x83,0x43,0x83,0x58)
xi.synth_result_id_to_name_cp932[621] = string.char(0x97,0xDC,0x82,0xCC,0x83,0x7D,0x83,0x58,0x83,0x5E,0x81,0x5B,0x83,0x68)
xi.synth_result_id_to_name_cp932[622] = string.char(0x8A,0xA3,0x91,0x87,0x83,0x7D,0x81,0x5B,0x83,0x57,0x83,0x87,0x83,0x89,0x83,0x80)
xi.synth_result_id_to_name_cp932[623] = string.char(0x83,0x8D,0x81,0x5B,0x83,0x8C,0x83,0x8B)
xi.synth_result_id_to_name_cp932[624] = string.char(0x83,0x70,0x83,0x80,0x83,0x5E,0x83,0x80,0x8A,0x43,0x91,0xDB)
xi.synth_result_id_to_name_cp932[625] = string.char(0x83,0x41,0x83,0x62,0x83,0x76,0x83,0x8B,0x83,0x72,0x83,0x6C,0x83,0x4B,0x81,0x5B)
xi.synth_result_id_to_name_cp932[626] = string.char(0x83,0x75,0x83,0x89,0x83,0x62,0x83,0x4E,0x83,0x79,0x83,0x62,0x83,0x70,0x81,0x5B)
xi.synth_result_id_to_name_cp932[627] = string.char(0x83,0x81,0x81,0x5B,0x83,0x76,0x83,0x8B,0x83,0x56,0x83,0x85,0x83,0x4B,0x81,0x5B)
xi.synth_result_id_to_name_cp932[628] = string.char(0x83,0x56,0x83,0x69,0x83,0x82,0x83,0x93)
xi.synth_result_id_to_name_cp932[629] = string.char(0x83,0x7E,0x83,0x8A,0x83,0x49,0x83,0x93,0x83,0x52,0x81,0x5B,0x83,0x93)
xi.synth_result_id_to_name_cp932[630] = string.char(0x83,0x49,0x83,0x6A,0x83,0x4A,0x83,0x7B,0x83,0x60,0x83,0x83)
xi.synth_result_id_to_name_cp932[631] = string.char(0x83,0x7A,0x83,0x8D,0x94,0x9E,0x95,0xB2)
xi.synth_result_id_to_name_cp932[632] = string.char(0x83,0x4E,0x83,0x4E,0x83,0x8B,0x93,0xA4)
xi.synth_result_id_to_name_cp932[633] = string.char(0x83,0x49,0x83,0x8A,0x81,0x5B,0x83,0x75,0x83,0x49,0x83,0x43,0x83,0x8B)
xi.synth_result_id_to_name_cp932[635] = string.char(0x83,0x45,0x83,0x42,0x83,0x93,0x83,0x5F,0x83,0x58,0x92,0x83,0x97,0x74)
xi.synth_result_id_to_name_cp932[636] = string.char(0x83,0x4A,0x83,0x82,0x83,0x7E,0x81,0x5B,0x83,0x8B)
xi.synth_result_id_to_name_cp932[637] = string.char(0x83,0x58,0x83,0x89,0x83,0x43,0x83,0x80,0x83,0x49,0x83,0x43,0x83,0x8B)
xi.synth_result_id_to_name_cp932[638] = string.char(0x83,0x5A,0x81,0x5B,0x83,0x57)
xi.synth_result_id_to_name_cp932[639] = string.char(0x83,0x8D,0x83,0x93,0x83,0x74,0x83,0x48,0x81,0x5B,0x83,0x8B,0x83,0x7D,0x83,0x8D,0x83,0x93)
xi.synth_result_id_to_name_cp932[640] = string.char(0x93,0xBA,0x8D,0x7A)
xi.synth_result_id_to_name_cp932[641] = string.char(0x83,0x58,0x83,0x59,0x90,0xCE)
xi.synth_result_id_to_name_cp932[642] = string.char(0x88,0x9F,0x89,0x94,0x8D,0x7A)
xi.synth_result_id_to_name_cp932[643] = string.char(0x93,0x53,0x8D,0x7A)
xi.synth_result_id_to_name_cp932[644] = string.char(0x83,0x7E,0x83,0x58,0x83,0x8A,0x83,0x8B,0x8D,0x7A)
xi.synth_result_id_to_name_cp932[645] = string.char(0x8D,0x95,0x93,0x53,0x8D,0x7A)
xi.synth_result_id_to_name_cp932[646] = string.char(0x83,0x41,0x83,0x5F,0x83,0x7D,0x83,0x93,0x8D,0x7A)
xi.synth_result_id_to_name_cp932[647] = string.char(0x90,0x85,0x89,0x94,0x8D,0x7A)
xi.synth_result_id_to_name_cp932[648] = string.char(0x83,0x4A,0x83,0x62,0x83,0x70,0x81,0x5B,0x83,0x43,0x83,0x93,0x83,0x53,0x83,0x62,0x83,0x67)
xi.synth_result_id_to_name_cp932[649] = string.char(0x83,0x75,0x83,0x8D,0x83,0x93,0x83,0x59,0x83,0x43,0x83,0x93,0x83,0x53,0x83,0x62,0x83,0x67)
xi.synth_result_id_to_name_cp932[650] = string.char(0x83,0x75,0x83,0x89,0x83,0x58,0x83,0x43,0x83,0x93,0x83,0x53,0x83,0x62,0x83,0x67)
xi.synth_result_id_to_name_cp932[651] = string.char(0x83,0x41,0x83,0x43,0x83,0x41,0x83,0x93,0x83,0x43,0x83,0x93,0x83,0x53,0x83,0x62,0x83,0x67)
xi.synth_result_id_to_name_cp932[652] = string.char(0x83,0x58,0x83,0x60,0x81,0x5B,0x83,0x8B,0x83,0x43,0x83,0x93,0x83,0x53,0x83,0x62,0x83,0x67)
xi.synth_result_id_to_name_cp932[653] = string.char(0x83,0x7E,0x83,0x58,0x83,0x8A,0x83,0x8B,0x83,0x43,0x83,0x93,0x83,0x53,0x83,0x62,0x83,0x67)
xi.synth_result_id_to_name_cp932[654] = string.char(0x83,0x5F,0x81,0x5B,0x83,0x4E,0x83,0x43,0x83,0x93,0x83,0x53,0x83,0x62,0x83,0x67)
xi.synth_result_id_to_name_cp932[655] = string.char(0x83,0x41,0x83,0x5F,0x83,0x7D,0x83,0x93,0x83,0x43,0x83,0x93,0x83,0x53,0x83,0x62,0x83,0x67)
xi.synth_result_id_to_name_cp932[656] = string.char(0x8F,0x62,0x90,0x6C,0x89,0xDD)
xi.synth_result_id_to_name_cp932[657] = string.char(0x8B,0xCA,0x8D,0x7C)
xi.synth_result_id_to_name_cp932[658] = string.char(0x83,0x5F,0x83,0x7D,0x83,0x58,0x83,0x4E,0x83,0x43,0x83,0x93,0x83,0x53,0x83,0x62,0x83,0x67)
xi.synth_result_id_to_name_cp932[659] = string.char(0x83,0x65,0x83,0x42,0x83,0x93,0x83,0x43,0x83,0x93,0x83,0x53,0x83,0x62,0x83,0x67)
xi.synth_result_id_to_name_cp932[660] = string.char(0x83,0x75,0x83,0x8D,0x83,0x93,0x83,0x59,0x94,0xC2)
xi.synth_result_id_to_name_cp932[661] = string.char(0x83,0x75,0x83,0x89,0x83,0x58,0x94,0xC2)
xi.synth_result_id_to_name_cp932[662] = string.char(0x83,0x41,0x83,0x43,0x83,0x41,0x83,0x93,0x94,0xC2)
xi.synth_result_id_to_name_cp932[663] = string.char(0x83,0x7E,0x83,0x58,0x83,0x8A,0x83,0x8B,0x94,0xC2)
xi.synth_result_id_to_name_cp932[664] = string.char(0x83,0x5F,0x81,0x5B,0x83,0x4E,0x94,0xC2)
xi.synth_result_id_to_name_cp932[665] = string.char(0x83,0x41,0x83,0x5F,0x83,0x7D,0x83,0x93,0x94,0xC2)
xi.synth_result_id_to_name_cp932[666] = string.char(0x83,0x58,0x83,0x60,0x81,0x5B,0x83,0x8B,0x94,0xC2)
xi.synth_result_id_to_name_cp932[667] = string.char(0x90,0xB9,0x82,0xC8,0x82,0xE9,0x83,0x7E,0x83,0x58,0x83,0x8A,0x83,0x8B,0x94,0xC2)
xi.synth_result_id_to_name_cp932[668] = string.char(0x83,0x49,0x83,0x8A,0x83,0x6E,0x83,0x8B,0x83,0x52,0x83,0x93,0x94,0xC2)
xi.synth_result_id_to_name_cp932[669] = string.char(0x83,0x82,0x83,0x8A,0x83,0x75,0x83,0x66,0x83,0x93,0x94,0xC2)
xi.synth_result_id_to_name_cp932[670] = string.char(0x83,0x41,0x83,0x8B,0x83,0x7E,0x94,0xC2)
xi.synth_result_id_to_name_cp932[671] = string.char(0x83,0x56,0x83,0x8B,0x83,0x6F,0x81,0x5B,0x94,0xC2)
xi.synth_result_id_to_name_cp932[672] = string.char(0x83,0x75,0x83,0x8D,0x83,0x93,0x83,0x59,0x82,0xCC,0x8F,0xAC,0x8E,0x44)
xi.synth_result_id_to_name_cp932[673] = string.char(0x83,0x75,0x83,0x89,0x83,0x58,0x82,0xCC,0x8F,0xAC,0x8E,0x44)
xi.synth_result_id_to_name_cp932[674] = string.char(0x83,0x41,0x83,0x43,0x83,0x41,0x83,0x93,0x82,0xCC,0x8F,0xAC,0x8E,0x44)
xi.synth_result_id_to_name_cp932[675] = string.char(0x83,0x41,0x83,0x5F,0x83,0x7D,0x83,0x93,0x82,0xCC,0x8F,0xAC,0x8E,0x44)
xi.synth_result_id_to_name_cp932[676] = string.char(0x83,0x58,0x83,0x60,0x81,0x5B,0x83,0x8B,0x82,0xCC,0x8F,0xAC,0x8E,0x44)
xi.synth_result_id_to_name_cp932[677] = string.char(0x94,0x92,0x8D,0x7C)
xi.synth_result_id_to_name_cp932[678] = string.char(0x8C,0x79,0x8B,0xE2,0x8D,0x7A)
xi.synth_result_id_to_name_cp932[679] = string.char(0x83,0x41,0x83,0x8B,0x83,0x7E,0x83,0x43,0x83,0x93,0x83,0x53,0x83,0x62,0x83,0x67)
xi.synth_result_id_to_name_cp932[680] = string.char(0x83,0x41,0x83,0x43,0x83,0x41,0x83,0x93,0x82,0xCC,0x8D,0xBD)
xi.synth_result_id_to_name_cp932[681] = string.char(0x83,0x7E,0x83,0x58,0x83,0x8A,0x83,0x8B,0x82,0xCC,0x8D,0xBD)
xi.synth_result_id_to_name_cp932[682] = string.char(0x83,0x5F,0x81,0x5B,0x83,0x4E,0x82,0xCC,0x8D,0xBD)
xi.synth_result_id_to_name_cp932[683] = string.char(0x83,0x41,0x83,0x5F,0x83,0x7D,0x83,0x93,0x82,0xCC,0x8D,0xBD)
xi.synth_result_id_to_name_cp932[684] = string.char(0x83,0x41,0x83,0x8B,0x83,0x7E,0x82,0xCC,0x8D,0xBD)
xi.synth_result_id_to_name_cp932[685] = string.char(0x83,0x4E,0x83,0x8D,0x83,0x7D,0x93,0x53,0x8D,0x7A)
xi.synth_result_id_to_name_cp932[686] = string.char(0x83,0x41,0x83,0x8B,0x83,0x55,0x83,0x72,0x83,0x45,0x81,0x5B,0x83,0x63,0x8D,0x7C)
xi.synth_result_id_to_name_cp932[687] = string.char(0x83,0x71,0x83,0x71,0x83,0x43,0x83,0x8D,0x83,0x4A,0x83,0x6C)
xi.synth_result_id_to_name_cp932[688] = string.char(0x83,0x41,0x83,0x8D,0x81,0x5B,0x83,0x45,0x83,0x62,0x83,0x68,0x8C,0xB4,0x96,0xD8)
xi.synth_result_id_to_name_cp932[689] = string.char(0x83,0x89,0x83,0x8F,0x83,0x93,0x8C,0xB4,0x96,0xD8)
xi.synth_result_id_to_name_cp932[690] = string.char(0x83,0x47,0x83,0x8B,0x83,0x80,0x8C,0xB4,0x96,0xD8)
xi.synth_result_id_to_name_cp932[691] = string.char(0x83,0x81,0x81,0x5B,0x83,0x76,0x83,0x8B,0x8C,0xB4,0x96,0xD8)
xi.synth_result_id_to_name_cp932[692] = string.char(0x83,0x72,0x81,0x5B,0x83,0x60,0x8C,0xB4,0x96,0xD8)
xi.synth_result_id_to_name_cp932[693] = string.char(0x83,0x45,0x83,0x48,0x83,0x8B,0x83,0x69,0x83,0x62,0x83,0x67,0x8C,0xB4,0x96,0xD8)
xi.synth_result_id_to_name_cp932[694] = string.char(0x83,0x60,0x83,0x46,0x83,0x58,0x83,0x69,0x83,0x62,0x83,0x67,0x8C,0xB4,0x96,0xD8)
xi.synth_result_id_to_name_cp932[695] = string.char(0x83,0x45,0x83,0x42,0x83,0x8D,0x81,0x5B,0x8C,0xB4,0x96,0xD8)
xi.synth_result_id_to_name_cp932[696] = string.char(0x83,0x86,0x81,0x5B,0x8C,0xB4,0x96,0xD8)
xi.synth_result_id_to_name_cp932[697] = string.char(0x83,0x7A,0x83,0x8A,0x81,0x5B,0x8C,0xB4,0x96,0xD8)
xi.synth_result_id_to_name_cp932[698] = string.char(0x83,0x41,0x83,0x62,0x83,0x56,0x83,0x85,0x8C,0xB4,0x96,0xD8)
xi.synth_result_id_to_name_cp932[699] = string.char(0x83,0x7A,0x83,0x8F,0x83,0x43,0x83,0x67,0x83,0x49,0x81,0x5B,0x83,0x4E,0x8C,0xB4,0x96,0xD8)
xi.synth_result_id_to_name_cp932[700] = string.char(0x83,0x7D,0x83,0x7A,0x83,0x4B,0x83,0x6A,0x81,0x5B,0x8C,0xB4,0x96,0xD8)
xi.synth_result_id_to_name_cp932[701] = string.char(0x83,0x8D,0x81,0x5B,0x83,0x59,0x83,0x45,0x83,0x62,0x83,0x68,0x8C,0xB4,0x96,0xD8)
xi.synth_result_id_to_name_cp932[702] = string.char(0x83,0x47,0x83,0x7B,0x83,0x6A,0x81,0x5B,0x8C,0xB4,0x96,0xD8)
xi.synth_result_id_to_name_cp932[703] = string.char(0x96,0x84,0x82,0xEA,0x96,0xD8)
xi.synth_result_id_to_name_cp932[704] = string.char(0x83,0x6F,0x83,0x93,0x83,0x75,0x81,0x5B,0x8D,0xDE)
xi.synth_result_id_to_name_cp932[705] = string.char(0x83,0x41,0x83,0x8D,0x81,0x5B,0x83,0x45,0x83,0x62,0x83,0x68,0x8D,0xDE)
xi.synth_result_id_to_name_cp932[706] = string.char(0x83,0x89,0x83,0x8F,0x83,0x93,0x8D,0xDE)
xi.synth_result_id_to_name_cp932[707] = string.char(0x83,0x47,0x83,0x8B,0x83,0x80,0x8D,0xDE)
xi.synth_result_id_to_name_cp932[708] = string.char(0x83,0x81,0x81,0x5B,0x83,0x76,0x83,0x8B,0x8D,0xDE)
xi.synth_result_id_to_name_cp932[709] = string.char(0x83,0x72,0x81,0x5B,0x83,0x60,0x8D,0xDE)
xi.synth_result_id_to_name_cp932[710] = string.char(0x83,0x60,0x83,0x46,0x83,0x58,0x83,0x69,0x83,0x62,0x83,0x67,0x8D,0xDE)
xi.synth_result_id_to_name_cp932[711] = string.char(0x83,0x45,0x83,0x48,0x83,0x8B,0x83,0x69,0x83,0x62,0x83,0x67,0x8D,0xDE)
xi.synth_result_id_to_name_cp932[712] = string.char(0x83,0x45,0x83,0x42,0x83,0x8D,0x81,0x5B,0x8D,0xDE)
xi.synth_result_id_to_name_cp932[713] = string.char(0x83,0x86,0x81,0x5B,0x8D,0xDE)
xi.synth_result_id_to_name_cp932[714] = string.char(0x83,0x7A,0x83,0x8A,0x81,0x5B,0x8D,0xDE)
xi.synth_result_id_to_name_cp932[715] = string.char(0x83,0x41,0x83,0x62,0x83,0x56,0x83,0x85,0x8D,0xDE)
xi.synth_result_id_to_name_cp932[716] = string.char(0x83,0x7A,0x83,0x8F,0x83,0x43,0x83,0x67,0x83,0x49,0x81,0x5B,0x83,0x4E,0x8D,0xDE)
xi.synth_result_id_to_name_cp932[717] = string.char(0x83,0x7D,0x83,0x7A,0x83,0x4B,0x83,0x6A,0x81,0x5B,0x8D,0xDE)
xi.synth_result_id_to_name_cp932[718] = string.char(0x83,0x8D,0x81,0x5B,0x83,0x59,0x83,0x45,0x83,0x62,0x83,0x68,0x8D,0xDE)
xi.synth_result_id_to_name_cp932[719] = string.char(0x83,0x47,0x83,0x7B,0x83,0x6A,0x81,0x5B,0x8D,0xDE)
xi.synth_result_id_to_name_cp932[720] = string.char(0x90,0x5F,0x91,0xE3,0x96,0xD8)
xi.synth_result_id_to_name_cp932[721] = string.char(0x83,0x89,0x83,0x5E,0x83,0x93,0x8D,0xDE)
xi.synth_result_id_to_name_cp932[722] = string.char(0x8C,0xE4,0x90,0x5F,0x96,0xD8)
xi.synth_result_id_to_name_cp932[723] = string.char(0x90,0x5F,0x96,0xD8,0x8D,0xDE)
xi.synth_result_id_to_name_cp932[724] = string.char(0x83,0x7D,0x83,0x4F,0x83,0x6D,0x83,0x8A,0x83,0x41,0x8D,0xDE)
xi.synth_result_id_to_name_cp932[725] = string.char(0x83,0x71,0x83,0x62,0x83,0x52,0x83,0x8A,0x81,0x5B,0x8D,0xDE)
xi.synth_result_id_to_name_cp932[726] = string.char(0x93,0x53,0x90,0xCE,0x82,0xCC,0x8C,0xD3,0x93,0x8D)
xi.synth_result_id_to_name_cp932[727] = string.char(0x83,0x68,0x83,0x62,0x83,0x4F,0x83,0x45,0x83,0x62,0x83,0x68,0x8C,0xB4,0x96,0xD8)
xi.synth_result_id_to_name_cp932[728] = string.char(0x83,0x68,0x83,0x62,0x83,0x4F,0x83,0x45,0x83,0x62,0x83,0x68,0x8D,0xDE)
xi.synth_result_id_to_name_cp932[729] = string.char(0x83,0x75,0x83,0x89,0x83,0x62,0x83,0x68,0x83,0x45,0x83,0x62,0x83,0x68,0x8C,0xB4,0x96,0xD8)
xi.synth_result_id_to_name_cp932[730] = string.char(0x83,0x75,0x83,0x89,0x83,0x62,0x83,0x68,0x83,0x45,0x83,0x62,0x83,0x68,0x8D,0xDE)
xi.synth_result_id_to_name_cp932[731] = string.char(0x92,0xBE,0x8D,0x81,0x96,0xD8)
xi.synth_result_id_to_name_cp932[732] = string.char(0x83,0x4A,0x83,0x7C,0x81,0x5B,0x83,0x8B,0x8C,0xB4,0x96,0xD8)
xi.synth_result_id_to_name_cp932[733] = string.char(0x83,0x4A,0x83,0x7C,0x81,0x5B,0x83,0x8B,0x8D,0xDE)
xi.synth_result_id_to_name_cp932[734] = string.char(0x83,0x67,0x83,0x4E,0x83,0x60,0x83,0x83,0x8D,0x7A)
xi.synth_result_id_to_name_cp932[735] = string.char(0x83,0x67,0x83,0x4E,0x83,0x60,0x83,0x83,0x83,0x43,0x83,0x93,0x83,0x53,0x83,0x62,0x83,0x67)
xi.synth_result_id_to_name_cp932[736] = string.char(0x8B,0xE2,0x8D,0x7A)
xi.synth_result_id_to_name_cp932[737] = string.char(0x8B,0xE0,0x8D,0x7A)
xi.synth_result_id_to_name_cp932[738] = string.char(0x94,0x92,0x8B,0xE0,0x8D,0x7A)
xi.synth_result_id_to_name_cp932[739] = string.char(0x83,0x49,0x83,0x8A,0x83,0x6E,0x83,0x8B,0x83,0x52,0x83,0x93,0x8D,0x7A)
xi.synth_result_id_to_name_cp932[740] = string.char(0x83,0x74,0x83,0x8A,0x83,0x4D,0x83,0x41,0x83,0x53,0x81,0x5B,0x83,0x8B,0x83,0x68,0x8D,0x7A)
xi.synth_result_id_to_name_cp932[741] = string.char(0x83,0x70,0x83,0x89,0x83,0x58,0x8D,0x7A)
xi.synth_result_id_to_name_cp932[742] = string.char(0x83,0x70,0x83,0x89,0x83,0x58,0x83,0x43,0x83,0x93,0x83,0x53,0x83,0x62,0x83,0x67)
xi.synth_result_id_to_name_cp932[743] = string.char(0x83,0x74,0x83,0x8A,0x83,0x4D,0x83,0x41,0x83,0x43,0x83,0x93,0x83,0x53,0x83,0x62,0x83,0x67)
xi.synth_result_id_to_name_cp932[744] = string.char(0x83,0x56,0x83,0x8B,0x83,0x6F,0x81,0x5B,0x83,0x43,0x83,0x93,0x83,0x53,0x83,0x62,0x83,0x67)
xi.synth_result_id_to_name_cp932[745] = string.char(0x83,0x53,0x81,0x5B,0x83,0x8B,0x83,0x68,0x83,0x43,0x83,0x93,0x83,0x53,0x83,0x62,0x83,0x67)
xi.synth_result_id_to_name_cp932[746] = string.char(0x83,0x76,0x83,0x89,0x83,0x60,0x83,0x69,0x83,0x43,0x83,0x93,0x83,0x53,0x83,0x62,0x83,0x67)
xi.synth_result_id_to_name_cp932[747] = string.char(0x83,0x49,0x83,0x8A,0x83,0x6E,0x83,0x8B,0x83,0x52,0x83,0x93)
xi.synth_result_id_to_name_cp932[748] = string.char(0x8F,0x62,0x90,0x6C,0x8B,0xE0,0x89,0xDD)
xi.synth_result_id_to_name_cp932[749] = string.char(0x8F,0x62,0x90,0x6C,0x83,0x7E,0x83,0x58,0x83,0x8A,0x83,0x8B,0x89,0xDD)
xi.synth_result_id_to_name_cp932[750] = string.char(0x8F,0x62,0x90,0x6C,0x8B,0xE2,0x89,0xDD)
xi.synth_result_id_to_name_cp932[751] = string.char(0x8F,0x62,0x90,0x6C,0x94,0x92,0x8B,0xE0,0x89,0xDD)
xi.synth_result_id_to_name_cp932[752] = string.char(0x83,0x53,0x81,0x5B,0x83,0x8B,0x83,0x68,0x94,0xC2)
xi.synth_result_id_to_name_cp932[753] = string.char(0x83,0x74,0x83,0x8A,0x83,0x4D,0x83,0x41,0x83,0x53,0x81,0x5B,0x83,0x8B,0x83,0x68,0x94,0xC2)
xi.synth_result_id_to_name_cp932[754] = string.char(0x83,0x76,0x83,0x89,0x83,0x60,0x83,0x69,0x94,0xC2)
xi.synth_result_id_to_name_cp932[755] = string.char(0x83,0x70,0x83,0x89,0x83,0x58,0x94,0xC2)
xi.synth_result_id_to_name_cp932[756] = string.char(0x83,0x5F,0x83,0x8A,0x83,0x45,0x83,0x80,0x8D,0x7A)
xi.synth_result_id_to_name_cp932[757] = string.char(0x83,0x5F,0x83,0x8A,0x83,0x45,0x83,0x80,0x83,0x43,0x83,0x93,0x83,0x53,0x83,0x62,0x83,0x67)
xi.synth_result_id_to_name_cp932[758] = string.char(0x83,0x5F,0x83,0x8A,0x83,0x45,0x83,0x80,0x94,0xC2)
xi.synth_result_id_to_name_cp932[759] = string.char(0x83,0x5F,0x83,0x8A,0x83,0x45,0x83,0x80,0x82,0xCC,0x8D,0xBD)
xi.synth_result_id_to_name_cp932[760] = string.char(0x83,0x56,0x83,0x8B,0x83,0x6F,0x81,0x5B,0x82,0xCC,0x8D,0xBD)
xi.synth_result_id_to_name_cp932[761] = string.char(0x83,0x53,0x81,0x5B,0x83,0x8B,0x83,0x68,0x82,0xCC,0x8D,0xBD)
xi.synth_result_id_to_name_cp932[762] = string.char(0x83,0x76,0x83,0x89,0x83,0x60,0x83,0x69,0x82,0xCC,0x8D,0xBD)
xi.synth_result_id_to_name_cp932[763] = string.char(0x83,0x49,0x83,0x8A,0x83,0x6E,0x83,0x8B,0x83,0x52,0x83,0x93,0x82,0xCC,0x8D,0xBD)
xi.synth_result_id_to_name_cp932[764] = string.char(0x83,0x75,0x83,0x89,0x83,0x58,0x82,0xCC,0x8D,0xBD)
xi.synth_result_id_to_name_cp932[765] = string.char(0x83,0x70,0x83,0x89,0x83,0x58,0x82,0xCC,0x8D,0xBD)
xi.synth_result_id_to_name_cp932[766] = string.char(0x83,0x49,0x83,0x8B,0x83,0x82,0x83,0x8B,0x83,0x43,0x83,0x93,0x83,0x53,0x83,0x62,0x83,0x67)
xi.synth_result_id_to_name_cp932[767] = string.char(0x83,0x4A,0x81,0x5B,0x83,0x6C,0x83,0x8A,0x83,0x41,0x83,0x93)
xi.synth_result_id_to_name_cp932[768] = string.char(0x89,0xCE,0x91,0xC5,0x90,0xCE)
xi.synth_result_id_to_name_cp932[769] = string.char(0x90,0xD4,0x90,0xCE)
xi.synth_result_id_to_name_cp932[770] = string.char(0x97,0x95,0x90,0xCE)
xi.synth_result_id_to_name_cp932[771] = string.char(0x89,0xA9,0x90,0xCE)
xi.synth_result_id_to_name_cp932[772] = string.char(0x90,0x89,0x90,0xCE)
xi.synth_result_id_to_name_cp932[773] = string.char(0x93,0xA7,0x90,0xCE)
xi.synth_result_id_to_name_cp932[774] = string.char(0x8E,0x87,0x90,0xCE)
xi.synth_result_id_to_name_cp932[775] = string.char(0x8D,0x95,0x90,0xCE)
xi.synth_result_id_to_name_cp932[776] = string.char(0x94,0x92,0x90,0xCE)
xi.synth_result_id_to_name_cp932[778] = string.char(0x83,0x77,0x83,0x8A,0x83,0x49,0x83,0x68,0x81,0x5B,0x83,0x8B)
xi.synth_result_id_to_name_cp932[781] = string.char(0x83,0x89,0x83,0x8A,0x83,0x7D,0x81,0x5B)
xi.synth_result_id_to_name_cp932[784] = string.char(0x83,0x57,0x83,0x46,0x83,0x5F,0x83,0x43,0x83,0x68)
xi.synth_result_id_to_name_cp932[785] = string.char(0x83,0x47,0x83,0x81,0x83,0x89,0x83,0x8B,0x83,0x68)
xi.synth_result_id_to_name_cp932[786] = string.char(0x83,0x8B,0x83,0x72,0x81,0x5B)
xi.synth_result_id_to_name_cp932[787] = string.char(0x83,0x5F,0x83,0x43,0x83,0x41,0x83,0x82,0x83,0x93,0x83,0x68)
xi.synth_result_id_to_name_cp932[788] = string.char(0x83,0x79,0x83,0x8A,0x83,0x68,0x83,0x62,0x83,0x67)
xi.synth_result_id_to_name_cp932[789] = string.char(0x83,0x67,0x83,0x70,0x81,0x5B,0x83,0x59)
xi.synth_result_id_to_name_cp932[790] = string.char(0x83,0x4B,0x81,0x5B,0x83,0x6C,0x83,0x62,0x83,0x67)
xi.synth_result_id_to_name_cp932[791] = string.char(0x83,0x41,0x83,0x4E,0x83,0x41,0x83,0x7D,0x83,0x8A,0x83,0x93)
xi.synth_result_id_to_name_cp932[792] = string.char(0x90,0x5E,0x8E,0xEC)
xi.synth_result_id_to_name_cp932[793] = string.char(0x8D,0x95,0x90,0x5E,0x8E,0xEC)
xi.synth_result_id_to_name_cp932[794] = string.char(0x83,0x54,0x83,0x74,0x83,0x40,0x83,0x43,0x83,0x41)
xi.synth_result_id_to_name_cp932[795] = string.char(0x83,0x89,0x83,0x73,0x83,0x58,0x83,0x89,0x83,0x59,0x83,0x8A)
xi.synth_result_id_to_name_cp932[796] = string.char(0x83,0x89,0x83,0x43,0x83,0x67,0x83,0x49,0x83,0x70,0x81,0x5B,0x83,0x8B)
xi.synth_result_id_to_name_cp932[797] = string.char(0x83,0x79,0x83,0x43,0x83,0x69,0x83,0x43,0x83,0x67)
xi.synth_result_id_to_name_cp932[798] = string.char(0x83,0x5E,0x81,0x5B,0x83,0x52,0x83,0x43,0x83,0x59)
xi.synth_result_id_to_name_cp932[799] = string.char(0x83,0x49,0x83,0x6A,0x83,0x4C,0x83,0x58)
xi.synth_result_id_to_name_cp932[800] = string.char(0x83,0x41,0x83,0x81,0x83,0x57,0x83,0x58,0x83,0x67)
xi.synth_result_id_to_name_cp932[801] = string.char(0x83,0x4E,0x83,0x8A,0x83,0x5C,0x83,0x78,0x83,0x8A,0x83,0x8B)
xi.synth_result_id_to_name_cp932[802] = string.char(0x83,0x80,0x81,0x5B,0x83,0x93,0x83,0x58,0x83,0x67,0x81,0x5B,0x83,0x93)
xi.synth_result_id_to_name_cp932[803] = string.char(0x83,0x54,0x83,0x93,0x83,0x58,0x83,0x67,0x81,0x5B,0x83,0x93)
xi.synth_result_id_to_name_cp932[804] = string.char(0x83,0x58,0x83,0x73,0x83,0x6C,0x83,0x8B)
xi.synth_result_id_to_name_cp932[805] = string.char(0x83,0x57,0x83,0x8B,0x83,0x52,0x83,0x93)
xi.synth_result_id_to_name_cp932[806] = string.char(0x83,0x67,0x83,0x8B,0x83,0x7D,0x83,0x8A,0x83,0x93)
xi.synth_result_id_to_name_cp932[807] = string.char(0x83,0x54,0x81,0x5B,0x83,0x68,0x83,0x6A,0x83,0x4E,0x83,0x58)
xi.synth_result_id_to_name_cp932[808] = string.char(0x83,0x53,0x83,0x56,0x83,0x46,0x83,0x69,0x83,0x43,0x83,0x67)
xi.synth_result_id_to_name_cp932[809] = string.char(0x83,0x4E,0x83,0x8A,0x83,0x41,0x83,0x67,0x83,0x70,0x81,0x5B,0x83,0x59)
xi.synth_result_id_to_name_cp932[810] = string.char(0x83,0x74,0x83,0x8D,0x81,0x5B,0x83,0x89,0x83,0x43,0x83,0x67)
xi.synth_result_id_to_name_cp932[811] = string.char(0x83,0x41,0x83,0x81,0x83,0x67,0x83,0x8A,0x83,0x93)
xi.synth_result_id_to_name_cp932[812] = string.char(0x83,0x66,0x83,0x58,0x83,0x58,0x83,0x67,0x81,0x5B,0x83,0x93)
xi.synth_result_id_to_name_cp932[813] = string.char(0x83,0x47,0x83,0x93,0x83,0x57,0x83,0x46,0x83,0x8B,0x83,0x58,0x83,0x67,0x81,0x5B,0x83,0x93)
xi.synth_result_id_to_name_cp932[814] = string.char(0x83,0x41,0x83,0x93,0x83,0x6F,0x81,0x5B)
xi.synth_result_id_to_name_cp932[815] = string.char(0x83,0x58,0x83,0x74,0x83,0x46,0x81,0x5B,0x83,0x93)
xi.synth_result_id_to_name_cp932[816] = string.char(0x8C,0xA6,0x8E,0x85)
xi.synth_result_id_to_name_cp932[817] = string.char(0x91,0x90,0x8E,0x85)
xi.synth_result_id_to_name_cp932[818] = string.char(0x96,0xD8,0x96,0xC8,0x8E,0x85)
xi.synth_result_id_to_name_cp932[819] = string.char(0x88,0x9F,0x96,0x83,0x8E,0x85)
xi.synth_result_id_to_name_cp932[820] = string.char(0x96,0xD1,0x8E,0x85)
xi.synth_result_id_to_name_cp932[821] = string.char(0x93,0xF8,0x8E,0x85)
xi.synth_result_id_to_name_cp932[822] = string.char(0x8B,0xE2,0x8E,0x85)
xi.synth_result_id_to_name_cp932[823] = string.char(0x8B,0xE0,0x8E,0x85)
xi.synth_result_id_to_name_cp932[824] = string.char(0x91,0x90,0x95,0x7A)
xi.synth_result_id_to_name_cp932[825] = string.char(0x96,0xD8,0x96,0xC8,0x95,0x7A)
xi.synth_result_id_to_name_cp932[826] = string.char(0x88,0x9F,0x96,0x83,0x95,0x7A)
xi.synth_result_id_to_name_cp932[827] = string.char(0x96,0xD1,0x90,0x44,0x95,0xA8)
xi.synth_result_id_to_name_cp932[828] = string.char(0x83,0x72,0x83,0x8D,0x81,0x5B,0x83,0x68)
xi.synth_result_id_to_name_cp932[829] = string.char(0x8C,0xA6,0x95,0x7A)
xi.synth_result_id_to_name_cp932[830] = string.char(0x93,0xF8,0x95,0x7A)
xi.synth_result_id_to_name_cp932[831] = string.char(0x8C,0xF5,0x95,0x7A)
xi.synth_result_id_to_name_cp932[832] = string.char(0x97,0x72,0x96,0xD1)
xi.synth_result_id_to_name_cp932[833] = string.char(0x83,0x82,0x83,0x52,0x91,0x90)
xi.synth_result_id_to_name_cp932[834] = string.char(0x83,0x54,0x83,0x8B,0x83,0x5E,0x96,0xC8,0x89,0xD4)
xi.synth_result_id_to_name_cp932[835] = string.char(0x88,0x9F,0x96,0x83)
xi.synth_result_id_to_name_cp932[836] = string.char(0x83,0x5F,0x83,0x7D,0x83,0x58,0x83,0x4E,0x90,0x44,0x95,0xA8)
xi.synth_result_id_to_name_cp932[837] = string.char(0x83,0x82,0x83,0x8B,0x83,0x7B,0x83,0x8B,0x94,0x53,0x8E,0x85)
xi.synth_result_id_to_name_cp932[838] = string.char(0x92,0x77,0xE5,0x81,0x82,0xCC,0x96,0xD4)
xi.synth_result_id_to_name_cp932[839] = string.char(0x83,0x4E,0x83,0x8D,0x83,0x45,0x83,0x89,0x81,0x5B,0x82,0xCC,0x96,0x9A)
xi.synth_result_id_to_name_cp932[840] = string.char(0x83,0x60,0x83,0x87,0x83,0x52,0x83,0x7B,0x82,0xCC,0x89,0x48,0x8D,0xAA)
xi.synth_result_id_to_name_cp932[841] = string.char(0x83,0x84,0x83,0x4F,0x81,0x5B,0x83,0x68,0x82,0xCC,0x89,0x48,0x8D,0xAA)
xi.synth_result_id_to_name_cp932[842] = string.char(0x91,0xE5,0x92,0xB9,0x82,0xCC,0x89,0x48,0x8D,0xAA)
xi.synth_result_id_to_name_cp932[843] = string.char(0x91,0xE5,0x92,0xB9,0x82,0xCC,0x94,0xF6,0x89,0x48,0x8D,0xAA)
xi.synth_result_id_to_name_cp932[844] = string.char(0x83,0x74,0x83,0x46,0x83,0x6A,0x83,0x62,0x83,0x4E,0x83,0x58,0x82,0xCC,0x94,0xF6)
xi.synth_result_id_to_name_cp932[845] = string.char(0x8D,0x95,0x83,0x60,0x83,0x87,0x83,0x52,0x83,0x7B,0x82,0xCC,0x89,0x48,0x8D,0xAA)
xi.synth_result_id_to_name_cp932[846] = string.char(0x92,0x8E,0x82,0xCC,0xE3,0xC0)
xi.synth_result_id_to_name_cp932[847] = string.char(0x92,0xB9,0x82,0xCC,0x89,0x48,0x8D,0xAA)
xi.synth_result_id_to_name_cp932[848] = string.char(0x83,0x5F,0x83,0x8B,0x83,0x81,0x83,0x8B,0x82,0xCC,0x82,0xC8,0x82,0xDF,0x82,0xB5,0x8A,0x76)
xi.synth_result_id_to_name_cp932[849] = string.char(0x95,0x73,0x8E,0x80,0x82,0xCC,0x94,0xE7)
xi.synth_result_id_to_name_cp932[850] = string.char(0x91,0xE5,0x97,0x72,0x82,0xCC,0x82,0xC8,0x82,0xDF,0x82,0xB5,0x8A,0x76)
xi.synth_result_id_to_name_cp932[851] = string.char(0x97,0x59,0x97,0x72,0x82,0xCC,0x82,0xC8,0x82,0xDF,0x82,0xB5,0x8A,0x76)
xi.synth_result_id_to_name_cp932[852] = string.char(0x83,0x67,0x83,0x4A,0x83,0x51,0x82,0xCC,0x94,0xE7)
xi.synth_result_id_to_name_cp932[853] = string.char(0x83,0x89,0x83,0x76,0x83,0x67,0x83,0x8B,0x82,0xCC,0x94,0xE7)
xi.synth_result_id_to_name_cp932[854] = string.char(0x83,0x52,0x83,0x4A,0x83,0x67,0x83,0x8A,0x83,0x58,0x82,0xCC,0x94,0xE7)
xi.synth_result_id_to_name_cp932[855] = string.char(0x8D,0x95,0x8C,0xD5,0x82,0xCC,0x82,0xC8,0x82,0xDF,0x82,0xB5,0x8A,0x76)
xi.synth_result_id_to_name_cp932[856] = string.char(0x96,0xEC,0x93,0x65,0x82,0xCC,0x96,0xD1,0x94,0xE7)
xi.synth_result_id_to_name_cp932[857] = string.char(0x83,0x5F,0x83,0x8B,0x83,0x81,0x83,0x8B,0x82,0xCC,0x96,0xD1,0x94,0xE7)
xi.synth_result_id_to_name_cp932[858] = string.char(0x98,0x54,0x82,0xCC,0x96,0xD1,0x94,0xE7)
xi.synth_result_id_to_name_cp932[859] = string.char(0x97,0x59,0x97,0x72,0x82,0xCC,0x96,0xD1,0x94,0xE7)
xi.synth_result_id_to_name_cp932[860] = string.char(0x83,0x78,0x83,0x71,0x81,0x5B,0x83,0x82,0x83,0x58,0x82,0xCC,0x96,0xD1,0x94,0xE7)
xi.synth_result_id_to_name_cp932[861] = string.char(0x8D,0x95,0x8C,0xD5,0x82,0xCC,0x96,0xD1,0x94,0xE7)
xi.synth_result_id_to_name_cp932[862] = string.char(0x83,0x78,0x83,0x71,0x81,0x5B,0x83,0x82,0x83,0x58,0x82,0xC8,0x82,0xDF,0x82,0xB5,0x8A,0x76)
xi.synth_result_id_to_name_cp932[863] = string.char(0x83,0x4E,0x83,0x40,0x81,0x5B,0x83,0x8B,0x82,0xCC,0x96,0xD1,0x94,0xE7)
xi.synth_result_id_to_name_cp932[864] = string.char(0x8B,0x9B,0x82,0xCC,0x97,0xD8)
xi.synth_result_id_to_name_cp932[865] = string.char(0x83,0x6A,0x81,0x5B,0x83,0x59,0x83,0x77,0x83,0x62,0x83,0x4F,0x82,0xCC,0x97,0xD8)
xi.synth_result_id_to_name_cp932[866] = string.char(0x94,0xF2,0x97,0xB3,0x82,0xCC,0x97,0xD8)
xi.synth_result_id_to_name_cp932[867] = string.char(0x97,0xB4,0x82,0xCC,0x97,0xD8)
xi.synth_result_id_to_name_cp932[868] = string.char(0x97,0xA4,0x8B,0x9B,0x82,0xCC,0x97,0xD8)
xi.synth_result_id_to_name_cp932[869] = string.char(0x83,0x67,0x83,0x4A,0x83,0x51,0x82,0xCC,0x94,0xB2,0x82,0xAF,0x8A,0x6B)
xi.synth_result_id_to_name_cp932[870] = string.char(0x8A,0x8A,0x82,0xE7,0x82,0xA9,0x82,0xC8,0x91,0xE5,0x97,0x72,0x8A,0x76)
xi.synth_result_id_to_name_cp932[871] = string.char(0x9E,0x4F,0x82,0xC8,0x98,0x54,0x94,0xE7)
xi.synth_result_id_to_name_cp932[872] = string.char(0x8F,0xE4,0x95,0x76,0x82,0xC8,0x83,0x5F,0x83,0x8B,0x83,0x81,0x83,0x8B,0x8A,0x76)
xi.synth_result_id_to_name_cp932[873] = string.char(0x8C,0x79,0x97,0xCA,0x82,0xC8,0x97,0x59,0x97,0x72,0x8A,0x76)
xi.synth_result_id_to_name_cp932[874] = string.char(0x83,0x41,0x83,0x7D,0x83,0x8B,0x83,0x65,0x83,0x41,0x82,0xCC,0x96,0xD1,0x94,0xE7)
xi.synth_result_id_to_name_cp932[875] = string.char(0x83,0x41,0x83,0x7D,0x83,0x8B,0x83,0x65,0x83,0x41,0x82,0xC8,0x82,0xDF,0x82,0xB5,0x8A,0x76)
xi.synth_result_id_to_name_cp932[876] = string.char(0x83,0x7D,0x83,0x93,0x83,0x5E,0x82,0xCC,0x94,0xE7)
xi.synth_result_id_to_name_cp932[877] = string.char(0x83,0x7D,0x83,0x93,0x83,0x5E,0x82,0xCC,0x82,0xC8,0x82,0xDF,0x82,0xB5,0x8A,0x76)
xi.synth_result_id_to_name_cp932[878] = string.char(0x83,0x4A,0x83,0x89,0x83,0x4E,0x81,0x5B,0x83,0x8B,0x82,0xCC,0x96,0xD1,0x94,0xE7)
xi.synth_result_id_to_name_cp932[879] = string.char(0x83,0x4A,0x83,0x89,0x83,0x4E,0x81,0x5B,0x83,0x8B,0x82,0xC8,0x82,0xDF,0x82,0xB5,0x8A,0x76)
xi.synth_result_id_to_name_cp932[880] = string.char(0x8D,0x9C,0x82,0xAD,0x82,0xB8)
xi.synth_result_id_to_name_cp932[881] = string.char(0x97,0xA4,0x83,0x4B,0x83,0x6A,0x82,0xCC,0x8D,0x62,0x8A,0x6B)
xi.synth_result_id_to_name_cp932[882] = string.char(0x91,0xE5,0x97,0x72,0x82,0xCC,0x8E,0x95)
xi.synth_result_id_to_name_cp932[883] = string.char(0x83,0x78,0x83,0x71,0x81,0x5B,0x83,0x82,0x83,0x58,0x82,0xCC,0x8A,0x70)
xi.synth_result_id_to_name_cp932[884] = string.char(0x8D,0x95,0x8C,0xD5,0x82,0xCC,0x89,0xE5)
xi.synth_result_id_to_name_cp932[885] = string.char(0x8A,0x43,0x8B,0x54,0x82,0xCC,0x8D,0x62,0x97,0x85)
xi.synth_result_id_to_name_cp932[886] = string.char(0x96,0x82,0x90,0x6C,0x82,0xCC,0x82,0xC7,0x82,0xAD,0x82,0xEB)
xi.synth_result_id_to_name_cp932[887] = string.char(0x8E,0x58,0x8C,0xE8,0x82,0xCC,0x82,0xA9,0x82,0xAF,0x82,0xE7)
xi.synth_result_id_to_name_cp932[888] = string.char(0x8A,0x4C,0x8A,0x6B)
xi.synth_result_id_to_name_cp932[889] = string.char(0x8D,0x62,0x92,0x8E,0x82,0xCC,0x8D,0x62,0x8A,0x6B)
xi.synth_result_id_to_name_cp932[891] = string.char(0x83,0x52,0x83,0x45,0x83,0x82,0x83,0x8A,0x82,0xCC,0x89,0xE5)
xi.synth_result_id_to_name_cp932[893] = string.char(0x8B,0x90,0x91,0xE5,0x82,0xC8,0x91,0xE5,0x91,0xDA,0x8D,0x9C)
xi.synth_result_id_to_name_cp932[894] = string.char(0x8D,0x62,0x92,0x8E,0x82,0xCC,0x83,0x41,0x83,0x53)
xi.synth_result_id_to_name_cp932[895] = string.char(0x97,0x59,0x97,0x72,0x82,0xCC,0x8A,0x70)
xi.synth_result_id_to_name_cp932[896] = string.char(0x91,0xE5,0x83,0x54,0x83,0x5C,0x83,0x8A,0x82,0xCC,0x8D,0x62,0x8A,0x6B)
xi.synth_result_id_to_name_cp932[897] = string.char(0x91,0xE5,0x83,0x54,0x83,0x5C,0x83,0x8A,0x82,0xCC,0x92,0xDC)
xi.synth_result_id_to_name_cp932[898] = string.char(0x82,0xAA,0x82,0xE7)
xi.synth_result_id_to_name_cp932[900] = string.char(0x8B,0x9B,0x82,0xCC,0x8D,0x9C)
xi.synth_result_id_to_name_cp932[901] = string.char(0x8C,0x80,0x93,0xC5,0x83,0x54,0x83,0x5C,0x83,0x8A,0x82,0xCC,0x92,0xDC)
xi.synth_result_id_to_name_cp932[902] = string.char(0x96,0x82,0x90,0x6C,0x82,0xCC,0x8A,0x70)
xi.synth_result_id_to_name_cp932[903] = string.char(0x97,0xB4,0x82,0xCC,0x92,0xDC)
xi.synth_result_id_to_name_cp932[905] = string.char(0x94,0xF2,0x97,0xB3,0x82,0xCC,0x93,0xAA,0x8D,0x9C)
xi.synth_result_id_to_name_cp932[908] = string.char(0x8B,0xE0,0x8D,0x84,0x8B,0x54,0x82,0xCC,0x8D,0x62,0x97,0x85)
xi.synth_result_id_to_name_cp932[909] = string.char(0x83,0x4D,0x81,0x5B,0x83,0x94,0x83,0x8B,0x82,0xCC,0x93,0xAA,0x8D,0x9C)
xi.synth_result_id_to_name_cp932[912] = string.char(0x96,0x49,0x82,0xCC,0x91,0x83,0x82,0xCC,0x82,0xA9,0x82,0xAF,0x82,0xE7)
xi.synth_result_id_to_name_cp932[913] = string.char(0x96,0xA8,0x98,0x58)
xi.synth_result_id_to_name_cp932[914] = string.char(0x90,0x85,0x8B,0xE2)
xi.synth_result_id_to_name_cp932[915] = string.char(0x83,0x4B,0x83,0x7D,0x82,0xCC,0x96,0xFB)
xi.synth_result_id_to_name_cp932[917] = string.char(0x97,0x72,0x94,0xE7,0x8E,0x86)
xi.synth_result_id_to_name_cp932[918] = string.char(0x8F,0x68,0x96,0xD8)
xi.synth_result_id_to_name_cp932[919] = string.char(0x83,0x7B,0x83,0x84,0x81,0x5B,0x83,0x5F,0x91,0xDB)
xi.synth_result_id_to_name_cp932[920] = string.char(0x83,0x82,0x83,0x8B,0x83,0x7B,0x83,0x8B,0x82,0xCC,0x82,0xC2,0x82,0xE9)
xi.synth_result_id_to_name_cp932[921] = string.char(0x83,0x41,0x81,0x5B,0x83,0x8A,0x83,0x7D,0x83,0x93,0x82,0xCC,0x97,0xDC)
xi.synth_result_id_to_name_cp932[922] = string.char(0x83,0x52,0x83,0x45,0x83,0x82,0x83,0x8A,0x82,0xCC,0x97,0x83)
xi.synth_result_id_to_name_cp932[923] = string.char(0x96,0xD8,0x97,0xEC,0x82,0xCC,0x8D,0xAA)
xi.synth_result_id_to_name_cp932[924] = string.char(0x96,0x82,0x95,0xA8,0x82,0xCC,0x8C,0x8C)
xi.synth_result_id_to_name_cp932[925] = string.char(0x96,0x49,0x82,0xCC,0x88,0xEA,0x8E,0x68,0x82,0xB5)
xi.synth_result_id_to_name_cp932[926] = string.char(0x83,0x67,0x83,0x4A,0x83,0x51,0x82,0xCC,0x90,0x4B,0x94,0xF6)
xi.synth_result_id_to_name_cp932[927] = string.char(0x83,0x4E,0x83,0x40,0x81,0x5B,0x83,0x8B,0x82,0xCC,0x95,0x45)
xi.synth_result_id_to_name_cp932[928] = string.char(0x83,0x7B,0x83,0x80,0x82,0xCC,0x8A,0x44)
xi.synth_result_id_to_name_cp932[929] = string.char(0x8D,0x95,0x83,0x43,0x83,0x93,0x83,0x4E)
xi.synth_result_id_to_name_cp932[930] = string.char(0x8F,0x62,0x90,0x6C,0x82,0xCC,0x8C,0x8C)
xi.synth_result_id_to_name_cp932[931] = string.char(0x83,0x54,0x81,0x5B,0x83,0x81,0x83,0x62,0x83,0x67,0x83,0x60,0x83,0x62,0x83,0x76,0x83,0x58)
xi.synth_result_id_to_name_cp932[932] = string.char(0x83,0x4A,0x81,0x5B,0x83,0x7B,0x83,0x93,0x83,0x74,0x83,0x40,0x83,0x43,0x83,0x6F,0x81,0x5B)
xi.synth_result_id_to_name_cp932[933] = string.char(0x83,0x4F,0x83,0x89,0x83,0x58,0x83,0x74,0x83,0x40,0x83,0x43,0x83,0x6F,0x81,0x5B)
xi.synth_result_id_to_name_cp932[934] = string.char(0x83,0x86,0x83,0x5E,0x83,0x93,0x83,0x4B,0x82,0xCC,0x97,0xB0,0x89,0xA9)
xi.synth_result_id_to_name_cp932[935] = string.char(0x83,0x41,0x81,0x5B,0x83,0x8A,0x83,0x7D,0x83,0x93,0x82,0xCC,0x97,0x83)
xi.synth_result_id_to_name_cp932[936] = string.char(0x8A,0xE2,0x89,0x96)
xi.synth_result_id_to_name_cp932[937] = string.char(0x82,0xC9,0x82,0xA9,0x82,0xED)
xi.synth_result_id_to_name_cp932[939] = string.char(0x83,0x77,0x83,0x4E,0x83,0x67,0x83,0x41,0x83,0x43,0x83,0x59,0x82,0xCC,0x8A,0xE1)
xi.synth_result_id_to_name_cp932[940] = string.char(0x94,0xBD,0x8D,0xB0,0x8E,0xF7,0x82,0xCC,0x8D,0xAA)
xi.synth_result_id_to_name_cp932[941] = string.char(0x83,0x8C,0x83,0x62,0x83,0x68,0x83,0x8D,0x81,0x5B,0x83,0x59)
xi.synth_result_id_to_name_cp932[942] = string.char(0x8C,0xAB,0x8E,0xD2,0x82,0xCC,0x90,0xCE)
xi.synth_result_id_to_name_cp932[943] = string.char(0x93,0xC5,0x91,0x66)
xi.synth_result_id_to_name_cp932[944] = string.char(0x96,0xD2,0x93,0xC5,0x91,0x66)
xi.synth_result_id_to_name_cp932[945] = string.char(0x83,0x7D,0x83,0x71,0x93,0xC5,0x91,0x66)
xi.synth_result_id_to_name_cp932[947] = string.char(0x94,0xAD,0x89,0xCE,0x96,0xF2)
xi.synth_result_id_to_name_cp932[949] = string.char(0x83,0x8C,0x83,0x43,0x83,0x93,0x83,0x8A,0x83,0x8A,0x81,0x5B)
xi.synth_result_id_to_name_cp932[950] = string.char(0x83,0x5E,0x83,0x8D,0x83,0x93,0x83,0x4D,0x83,0x4A,0x83,0x4E,0x83,0x5E,0x83,0x58)
xi.synth_result_id_to_name_cp932[951] = string.char(0x83,0x77,0x83,0x93,0x83,0x8B,0x81,0x5B,0x83,0x5F)
xi.synth_result_id_to_name_cp932[952] = string.char(0x93,0xC5,0x94,0x9E,0x95,0xB2)
xi.synth_result_id_to_name_cp932[953] = string.char(0x83,0x67,0x83,0x8C,0x83,0x93,0x83,0x67,0x82,0xCC,0x8B,0x85,0x8D,0xAA)
xi.synth_result_id_to_name_cp932[954] = string.char(0x83,0x7C,0x83,0x62,0x83,0x67,0x82,0xCC,0x94,0x6A,0x95,0xD0)
xi.synth_result_id_to_name_cp932[955] = string.char(0x83,0x53,0x81,0x5B,0x83,0x8C,0x83,0x80,0x82,0xCC,0x94,0x6A,0x95,0xD0)
xi.synth_result_id_to_name_cp932[956] = string.char(0x83,0x89,0x83,0x43,0x83,0x89,0x83,0x62,0x83,0x4E)
xi.synth_result_id_to_name_cp932[957] = string.char(0x83,0x41,0x83,0x7D,0x83,0x8A,0x83,0x8A,0x83,0x58)
xi.synth_result_id_to_name_cp932[1019] = string.char(0x83,0x8B,0x83,0x74,0x83,0x46,0x8C,0xCE,0x82,0xCC,0x89,0x96)
xi.synth_result_id_to_name_cp932[1020] = string.char(0x91,0x90,0x8A,0xA0,0x8A,0x99)
xi.synth_result_id_to_name_cp932[1021] = string.char(0x82,0xDC,0x82,0xB3,0x82,0xA9,0x82,0xE8)
xi.synth_result_id_to_name_cp932[1022] = string.char(0x83,0x56,0x81,0x5B,0x83,0x74,0x83,0x63,0x81,0x5B,0x83,0x8B)
xi.synth_result_id_to_name_cp932[1023] = string.char(0x83,0x8A,0x83,0x72,0x83,0x93,0x83,0x4F,0x83,0x4C,0x81,0x5B)
xi.synth_result_id_to_name_cp932[1108] = string.char(0x97,0xB0,0x89,0xA9)
xi.synth_result_id_to_name_cp932[1109] = string.char(0x90,0x6C,0x8D,0x48,0x83,0x8C,0x83,0x93,0x83,0x59)
xi.synth_result_id_to_name_cp932[1110] = string.char(0x8D,0x95,0x8D,0x62,0x92,0x8E,0x82,0xCC,0x91,0xCC,0x89,0x74)
xi.synth_result_id_to_name_cp932[1111] = string.char(0x83,0x5B,0x83,0x89,0x83,0x60,0x83,0x93)
xi.synth_result_id_to_name_cp932[1115] = string.char(0x83,0x58,0x83,0x50,0x83,0x8B,0x83,0x67,0x83,0x93,0x83,0x4C,0x81,0x5B)
xi.synth_result_id_to_name_cp932[1116] = string.char(0x97,0x4C,0x97,0x83,0x8E,0x82,0x8E,0x71,0x82,0xCC,0x96,0xD1,0x94,0xE7)
xi.synth_result_id_to_name_cp932[1117] = string.char(0x97,0x4C,0x97,0x83,0x8E,0x82,0x8E,0x71,0x82,0xCC,0x82,0xC8,0x82,0xDF,0x82,0xB5,0x8A,0x76)
xi.synth_result_id_to_name_cp932[1118] = string.char(0x83,0x41,0x83,0x93,0x83,0x65,0x83,0x42,0x83,0x4A,0x82,0xCC,0x8C,0xA8,0x8D,0x62)
xi.synth_result_id_to_name_cp932[1120] = string.char(0x83,0x4A,0x83,0x54,0x83,0x75,0x83,0x89,0x83,0x93,0x83,0x4A)
xi.synth_result_id_to_name_cp932[1121] = string.char(0x83,0x41,0x83,0x93,0x83,0x65,0x83,0x42,0x83,0x4A,0x82,0xCC,0x83,0x7B,0x83,0x8D)
xi.synth_result_id_to_name_cp932[1122] = string.char(0x94,0xF2,0x97,0xB3,0x82,0xCC,0x94,0xE7)
xi.synth_result_id_to_name_cp932[1123] = string.char(0x97,0x4C,0x97,0x83,0x8E,0x82,0x8E,0x71,0x82,0xCC,0x89,0xE5)
xi.synth_result_id_to_name_cp932[1124] = string.char(0x94,0xF2,0x97,0xB3,0x82,0xCC,0x97,0x83)
xi.synth_result_id_to_name_cp932[1132] = string.char(0x97,0x85,0x8E,0xD1)
xi.synth_result_id_to_name_cp932[1133] = string.char(0x97,0xB4,0x82,0xCC,0x8C,0x8C)
xi.synth_result_id_to_name_cp932[1134] = string.char(0x90,0x78,0x94,0xE7,0x8E,0x86)
xi.synth_result_id_to_name_cp932[1155] = string.char(0x8D,0xBB,0x93,0x53)
xi.synth_result_id_to_name_cp932[1156] = string.char(0x83,0x4E,0x83,0x8D,0x83,0x45,0x83,0x89,0x81,0x5B,0x82,0xCC,0x90,0xCE)
xi.synth_result_id_to_name_cp932[1161] = string.char(0x91,0xC5,0x92,0x7C)
xi.synth_result_id_to_name_cp932[1163] = string.char(0x97,0x4C,0x97,0x83,0x8E,0x82,0x8E,0x71,0x82,0xCC,0x82,0xBD,0x82,0xC4,0x82,0xAA,0x82,0xDD)
xi.synth_result_id_to_name_cp932[1164] = string.char(0x95,0x58,0x92,0x8C)
xi.synth_result_id_to_name_cp932[1165] = string.char(0x83,0x68,0x81,0x5B,0x83,0x8B,0x82,0xCC,0x94,0x6A,0x95,0xD0)
xi.synth_result_id_to_name_cp932[1167] = string.char(0xE5,0x9E,0xE5,0x95,0x90,0xEE)
xi.synth_result_id_to_name_cp932[1170] = string.char(0x8E,0x54,0x95,0x48)
xi.synth_result_id_to_name_cp932[1173] = string.char(0x94,0xF0,0x97,0x8B,0x90,0x6A)
xi.synth_result_id_to_name_cp932[1176] = string.char(0x90,0x85,0x93,0x53,0x96,0x43)
xi.synth_result_id_to_name_cp932[1179] = string.char(0x8E,0x86,0x95,0xBA)
xi.synth_result_id_to_name_cp932[1182] = string.char(0x8E,0xF4,0x8E,0x44)
xi.synth_result_id_to_name_cp932[1185] = string.char(0x8A,0x62,0x93,0xEA)
xi.synth_result_id_to_name_cp932[1188] = string.char(0x8D,0xC3,0x97,0xDC,0x97,0x91)
xi.synth_result_id_to_name_cp932[1191] = string.char(0xE5,0xC1,0x93,0xC5)
xi.synth_result_id_to_name_cp932[1193] = string.char(0x8F,0xE3,0x8E,0xBF,0x82,0xC8,0x97,0xA4,0x83,0x4B,0x83,0x6A,0x82,0xCC,0x8D,0x62,0x8A,0x6B)
xi.synth_result_id_to_name_cp932[1194] = string.char(0x94,0x45,0x91,0xAB,0x91,0xDC)
xi.synth_result_id_to_name_cp932[1196] = string.char(0x83,0x4C,0x83,0x4C,0x83,0x8B,0x83,0x93,0x82,0xCC,0x83,0x50,0x81,0x5B,0x83,0x76)
xi.synth_result_id_to_name_cp932[1211] = string.char(0x83,0x75,0x83,0x8D,0x83,0x93,0x83,0x59,0x83,0x7B,0x83,0x8B,0x83,0x67,0x82,0xCC,0xE8,0x56)
xi.synth_result_id_to_name_cp932[1212] = string.char(0x83,0x7E,0x83,0x58,0x83,0x8A,0x83,0x8B,0x83,0x7B,0x83,0x8B,0x83,0x67,0x82,0xCC,0xE8,0x56)
xi.synth_result_id_to_name_cp932[1213] = string.char(0x83,0x5F,0x81,0x5B,0x83,0x4E,0x83,0x7B,0x83,0x8B,0x83,0x67,0x82,0xCC,0xE8,0x56)
xi.synth_result_id_to_name_cp932[1214] = string.char(0x90,0xCE,0x82,0xCC,0x96,0xEE,0x90,0x4B)
xi.synth_result_id_to_name_cp932[1215] = string.char(0x8D,0x9C,0x82,0xCC,0x96,0xEE,0x90,0x4B)
xi.synth_result_id_to_name_cp932[1216] = string.char(0x93,0x53,0x82,0xCC,0x96,0xEE,0x90,0x4B)
xi.synth_result_id_to_name_cp932[1217] = string.char(0x8B,0xE2,0x82,0xCC,0x96,0xEE,0x90,0x4B)
xi.synth_result_id_to_name_cp932[1218] = string.char(0x89,0x8A,0x82,0xCC,0x96,0xEE,0x90,0x4B)
xi.synth_result_id_to_name_cp932[1219] = string.char(0x95,0x58,0x82,0xCC,0x96,0xEE,0x90,0x4B)
xi.synth_result_id_to_name_cp932[1220] = string.char(0x97,0x8B,0x82,0xCC,0x96,0xEE,0x90,0x4B)
xi.synth_result_id_to_name_cp932[1221] = string.char(0x83,0x60,0x83,0x87,0x83,0x52,0x83,0x7B,0x82,0xCC,0x96,0xEE,0x89,0x48,0x8D,0xAA)
xi.synth_result_id_to_name_cp932[1222] = string.char(0x83,0x84,0x83,0x4F,0x81,0x5B,0x83,0x68,0x82,0xCC,0x96,0xEE,0x89,0x48,0x8D,0xAA)
xi.synth_result_id_to_name_cp932[1223] = string.char(0x92,0xB9,0x82,0xCC,0x96,0xEE,0x89,0x48,0x8D,0xAA)
xi.synth_result_id_to_name_cp932[1224] = string.char(0x92,0x8E,0x82,0xCC,0x96,0xEE,0x89,0x48,0x8D,0xAA)
xi.synth_result_id_to_name_cp932[1225] = string.char(0x83,0x53,0x81,0x5B,0x83,0x8B,0x83,0x68,0x83,0x69,0x83,0x51,0x83,0x62,0x83,0x67)
xi.synth_result_id_to_name_cp932[1226] = string.char(0x83,0x7E,0x83,0x58,0x83,0x8A,0x83,0x8B,0x83,0x69,0x83,0x51,0x83,0x62,0x83,0x67)
xi.synth_result_id_to_name_cp932[1227] = string.char(0x83,0x76,0x83,0x89,0x83,0x60,0x83,0x69,0x83,0x69,0x83,0x51,0x83,0x62,0x83,0x67)
xi.synth_result_id_to_name_cp932[1228] = string.char(0x83,0x5F,0x81,0x5B,0x83,0x4E,0x83,0x69,0x83,0x51,0x83,0x62,0x83,0x67)
xi.synth_result_id_to_name_cp932[1229] = string.char(0x83,0x41,0x83,0x5F,0x83,0x7D,0x83,0x93,0x83,0x69,0x83,0x51,0x83,0x62,0x83,0x67)
xi.synth_result_id_to_name_cp932[1230] = string.char(0x83,0x4A,0x83,0x62,0x83,0x70,0x81,0x5B,0x83,0x69,0x83,0x51,0x83,0x62,0x83,0x67)
xi.synth_result_id_to_name_cp932[1231] = string.char(0x83,0x75,0x83,0x89,0x83,0x58,0x83,0x69,0x83,0x51,0x83,0x62,0x83,0x67)
xi.synth_result_id_to_name_cp932[1232] = string.char(0x83,0x75,0x83,0x8D,0x83,0x93,0x83,0x59,0x83,0x69,0x83,0x51,0x83,0x62,0x83,0x67)
xi.synth_result_id_to_name_cp932[1233] = string.char(0x83,0x56,0x83,0x8B,0x83,0x6F,0x81,0x5B,0x83,0x69,0x83,0x51,0x83,0x62,0x83,0x67)
xi.synth_result_id_to_name_cp932[1234] = string.char(0x83,0x41,0x83,0x43,0x83,0x41,0x83,0x93,0x83,0x69,0x83,0x51,0x83,0x62,0x83,0x67)
xi.synth_result_id_to_name_cp932[1235] = string.char(0x83,0x58,0x83,0x60,0x81,0x5B,0x83,0x8B,0x83,0x69,0x83,0x51,0x83,0x62,0x83,0x67)
xi.synth_result_id_to_name_cp932[1239] = string.char(0x83,0x53,0x83,0x75,0x83,0x8A,0x83,0x93,0x90,0x6C,0x8C,0x60)
xi.synth_result_id_to_name_cp932[1240] = string.char(0x93,0xC6,0x8A,0x79)
xi.synth_result_id_to_name_cp932[1241] = string.char(0x83,0x63,0x83,0x43,0x83,0x93,0x83,0x4E,0x83,0x8B,0x83,0x70,0x83,0x45,0x83,0x5F,0x81,0x5B)
xi.synth_result_id_to_name_cp932[1242] = string.char(0x88,0xC3,0x88,0xC5,0x82,0xCC,0xE8,0x56)
xi.synth_result_id_to_name_cp932[1243] = string.char(0x97,0x6E,0x89,0xF0,0x82,0xCC,0xE8,0x56)
xi.synth_result_id_to_name_cp932[1244] = string.char(0x90,0xB9,0x82,0xC8,0x82,0xE9,0xE8,0x56)
xi.synth_result_id_to_name_cp932[1245] = string.char(0x96,0xD2,0x93,0xC5,0x82,0xCC,0xE8,0x56)
xi.synth_result_id_to_name_cp932[1246] = string.char(0x8E,0xD7,0x82,0xC8,0x82,0xE9,0xE8,0x56)
xi.synth_result_id_to_name_cp932[1247] = string.char(0x96,0xB0,0x82,0xE8,0x82,0xCC,0xE8,0x56)
xi.synth_result_id_to_name_cp932[1248] = string.char(0x8D,0x62,0x92,0x8E,0x82,0xCC,0x96,0xEE,0x90,0x4B)
xi.synth_result_id_to_name_cp932[1249] = string.char(0x8A,0x70,0x82,0xCC,0x96,0xEE,0x90,0x4B)
xi.synth_result_id_to_name_cp932[1250] = string.char(0x83,0x54,0x83,0x5C,0x83,0x8A,0x82,0xCC,0x96,0xEE,0x90,0x4B)
xi.synth_result_id_to_name_cp932[1251] = string.char(0x96,0x82,0x90,0x6C,0x82,0xCC,0x96,0xEE,0x90,0x4B)
xi.synth_result_id_to_name_cp932[1252] = string.char(0x93,0xC5,0x82,0xCC,0x96,0xEE,0x90,0x4B)
xi.synth_result_id_to_name_cp932[1253] = string.char(0x96,0xB0,0x82,0xE8,0x82,0xCC,0x96,0xEE,0x90,0x4B)
xi.synth_result_id_to_name_cp932[1254] = string.char(0x8D,0x95,0x83,0x60,0x83,0x87,0x83,0x52,0x83,0x7B,0x82,0xCC,0x96,0xEE,0x89,0x48,0x8D,0xAA)
xi.synth_result_id_to_name_cp932[1255] = string.char(0x89,0x8A,0x82,0xCC,0x8D,0x7A,0x90,0xCE)
xi.synth_result_id_to_name_cp932[1256] = string.char(0x95,0x58,0x82,0xCC,0x8D,0x7A,0x90,0xCE)
xi.synth_result_id_to_name_cp932[1257] = string.char(0x95,0x97,0x82,0xCC,0x8D,0x7A,0x90,0xCE)
xi.synth_result_id_to_name_cp932[1258] = string.char(0x93,0x79,0x82,0xCC,0x8D,0x7A,0x90,0xCE)
xi.synth_result_id_to_name_cp932[1259] = string.char(0x97,0x8B,0x82,0xCC,0x8D,0x7A,0x90,0xCE)
xi.synth_result_id_to_name_cp932[1260] = string.char(0x90,0x85,0x82,0xCC,0x8D,0x7A,0x90,0xCE)
xi.synth_result_id_to_name_cp932[1261] = string.char(0x8C,0xF5,0x82,0xCC,0x8D,0x7A,0x90,0xCE)
xi.synth_result_id_to_name_cp932[1262] = string.char(0x88,0xC5,0x82,0xCC,0x8D,0x7A,0x90,0xCE)
xi.synth_result_id_to_name_cp932[1263] = string.char(0x83,0x8C,0x83,0x56,0x83,0x87,0x81,0x5B,0x83,0x93,0x83,0x60,0x82,0xCC,0x8B,0x85,0x8D,0xAA)
xi.synth_result_id_to_name_cp932[1264] = string.char(0x91,0xE5,0x83,0x7B,0x83,0x84,0x81,0x5B,0x83,0x5F,0x91,0xDB)
xi.synth_result_id_to_name_cp932[1265] = string.char(0x83,0x52,0x83,0x8A,0x83,0x4B,0x83,0x93,0x82,0xCC,0x8E,0x6C,0x97,0x74)
xi.synth_result_id_to_name_cp932[1269] = string.char(0x83,0x7D,0x83,0x69,0x83,0x6F,0x83,0x8C,0x83,0x8B)
xi.synth_result_id_to_name_cp932[1270] = string.char(0x83,0x41,0x83,0x89,0x83,0x4E,0x83,0x6C,0x82,0xCC,0x96,0xD4)
xi.synth_result_id_to_name_cp932[1271] = string.char(0x83,0x73,0x83,0x57,0x83,0x87,0x83,0x93,0x83,0x75,0x83,0x89,0x83,0x62,0x83,0x68)
xi.synth_result_id_to_name_cp932[1272] = string.char(0x83,0x41,0x83,0x8A,0x83,0x49,0x83,0x4E,0x82,0xCC,0x89,0xE5)
xi.synth_result_id_to_name_cp932[1273] = string.char(0x83,0x69,0x83,0x80,0x83,0x5E,0x83,0x8B,0x82,0xCC,0x8D,0x9C)
xi.synth_result_id_to_name_cp932[1274] = string.char(0x93,0xEC,0x97,0x6D,0x90,0x5E,0x8E,0xEC)
xi.synth_result_id_to_name_cp932[1275] = string.char(0x83,0x41,0x83,0x81,0x83,0x7E,0x83,0x62,0x83,0x67,0x82,0xCC,0x94,0xE7)
xi.synth_result_id_to_name_cp932[1276] = string.char(0x83,0x5E,0x83,0x89,0x83,0x58,0x83,0x4E,0x82,0xCC,0x94,0xE7)
xi.synth_result_id_to_name_cp932[1277] = string.char(0x83,0x8A,0x83,0x93,0x83,0x68,0x83,0x45,0x83,0x8B,0x83,0x80,0x82,0xCC,0x94,0xE7)
xi.synth_result_id_to_name_cp932[1278] = string.char(0x8B,0xCA,0x8E,0x85)
xi.synth_result_id_to_name_cp932[1279] = string.char(0x83,0x5E,0x83,0x74,0x83,0x5E,0x90,0x44,0x95,0xA8)
xi.synth_result_id_to_name_cp932[1280] = string.char(0x83,0x54,0x81,0x5B,0x83,0x5A,0x83,0x6C,0x83,0x62,0x83,0x67,0x90,0x44,0x95,0xA8)
xi.synth_result_id_to_name_cp932[1281] = string.char(0x83,0x60,0x83,0x46,0x83,0x72,0x83,0x49,0x83,0x62,0x83,0x67,0x90,0x44,0x95,0xA8)
xi.synth_result_id_to_name_cp932[1282] = string.char(0x83,0x74,0x83,0x89,0x83,0x45,0x83,0x8D,0x83,0x58,0x82,0xCC,0x95,0x45)
xi.synth_result_id_to_name_cp932[1283] = string.char(0x83,0x49,0x83,0x5A,0x82,0xCC,0x95,0x45)
xi.synth_result_id_to_name_cp932[1284] = string.char(0x8D,0x67,0x98,0x40,0x8B,0xE0,0x8D,0x84)
xi.synth_result_id_to_name_cp932[1285] = string.char(0x8E,0x87,0x93,0x64,0x8B,0xE0,0x8D,0x84)
xi.synth_result_id_to_name_cp932[1286] = string.char(0x8A,0xE2,0x8F,0xE6,0x8B,0xE0,0x8D,0x84)
xi.synth_result_id_to_name_cp932[1287] = string.char(0x93,0x80,0x8A,0xA6,0x8B,0xE0,0x8D,0x84)
xi.synth_result_id_to_name_cp932[1288] = string.char(0x83,0x6E,0x83,0x4E,0x83,0x5E,0x83,0x4E,0x82,0xCC,0x96,0xD8,0x82,0xCC,0x8A,0xE1)
xi.synth_result_id_to_name_cp932[1289] = string.char(0x83,0x6E,0x83,0x4E,0x83,0x5E,0x83,0x4E,0x82,0xCC,0x89,0xCE,0x82,0xCC,0x8A,0xE1)
xi.synth_result_id_to_name_cp932[1290] = string.char(0x83,0x6E,0x83,0x4E,0x83,0x5E,0x83,0x4E,0x82,0xCC,0x93,0x79,0x82,0xCC,0x8A,0xE1)
xi.synth_result_id_to_name_cp932[1291] = string.char(0x83,0x6E,0x83,0x4E,0x83,0x5E,0x83,0x4E,0x82,0xCC,0x8B,0xE0,0x82,0xCC,0x8A,0xE1)
xi.synth_result_id_to_name_cp932[1292] = string.char(0x83,0x6E,0x83,0x4E,0x83,0x5E,0x83,0x4E,0x82,0xCC,0x90,0x85,0x82,0xCC,0x8A,0xE1)
xi.synth_result_id_to_name_cp932[1293] = string.char(0x83,0x69,0x83,0x89,0x83,0x56,0x83,0x93,0x83,0x6E,0x82,0xCC,0x96,0xD1,0x94,0xE7)
xi.synth_result_id_to_name_cp932[1294] = string.char(0x83,0x41,0x83,0x89,0x83,0x4E,0x83,0x6C,0x8E,0x85)
xi.synth_result_id_to_name_cp932[1295] = string.char(0x83,0x6E,0x83,0x78,0x83,0x67,0x83,0x8D,0x83,0x62,0x83,0x67,0x82,0xCC,0x8B,0xCA,0x96,0x9A)
xi.synth_result_id_to_name_cp932[1296] = string.char(0x83,0x88,0x81,0x5B,0x83,0x45,0x83,0x42,0x82,0xCC,0x94,0xE7)
xi.synth_result_id_to_name_cp932[1297] = string.char(0x83,0x69,0x83,0x89,0x83,0x56,0x83,0x93,0x83,0x6E,0x82,0xC8,0x82,0xDF,0x82,0xB5,0x8A,0x76)
xi.synth_result_id_to_name_cp932[1298] = string.char(0x83,0x6E,0x83,0x4E,0x83,0x5E,0x83,0x4E,0x82,0xCC,0x8C,0xDC,0x8D,0x73,0x8A,0xE1)
xi.synth_result_id_to_name_cp932[1299] = string.char(0x89,0x8A,0x82,0xCC,0x95,0xF3,0x8E,0xEC)
xi.synth_result_id_to_name_cp932[1300] = string.char(0x95,0x58,0x82,0xCC,0x95,0xF3,0x8E,0xEC)
xi.synth_result_id_to_name_cp932[1301] = string.char(0x95,0x97,0x82,0xCC,0x95,0xF3,0x8E,0xEC)
xi.synth_result_id_to_name_cp932[1302] = string.char(0x93,0x79,0x82,0xCC,0x95,0xF3,0x8E,0xEC)
xi.synth_result_id_to_name_cp932[1303] = string.char(0x97,0x8B,0x82,0xCC,0x95,0xF3,0x8E,0xEC)
xi.synth_result_id_to_name_cp932[1304] = string.char(0x90,0x85,0x82,0xCC,0x95,0xF3,0x8E,0xEC)
xi.synth_result_id_to_name_cp932[1305] = string.char(0x8C,0xF5,0x82,0xCC,0x95,0xF3,0x8E,0xEC)
xi.synth_result_id_to_name_cp932[1306] = string.char(0x88,0xC5,0x82,0xCC,0x95,0xF3,0x8E,0xEC)
xi.synth_result_id_to_name_cp932[1307] = string.char(0x8B,0xE2,0x82,0xCC,0x97,0x74)
xi.synth_result_id_to_name_cp932[1308] = string.char(0x83,0x7E,0x83,0x58,0x83,0x8A,0x83,0x8B,0x82,0xCC,0x97,0x74)
xi.synth_result_id_to_name_cp932[1309] = string.char(0x8B,0xE0,0x82,0xCC,0x97,0x74)
xi.synth_result_id_to_name_cp932[1310] = string.char(0x94,0x92,0x8B,0xE0,0x82,0xCC,0x97,0x74)
xi.synth_result_id_to_name_cp932[1311] = string.char(0x83,0x49,0x83,0x62,0x83,0x4E,0x83,0x58,0x83,0x75,0x83,0x89,0x83,0x62,0x83,0x68)
xi.synth_result_id_to_name_cp932[1312] = string.char(0x83,0x47,0x83,0x93,0x83,0x5B,0x83,0x8B,0x83,0x58,0x83,0x4C,0x83,0x93)
xi.synth_result_id_to_name_cp932[1313] = string.char(0x83,0x5A,0x83,0x43,0x83,0x8C,0x81,0x5B,0x83,0x93,0x82,0xCC,0x94,0xAF)
xi.synth_result_id_to_name_cp932[1344] = string.char(0x8E,0xF4,0x82,0xED,0x82,0xEA,0x82,0xBD,0x93,0xAA,0x90,0xAC,0x8A,0x95)
xi.synth_result_id_to_name_cp932[1345] = string.char(0xE2,0x4D,0x82,0xE7,0x82,0xEA,0x82,0xBD,0x93,0xAA,0x90,0xAC,0x8A,0x95)
xi.synth_result_id_to_name_cp932[1346] = string.char(0x8E,0xF4,0x82,0xED,0x82,0xEA,0x82,0xBD,0x93,0xAC,0x92,0x85)
xi.synth_result_id_to_name_cp932[1347] = string.char(0xE2,0x4D,0x82,0xE7,0x82,0xEA,0x82,0xBD,0x93,0xAC,0x92,0x85)
xi.synth_result_id_to_name_cp932[1348] = string.char(0x8E,0xF4,0x82,0xED,0x82,0xEA,0x82,0xBD,0x8E,0xC2,0x98,0x55,0x8E,0xE8)
xi.synth_result_id_to_name_cp932[1349] = string.char(0xE2,0x4D,0x82,0xE7,0x82,0xEA,0x82,0xBD,0x8E,0xC2,0x98,0x55,0x8E,0xE8)
xi.synth_result_id_to_name_cp932[1350] = string.char(0x8E,0xF4,0x82,0xED,0x82,0xEA,0x82,0xBD,0x94,0xC2,0x98,0xCE,0x8F,0x7C)
xi.synth_result_id_to_name_cp932[1351] = string.char(0xE2,0x4D,0x82,0xE7,0x82,0xEA,0x82,0xBD,0x94,0xC2,0x98,0xCE,0x8F,0x7C)
xi.synth_result_id_to_name_cp932[1352] = string.char(0x8E,0xF4,0x82,0xED,0x82,0xEA,0x82,0xBD,0x8E,0xC2,0xE3,0xF8,0x93,0x96)
xi.synth_result_id_to_name_cp932[1353] = string.char(0xE2,0x4D,0x82,0xE7,0x82,0xEA,0x82,0xBD,0x8E,0xC2,0xE3,0xF8,0x93,0x96)
xi.synth_result_id_to_name_cp932[1354] = string.char(0x8E,0xF4,0x82,0xED,0x82,0xEA,0x82,0xBD,0x99,0x68)
xi.synth_result_id_to_name_cp932[1355] = string.char(0xE2,0x4D,0x82,0xE7,0x82,0xEA,0x82,0xBD,0x99,0x68)
xi.synth_result_id_to_name_cp932[1356] = string.char(0x8E,0xF4,0x82,0xED,0x82,0xEA,0x82,0xBD,0x8D,0xBD,0x9B,0xE7,0x8E,0x71)
xi.synth_result_id_to_name_cp932[1357] = string.char(0xE2,0x4D,0x82,0xE7,0x82,0xEA,0x82,0xBD,0x8D,0xBD,0x9B,0xE7,0x8E,0x71)
xi.synth_result_id_to_name_cp932[1358] = string.char(0x8E,0xF4,0x82,0xED,0x82,0xEA,0x82,0xBD,0x8D,0xBD,0x98,0x55,0x8E,0xE8)
xi.synth_result_id_to_name_cp932[1359] = string.char(0xE2,0x4D,0x82,0xE7,0x82,0xEA,0x82,0xBD,0x8D,0xBD,0x98,0x55,0x8E,0xE8)
xi.synth_result_id_to_name_cp932[1360] = string.char(0x8E,0xF4,0x82,0xED,0x82,0xEA,0x82,0xBD,0x8D,0xBD,0x8C,0xD2,0x93,0x96)
xi.synth_result_id_to_name_cp932[1361] = string.char(0xE2,0x4D,0x82,0xE7,0x82,0xEA,0x82,0xBD,0x8D,0xBD,0x8C,0xD2,0x93,0x96)
xi.synth_result_id_to_name_cp932[1362] = string.char(0x8E,0xF4,0x82,0xED,0x82,0xEA,0x82,0xBD,0x8D,0xBD,0xE3,0xF8,0x93,0x96)
xi.synth_result_id_to_name_cp932[1363] = string.char(0xE2,0x4D,0x82,0xE7,0x82,0xEA,0x82,0xBD,0x8D,0xBD,0xE3,0xF8,0x93,0x96)
xi.synth_result_id_to_name_cp932[1364] = string.char(0x8E,0xF4,0x82,0xED,0x82,0xEA,0x82,0xBD,0x8A,0xA5)
xi.synth_result_id_to_name_cp932[1365] = string.char(0xE2,0x4D,0x82,0xE7,0x82,0xEA,0x82,0xBD,0x8A,0xA5)
xi.synth_result_id_to_name_cp932[1366] = string.char(0x8E,0xF4,0x82,0xED,0x82,0xEA,0x82,0xBD,0x8A,0x4F,0x93,0x85)
xi.synth_result_id_to_name_cp932[1367] = string.char(0xE2,0x4D,0x82,0xE7,0x82,0xEA,0x82,0xBD,0x8A,0x4F,0x93,0x85)
xi.synth_result_id_to_name_cp932[1368] = string.char(0x8E,0xF4,0x82,0xED,0x82,0xEA,0x82,0xBD,0x8E,0xE8,0x91,0xDC)
xi.synth_result_id_to_name_cp932[1369] = string.char(0xE2,0x4D,0x82,0xE7,0x82,0xEA,0x82,0xBD,0x8E,0xE8,0x91,0xDC)
xi.synth_result_id_to_name_cp932[1370] = string.char(0x8E,0xF4,0x82,0xED,0x82,0xEA,0x82,0xBD,0x89,0xBA,0x88,0xDF)
xi.synth_result_id_to_name_cp932[1371] = string.char(0xE2,0x4D,0x82,0xE7,0x82,0xEA,0x82,0xBD,0x89,0xBA,0x88,0xDF)
xi.synth_result_id_to_name_cp932[1372] = string.char(0x8E,0xF4,0x82,0xED,0x82,0xEA,0x82,0xBD,0x8C,0x43)
xi.synth_result_id_to_name_cp932[1373] = string.char(0xE2,0x4D,0x82,0xE7,0x82,0xEA,0x82,0xBD,0x8C,0x43)
xi.synth_result_id_to_name_cp932[1374] = string.char(0x8E,0xF4,0x82,0xED,0x82,0xEA,0x82,0xBD,0x94,0xC2,0x8B,0xE0,0x8A,0x95)
xi.synth_result_id_to_name_cp932[1375] = string.char(0xE2,0x4D,0x82,0xE7,0x82,0xEA,0x82,0xBD,0x94,0xC2,0x8B,0xE0,0x8A,0x95)
xi.synth_result_id_to_name_cp932[1376] = string.char(0x8E,0xF4,0x82,0xED,0x82,0xEA,0x82,0xBD,0x94,0xC2,0x8B,0xE0,0x8B,0xB9,0x8D,0x62)
xi.synth_result_id_to_name_cp932[1377] = string.char(0xE2,0x4D,0x82,0xE7,0x82,0xEA,0x82,0xBD,0x94,0xC2,0x8B,0xE0,0x8B,0xB9,0x8D,0x62)
xi.synth_result_id_to_name_cp932[1378] = string.char(0x8E,0xF4,0x82,0xED,0x82,0xEA,0x82,0xBD,0x94,0xC2,0x8B,0xE0,0x98,0x55,0x8E,0xE8)
xi.synth_result_id_to_name_cp932[1379] = string.char(0xE2,0x4D,0x82,0xE7,0x82,0xEA,0x82,0xBD,0x94,0xC2,0x8B,0xE0,0x98,0x55,0x8E,0xE8)
xi.synth_result_id_to_name_cp932[1380] = string.char(0x8E,0xF4,0x82,0xED,0x82,0xEA,0x82,0xBD,0x94,0xC2,0x8B,0xE0,0x8C,0xD2,0x93,0x96)
xi.synth_result_id_to_name_cp932[1381] = string.char(0xE2,0x4D,0x82,0xE7,0x82,0xEA,0x82,0xBD,0x94,0xC2,0x8B,0xE0,0x8C,0xD2,0x93,0x96)
xi.synth_result_id_to_name_cp932[1382] = string.char(0x8E,0xF4,0x82,0xED,0x82,0xEA,0x82,0xBD,0x94,0xC2,0x8B,0xE0,0x8C,0x43)
xi.synth_result_id_to_name_cp932[1383] = string.char(0xE2,0x4D,0x82,0xE7,0x82,0xEA,0x82,0xBD,0x94,0xC2,0x8B,0xE0,0x8C,0x43)
xi.synth_result_id_to_name_cp932[1384] = string.char(0x8E,0xF4,0x82,0xED,0x82,0xEA,0x82,0xBD,0x96,0xCA,0x8B,0xEF)
xi.synth_result_id_to_name_cp932[1385] = string.char(0xE2,0x4D,0x82,0xE7,0x82,0xEA,0x82,0xBD,0x96,0xCA,0x8B,0xEF)
xi.synth_result_id_to_name_cp932[1386] = string.char(0x8E,0xF4,0x82,0xED,0x82,0xEA,0x82,0xBD,0x97,0xD8,0x9B,0xE7,0x8E,0x71)
xi.synth_result_id_to_name_cp932[1387] = string.char(0xE2,0x4D,0x82,0xE7,0x82,0xEA,0x82,0xBD,0x97,0xD8,0x9B,0xE7,0x8E,0x71)
xi.synth_result_id_to_name_cp932[1388] = string.char(0x8E,0xF4,0x82,0xED,0x82,0xEA,0x82,0xBD,0x97,0xD8,0x98,0x55,0x8E,0xE8)
xi.synth_result_id_to_name_cp932[1389] = string.char(0xE2,0x4D,0x82,0xE7,0x82,0xEA,0x82,0xBD,0x97,0xD8,0x98,0x55,0x8E,0xE8)
xi.synth_result_id_to_name_cp932[1390] = string.char(0x8E,0xF4,0x82,0xED,0x82,0xEA,0x82,0xBD,0x97,0xD8,0x8C,0xD2,0x93,0x96)
xi.synth_result_id_to_name_cp932[1391] = string.char(0xE2,0x4D,0x82,0xE7,0x82,0xEA,0x82,0xBD,0x97,0xD8,0x8C,0xD2,0x93,0x96)
xi.synth_result_id_to_name_cp932[1392] = string.char(0x8E,0xF4,0x82,0xED,0x82,0xEA,0x82,0xBD,0x97,0xD8,0xE3,0xF8,0x93,0x96)
xi.synth_result_id_to_name_cp932[1393] = string.char(0xE2,0x4D,0x82,0xE7,0x82,0xEA,0x82,0xBD,0x97,0xD8,0xE3,0xF8,0x93,0x96)
xi.synth_result_id_to_name_cp932[1394] = string.char(0x8E,0xF4,0x82,0xED,0x82,0xEA,0x82,0xBD,0x96,0x58,0x8E,0x71)
xi.synth_result_id_to_name_cp932[1395] = string.char(0xE2,0x4D,0x82,0xE7,0x82,0xEA,0x82,0xBD,0x96,0x58,0x8E,0x71)
xi.synth_result_id_to_name_cp932[1396] = string.char(0x8E,0xF4,0x82,0xED,0x82,0xEA,0x82,0xBD,0x91,0xD1,0x8A,0x5A)
xi.synth_result_id_to_name_cp932[1397] = string.char(0xE2,0x4D,0x82,0xE7,0x82,0xEA,0x82,0xBD,0x91,0xD1,0x8A,0x5A)
xi.synth_result_id_to_name_cp932[1398] = string.char(0x8E,0xF4,0x82,0xED,0x82,0xEA,0x82,0xBD,0x98,0x55,0x8E,0xE8)
xi.synth_result_id_to_name_cp932[1399] = string.char(0xE2,0x4D,0x82,0xE7,0x82,0xEA,0x82,0xBD,0x98,0x55,0x8E,0xE8)
xi.synth_result_id_to_name_cp932[1400] = string.char(0x8E,0xF4,0x82,0xED,0x82,0xEA,0x82,0xBD,0x8D,0x98,0x88,0xDF)
xi.synth_result_id_to_name_cp932[1401] = string.char(0xE2,0x4D,0x82,0xE7,0x82,0xEA,0x82,0xBD,0x8D,0x98,0x88,0xDF)
xi.synth_result_id_to_name_cp932[1402] = string.char(0x8E,0xF4,0x82,0xED,0x82,0xEA,0x82,0xBD,0x91,0xAB,0x8D,0x62)
xi.synth_result_id_to_name_cp932[1403] = string.char(0xE2,0x4D,0x82,0xE7,0x82,0xEA,0x82,0xBD,0x91,0xAB,0x8D,0x62)
xi.synth_result_id_to_name_cp932[1409] = string.char(0x83,0x5A,0x83,0x43,0x83,0x8C,0x81,0x5B,0x83,0x93,0x83,0x7D,0x83,0x4E,0x83,0x89,0x83,0x81)
xi.synth_result_id_to_name_cp932[1410] = string.char(0x83,0x58,0x83,0x43,0x81,0x5B,0x83,0x67,0x83,0x45,0x83,0x42,0x83,0x8A,0x83,0x41,0x83,0x80)
xi.synth_result_id_to_name_cp932[1411] = string.char(0x83,0x74,0x83,0x40,0x83,0x8C,0x83,0x6D,0x83,0x76,0x83,0x56,0x83,0x58)
xi.synth_result_id_to_name_cp932[1412] = string.char(0x83,0x49,0x83,0x8A,0x81,0x5B,0x83,0x75)
xi.synth_result_id_to_name_cp932[1413] = string.char(0x83,0x4A,0x83,0x67,0x83,0x8C,0x83,0x41)
xi.synth_result_id_to_name_cp932[1414] = string.char(0x83,0x45,0x83,0x42,0x83,0x58,0x83,0x5E,0x83,0x8A,0x83,0x41,0x8D,0xDE)
xi.synth_result_id_to_name_cp932[1415] = string.char(0x8E,0xBD)
xi.synth_result_id_to_name_cp932[1416] = string.char(0x8A,0xE5,0x8C,0xD2,0x96,0xEE,0x90,0x4B)
xi.synth_result_id_to_name_cp932[1417] = string.char(0x91,0xE5,0x92,0xB9,0x82,0xCC,0x96,0xEE,0x89,0x48,0x8D,0xAA)
xi.synth_result_id_to_name_cp932[1443] = string.char(0x8A,0xA3,0x91,0x87,0x83,0x7D,0x83,0x4F,0x83,0x8F,0x81,0x5B,0x83,0x67)
xi.synth_result_id_to_name_cp932[1444] = string.char(0x90,0x5F,0x8E,0xF7,0x89,0x74)
xi.synth_result_id_to_name_cp932[1445] = string.char(0x83,0x74,0x83,0x8C,0x83,0x43,0x83,0x84,0x82,0xCC,0x97,0xDC)
xi.synth_result_id_to_name_cp932[1446] = string.char(0x83,0x89,0x83,0x62,0x83,0x4A,0x81,0x5B,0x8C,0xB4,0x96,0xD8)
xi.synth_result_id_to_name_cp932[1447] = string.char(0x83,0x89,0x83,0x62,0x83,0x4A,0x81,0x5B,0x8D,0xDE)
xi.synth_result_id_to_name_cp932[1448] = string.char(0x83,0x89,0x83,0x62,0x83,0x4A,0x81,0x5B,0x8E,0xF7,0x89,0x74)
xi.synth_result_id_to_name_cp932[1458] = string.char(0x83,0x7D,0x83,0x93,0x83,0x82,0x83,0x58,0x82,0xCC,0x89,0xE5)
xi.synth_result_id_to_name_cp932[1459] = string.char(0x83,0x4F,0x83,0x8A,0x83,0x74,0x83,0x42,0x83,0x93,0x82,0xC8,0x82,0xDF,0x82,0xB5,0x8A,0x76)
xi.synth_result_id_to_name_cp932[1460] = string.char(0x83,0x52,0x81,0x5B,0x81,0x45,0x83,0x43,0x81,0x45,0x83,0x6B,0x81,0x5B,0x83,0x8B)
xi.synth_result_id_to_name_cp932[1461] = string.char(0x83,0x45,0x81,0x5B,0x83,0x63,0x83,0x43,0x83,0x93,0x83,0x53,0x83,0x62,0x83,0x67)
xi.synth_result_id_to_name_cp932[1462] = string.char(0x83,0x89,0x83,0x93,0x83,0x58,0x83,0x45,0x83,0x62,0x83,0x68,0x8D,0xDE)
xi.synth_result_id_to_name_cp932[1463] = string.char(0x83,0x4E,0x83,0x8D,0x83,0x6D,0x83,0x58,0x82,0xCC,0x8E,0x95)
xi.synth_result_id_to_name_cp932[1464] = string.char(0x83,0x89,0x83,0x93,0x83,0x58,0x83,0x45,0x83,0x62,0x83,0x68,0x8C,0xB4,0x96,0xD8)
xi.synth_result_id_to_name_cp932[1465] = string.char(0x8C,0xE4,0x89,0x65,0x90,0xCE)
xi.synth_result_id_to_name_cp932[1466] = string.char(0x83,0x8C,0x83,0x8A,0x83,0x62,0x83,0x4E,0x83,0x41,0x83,0x43,0x83,0x41,0x83,0x93)
xi.synth_result_id_to_name_cp932[1467] = string.char(0x8F,0xE3,0x91,0xE3,0x89,0xB5,0x82,0xB5,0x93,0x53)
xi.synth_result_id_to_name_cp932[1468] = string.char(0x83,0x7D,0x83,0x58,0x83,0x5E,0x81,0x5B,0x83,0x4B,0x83,0x93,0x83,0x49,0x83,0x43,0x83,0x8B)
xi.synth_result_id_to_name_cp932[1469] = string.char(0x83,0x45,0x81,0x5B,0x83,0x63,0x8D,0x7A)
xi.synth_result_id_to_name_cp932[1470] = string.char(0x8B,0x50,0x82,0xAD,0x93,0xA7,0x90,0xCE)
xi.synth_result_id_to_name_cp932[1471] = string.char(0x83,0x58,0x83,0x65,0x83,0x42,0x83,0x62,0x83,0x4C,0x81,0x5B,0x83,0x89,0x83,0x43,0x83,0x58)
xi.synth_result_id_to_name_cp932[1472] = string.char(0x83,0x4B,0x81,0x5B,0x83,0x66,0x83,0x42,0x83,0x6A,0x83,0x41,0x82,0xCC,0x8E,0xC0)
xi.synth_result_id_to_name_cp932[1473] = string.char(0x8F,0xE3,0x8E,0xBF,0x82,0xC8,0x83,0x54,0x83,0x5C,0x83,0x8A,0x82,0xCC,0x8D,0x62,0x8A,0x6B)
xi.synth_result_id_to_name_cp932[1475] = string.char(0x83,0x4A,0x83,0x8C,0x81,0x5B,0x83,0x70,0x83,0x45,0x83,0x5F,0x81,0x5B)
xi.synth_result_id_to_name_cp932[1515] = string.char(0x89,0xE5,0x82,0xCC,0x96,0xEE,0x90,0x4B)
xi.synth_result_id_to_name_cp932[1516] = string.char(0x83,0x4F,0x83,0x8A,0x83,0x74,0x83,0x42,0x83,0x93,0x82,0xCC,0x96,0xD1,0x94,0xE7)
xi.synth_result_id_to_name_cp932[1517] = string.char(0x95,0x58,0x92,0xD0,0x82,0xAF,0x82,0xCC,0x8B,0x90,0x91,0xE5,0x82,0xC8,0x93,0xAA)
xi.synth_result_id_to_name_cp932[1518] = string.char(0x8B,0x90,0x91,0xE5,0x82,0xC8,0x83,0x54,0x83,0x8C,0x83,0x52,0x83,0x45,0x83,0x78)
xi.synth_result_id_to_name_cp932[1519] = string.char(0xE4,0x62,0x8E,0x89,0x82,0xCC,0x8A,0xCC)
xi.synth_result_id_to_name_cp932[1520] = string.char(0x83,0x53,0x83,0x75,0x83,0x8A,0x83,0x93,0x83,0x4F,0x83,0x8A,0x81,0x5B,0x83,0x58)
xi.synth_result_id_to_name_cp932[1521] = string.char(0x83,0x58,0x83,0x89,0x83,0x43,0x83,0x80,0x83,0x57,0x83,0x85,0x81,0x5B,0x83,0x58)
xi.synth_result_id_to_name_cp932[1522] = string.char(0x83,0x7D,0x81,0x5B,0x83,0x57,0x83,0x87,0x83,0x89,0x83,0x80)
xi.synth_result_id_to_name_cp932[1523] = string.char(0x83,0x41,0x83,0x62,0x83,0x76,0x83,0x8B,0x83,0x7E,0x83,0x93,0x83,0x67)
xi.synth_result_id_to_name_cp932[1524] = string.char(0x83,0x7D,0x83,0x4F,0x83,0x8F,0x81,0x5B,0x83,0x67)
xi.synth_result_id_to_name_cp932[1554] = string.char(0x83,0x5E,0x81,0x5B,0x83,0x81,0x83,0x8A,0x83,0x62,0x83,0x4E)
xi.synth_result_id_to_name_cp932[1555] = string.char(0x83,0x52,0x83,0x8A,0x83,0x41,0x83,0x93,0x83,0x5F,0x81,0x5B)
xi.synth_result_id_to_name_cp932[1586] = string.char(0x8D,0x62,0x99,0x68,0x8B,0x9B,0x82,0xCC,0x8D,0x62,0x8A,0x6B)
xi.synth_result_id_to_name_cp932[1587] = string.char(0x8F,0xE3,0x8E,0xBF,0x82,0xC8,0x8B,0x9B,0x82,0xCC,0x97,0xD8)
xi.synth_result_id_to_name_cp932[1588] = string.char(0x8B,0xC3,0x8A,0x44,0x8A,0xE2)
xi.synth_result_id_to_name_cp932[1590] = string.char(0x83,0x7A,0x81,0x5B,0x83,0x8A,0x81,0x5B,0x83,0x6F,0x83,0x57,0x83,0x8B)
xi.synth_result_id_to_name_cp932[1591] = string.char(0x8F,0xE3,0x8E,0xBF,0x82,0xC8,0x83,0x4E,0x83,0x40,0x81,0x5B,0x83,0x8B,0x96,0xD1,0x94,0xE7)
xi.synth_result_id_to_name_cp932[1592] = string.char(0x83,0x54,0x83,0x7B,0x83,0x65,0x83,0x93,0x83,0x5F,0x81,0x5B,0x82,0xCC,0x8D,0xAA)
xi.synth_result_id_to_name_cp932[1606] = string.char(0x8C,0x83,0x82,0xB5,0x82,0xAB,0x8B,0x4C,0x89,0xAF,0x82,0xCC,0x8E,0x63,0x9F,0xE6)
xi.synth_result_id_to_name_cp932[1607] = string.char(0x88,0xA3,0x82,0xB5,0x82,0xAB,0x8B,0x4C,0x89,0xAF,0x82,0xCC,0x8E,0x63,0x9F,0xE6)
xi.synth_result_id_to_name_cp932[1608] = string.char(0x8B,0xF3,0x82,0xB5,0x82,0xAB,0x8B,0x4C,0x89,0xAF,0x82,0xCC,0x8E,0x63,0x9F,0xE6)
xi.synth_result_id_to_name_cp932[1609] = string.char(0x8A,0x79,0x82,0xB5,0x82,0xAB,0x8B,0x4C,0x89,0xAF,0x82,0xCC,0x8E,0x63,0x9F,0xE6)
xi.synth_result_id_to_name_cp932[1610] = string.char(0x8B,0x50,0x82,0xA9,0x82,0xB5,0x82,0xAB,0x8B,0x4C,0x89,0xAF,0x82,0xCC,0x8E,0x63,0x9F,0xE6)
xi.synth_result_id_to_name_cp932[1611] = string.char(0x8A,0xF5,0x82,0xED,0x82,0xB5,0x82,0xAB,0x8B,0x4C,0x89,0xAF,0x82,0xCC,0x8E,0x63,0x9F,0xE6)
xi.synth_result_id_to_name_cp932[1612] = string.char(0xE1,0xBF,0x82,0xB5,0x82,0xAB,0x8B,0x4C,0x89,0xAF,0x82,0xCC,0x8E,0x63,0x9F,0xE6)
xi.synth_result_id_to_name_cp932[1613] = string.char(0x88,0xAB,0x82,0xB5,0x82,0xAB,0x8B,0x4C,0x89,0xAF,0x82,0xCC,0x8E,0x63,0x9F,0xE6)
xi.synth_result_id_to_name_cp932[1615] = string.char(0x96,0xEC,0x8B,0x8D,0x82,0xCC,0x8A,0x70)
xi.synth_result_id_to_name_cp932[1616] = string.char(0x83,0x41,0x83,0x93,0x83,0x67,0x83,0x8A,0x83,0x49,0x83,0x93,0x82,0xCC,0x91,0xE5,0x8A,0x7B)
xi.synth_result_id_to_name_cp932[1617] = string.char(0x83,0x74,0x83,0x89,0x83,0x43,0x83,0x67,0x83,0x89,0x83,0x62,0x83,0x76,0x82,0xCC,0x97,0x74)
xi.synth_result_id_to_name_cp932[1618] = string.char(0x83,0x45,0x83,0x89,0x83,0x4F,0x83,0x69,0x83,0x43,0x83,0x67,0x82,0xCC,0x8A,0x6B)
xi.synth_result_id_to_name_cp932[1619] = string.char(0x83,0x71,0x83,0x7C,0x83,0x4F,0x83,0x8A,0x83,0x74,0x82,0xCC,0x89,0x48,0x8D,0xAA)
xi.synth_result_id_to_name_cp932[1620] = string.char(0x83,0x5E,0x83,0x45,0x83,0x8B,0x83,0x58,0x82,0xCC,0x8A,0x70)
xi.synth_result_id_to_name_cp932[1621] = string.char(0x83,0x5E,0x83,0x45,0x83,0x8B,0x83,0x58,0x82,0xCC,0x97,0x83)
xi.synth_result_id_to_name_cp932[1622] = string.char(0x83,0x75,0x83,0x4B,0x81,0x5B,0x83,0x68,0x82,0xCC,0x89,0xE5)
xi.synth_result_id_to_name_cp932[1623] = string.char(0x83,0x47,0x83,0x74,0x83,0x67,0x82,0xCC,0x94,0xE7)
xi.synth_result_id_to_name_cp932[1626] = string.char(0x97,0xEC,0x8F,0x62,0x82,0xCC,0x8C,0x8C)
xi.synth_result_id_to_name_cp932[1627] = string.char(0x93,0x4F,0x8D,0x62,0x82,0xCC,0x96,0xEE,0x90,0x4B)
xi.synth_result_id_to_name_cp932[1628] = string.char(0x96,0xEC,0x8B,0x8D,0x82,0xCC,0x96,0xD1,0x94,0xE7)
xi.synth_result_id_to_name_cp932[1629] = string.char(0x96,0xEC,0x8B,0x8D,0x82,0xCC,0x82,0xC8,0x82,0xDF,0x82,0xB5,0x8A,0x76)
xi.synth_result_id_to_name_cp932[1630] = string.char(0x83,0x4E,0x83,0x89,0x83,0x58,0x83,0x5E,0x81,0x5B,0x82,0xCC,0x8A,0x44)
xi.synth_result_id_to_name_cp932[1633] = string.char(0x83,0x7E,0x83,0x6A,0x83,0x4E,0x83,0x8D,0x83,0x62,0x83,0x67)
xi.synth_result_id_to_name_cp932[1634] = string.char(0x83,0x8D,0x81,0x5B,0x83,0x68,0x83,0x69,0x83,0x43,0x83,0x67)
xi.synth_result_id_to_name_cp932[1635] = string.char(0x83,0x70,0x83,0x4E,0x83,0x5E,0x83,0x93,0x83,0x43,0x83,0x93,0x83,0x53,0x83,0x62,0x83,0x67)
xi.synth_result_id_to_name_cp932[1636] = string.char(0x83,0x82,0x83,0x75,0x83,0x8A,0x83,0x93,0x90,0x44,0x95,0xA8)
xi.synth_result_id_to_name_cp932[1637] = string.char(0x83,0x75,0x83,0x4B,0x81,0x5B,0x83,0x68,0x82,0xCC,0x82,0xC8,0x82,0xDF,0x82,0xB5,0x8A,0x76)
xi.synth_result_id_to_name_cp932[1640] = string.char(0x83,0x75,0x83,0x4B,0x81,0x5B,0x83,0x68,0x82,0xCC,0x94,0xE7)
xi.synth_result_id_to_name_cp932[1641] = string.char(0x89,0x8A,0x82,0xCC,0x83,0x41,0x83,0x6A,0x83,0x7D)
xi.synth_result_id_to_name_cp932[1642] = string.char(0x95,0x58,0x82,0xCC,0x83,0x41,0x83,0x6A,0x83,0x7D)
xi.synth_result_id_to_name_cp932[1643] = string.char(0x95,0x97,0x82,0xCC,0x83,0x41,0x83,0x6A,0x83,0x7D)
xi.synth_result_id_to_name_cp932[1644] = string.char(0x93,0x79,0x82,0xCC,0x83,0x41,0x83,0x6A,0x83,0x7D)
xi.synth_result_id_to_name_cp932[1645] = string.char(0x97,0x8B,0x82,0xCC,0x83,0x41,0x83,0x6A,0x83,0x7D)
xi.synth_result_id_to_name_cp932[1646] = string.char(0x90,0x85,0x82,0xCC,0x83,0x41,0x83,0x6A,0x83,0x7D)
xi.synth_result_id_to_name_cp932[1647] = string.char(0x8C,0xF5,0x82,0xCC,0x83,0x41,0x83,0x6A,0x83,0x7D)
xi.synth_result_id_to_name_cp932[1648] = string.char(0x88,0xC5,0x82,0xCC,0x83,0x41,0x83,0x6A,0x83,0x7D)
xi.synth_result_id_to_name_cp932[1649] = string.char(0x8D,0x67,0x90,0xCE)
xi.synth_result_id_to_name_cp932[1650] = string.char(0x96,0x82,0x93,0xBA,0x8D,0x7A)
xi.synth_result_id_to_name_cp932[1651] = string.char(0x83,0x82,0x83,0x75,0x83,0x8A,0x83,0x93,0x8E,0x85)
xi.synth_result_id_to_name_cp932[1652] = string.char(0x83,0x89,0x83,0x43,0x83,0x58,0x83,0x72,0x83,0x6C,0x83,0x4B,0x81,0x5B)
xi.synth_result_id_to_name_cp932[1654] = string.char(0x89,0xCE,0x90,0xAC,0x8A,0xE2)
xi.synth_result_id_to_name_cp932[1655] = string.char(0x83,0x56,0x81,0x5B,0x83,0x76,0x83,0x7C,0x81,0x5B,0x83,0x60)
xi.synth_result_id_to_name_cp932[1656] = string.char(0x83,0x75,0x83,0x89,0x83,0x58,0x83,0x5E,0x83,0x93,0x83,0x4E)
xi.synth_result_id_to_name_cp932[1657] = string.char(0x8C,0x8B,0x91,0xA9,0x83,0x8D,0x81,0x5B,0x83,0x76)
xi.synth_result_id_to_name_cp932[1670] = string.char(0x8A,0xE2,0x8F,0xE6,0x83,0x49,0x83,0x8A,0x83,0x6E,0x83,0x8B,0x83,0x52,0x83,0x93)
xi.synth_result_id_to_name_cp932[1671] = string.char(0x94,0x6A,0x8E,0xD7,0x82,0xCC,0x83,0x41,0x83,0x62,0x83,0x56,0x83,0x85)
xi.synth_result_id_to_name_cp932[1672] = string.char(0x94,0x6A,0x96,0x82,0x82,0xCC,0x94,0x92,0x8A,0x7E)
xi.synth_result_id_to_name_cp932[1673] = string.char(0x94,0xF2,0x93,0x56,0x82,0xCC,0x94,0x92,0x8A,0x7E)
xi.synth_result_id_to_name_cp932[1674] = string.char(0x8D,0x64,0x89,0xBB,0x89,0xA9,0x8B,0xE0)
xi.synth_result_id_to_name_cp932[1675] = string.char(0x89,0xF0,0x93,0xC5,0x94,0x92,0x8B,0xE2)
xi.synth_result_id_to_name_cp932[1676] = string.char(0x93,0x80,0x8A,0xA6,0x83,0x49,0x83,0x8A,0x83,0x6E,0x83,0x8B,0x83,0x52,0x83,0x93)
xi.synth_result_id_to_name_cp932[1677] = string.char(0x97,0x55,0x90,0x85,0x82,0xCC,0x83,0x49,0x83,0x8A,0x83,0x6E,0x83,0x8B,0x83,0x52,0x83,0x93)
xi.synth_result_id_to_name_cp932[1678] = string.char(0x93,0x90,0x91,0xAF,0x82,0xCC,0x94,0x92,0x8B,0xE2)
xi.synth_result_id_to_name_cp932[1679] = string.char(0x94,0x6A,0x8E,0xD7,0x82,0xCC,0x89,0xA9,0x8B,0xE0)
xi.synth_result_id_to_name_cp932[1680] = string.char(0x8F,0xE3,0x8E,0xBF,0x82,0xC8,0x83,0x75,0x83,0x4B,0x81,0x5B,0x83,0x68,0x82,0xCC,0x94,0xE7)
xi.synth_result_id_to_name_cp932[1681] = string.char(0x8C,0x79,0x97,0xCA,0x8D,0x7C)
xi.synth_result_id_to_name_cp932[1683] = string.char(0x83,0x41,0x83,0x62,0x83,0x67,0x83,0x8F,0x83,0x57,0x83,0x93,0x83,0x5A,0x83,0x93)
xi.synth_result_id_to_name_cp932[1695] = string.char(0x83,0x6E,0x83,0x6F,0x83,0x6C,0x83,0x8D)
xi.synth_result_id_to_name_cp932[1699] = string.char(0x94,0xEA,0x96,0x83,0x95,0x7A)
xi.synth_result_id_to_name_cp932[1700] = string.char(0x8C,0x8C,0x8E,0x85)
xi.synth_result_id_to_name_cp932[1701] = string.char(0x94,0x96,0x82,0xA2,0x88,0x9F,0x96,0x83,0x95,0x7A)
xi.synth_result_id_to_name_cp932[1702] = string.char(0x8A,0x8A,0x82,0xE7,0x82,0xA9,0x82,0xC8,0x83,0x72,0x83,0x8D,0x81,0x5B,0x83,0x68)
xi.synth_result_id_to_name_cp932[1703] = string.char(0x8D,0xA9,0x8C,0xE1,0x90,0xCE)
xi.synth_result_id_to_name_cp932[1704] = string.char(0x8D,0xA9,0x8C,0xE1,0x93,0x53)
xi.synth_result_id_to_name_cp932[1705] = string.char(0x8D,0xA9,0x8C,0xE1,0x94,0xC2)
xi.synth_result_id_to_name_cp932[1711] = string.char(0x83,0x82,0x83,0x8A,0x83,0x75,0x83,0x66,0x83,0x43,0x83,0x93,0x83,0x53,0x83,0x62,0x83,0x67)
xi.synth_result_id_to_name_cp932[1712] = string.char(0x83,0x4A,0x83,0x56,0x83,0x7E,0x83,0x84,0x96,0xD1)
xi.synth_result_id_to_name_cp932[1713] = string.char(0x83,0x4A,0x83,0x56,0x83,0x7E,0x83,0x84,0x8E,0x85)
xi.synth_result_id_to_name_cp932[1714] = string.char(0x83,0x4A,0x83,0x56,0x83,0x7E,0x83,0x84,0x90,0x44,0x95,0xA8)
xi.synth_result_id_to_name_cp932[1715] = string.char(0x91,0x68,0x90,0xB6,0x8E,0x58,0x8C,0xE8)
xi.synth_result_id_to_name_cp932[1716] = string.char(0x8A,0x8A,0x82,0xE7,0x82,0xA9,0x82,0xC8,0x8D,0x62,0x92,0x8E,0x82,0xCC,0x8A,0x7B)
xi.synth_result_id_to_name_cp932[1717] = string.char(0x8C,0xBB,0x82,0xCC,0x83,0x41,0x83,0x6A,0x83,0x7D)
xi.synth_result_id_to_name_cp932[1718] = string.char(0x83,0x81,0x83,0x4B,0x83,0x8D,0x83,0x75,0x83,0x4B,0x81,0x5B,0x83,0x68,0x82,0xCC,0x89,0xE5)
xi.synth_result_id_to_name_cp932[1719] = string.char(0x83,0x6E,0x83,0x89,0x83,0x57,0x83,0x69,0x83,0x43,0x83,0x67,0x82,0xCC,0x8A,0x6B)
xi.synth_result_id_to_name_cp932[1762] = string.char(0x93,0x53,0x93,0x81,0x96,0xD8,0x8D,0xDE)
xi.synth_result_id_to_name_cp932[1763] = string.char(0x90,0xC2,0x8E,0xBD)
xi.synth_result_id_to_name_cp932[1764] = string.char(0x96,0xD1,0xE3,0x8C,0x8E,0x71)
xi.synth_result_id_to_name_cp932[1765] = string.char(0x94,0x67,0x95,0x7A,0x82,0xCC,0x94,0xE7)
xi.synth_result_id_to_name_cp932[1766] = string.char(0x83,0x5E,0x83,0x43,0x83,0x4B,0x81,0x5B,0x83,0x41,0x83,0x43)
xi.synth_result_id_to_name_cp932[1767] = string.char(0x97,0xEC,0x8B,0x8D,0x82,0xCC,0x82,0xC8,0x82,0xDF,0x82,0xB5,0x8A,0x76)
xi.synth_result_id_to_name_cp932[1768] = string.char(0xE3,0xB7,0x97,0x72,0x82,0xCC,0x82,0xC8,0x82,0xDF,0x82,0xB5,0x8A,0x76)
xi.synth_result_id_to_name_cp932[1769] = string.char(0x83,0x4B,0x83,0x89,0x83,0x65,0x83,0x42,0x81,0x5B,0x83,0x41)
xi.synth_result_id_to_name_cp932[1770] = string.char(0x8B,0x90,0x91,0xE5,0x82,0xC8,0x89,0xE5)
xi.synth_result_id_to_name_cp932[1771] = string.char(0x97,0xB4,0x8D,0x9C)
xi.synth_result_id_to_name_cp932[1772] = string.char(0x83,0x58,0x81,0x5B,0x83,0x70,0x81,0x5B,0x83,0x54,0x81,0x5B,0x83,0x81,0x83,0x62,0x83,0x67)
xi.synth_result_id_to_name_cp932[1773] = string.char(0x83,0x5F,0x81,0x5B,0x83,0x4E,0x82,0xCC,0x8F,0xAC,0x8E,0x44)
xi.synth_result_id_to_name_cp932[1774] = string.char(0x90,0xD4,0x8B,0xCA,0x93,0x79)
xi.synth_result_id_to_name_cp932[1775] = string.char(0x89,0x41,0x89,0xCE,0x96,0xF2)
xi.synth_result_id_to_name_cp932[1776] = string.char(0x83,0x58,0x83,0x70,0x83,0x51,0x83,0x65,0x83,0x42)
xi.synth_result_id_to_name_cp932[1813] = string.char(0x8B,0xE2,0x8E,0xE9)
xi.synth_result_id_to_name_cp932[1814] = string.char(0x90,0xC4,0x93,0x56,0x8E,0xE9)
xi.synth_result_id_to_name_cp932[1815] = string.char(0x90,0xB9,0x96,0xD8)
xi.synth_result_id_to_name_cp932[1816] = string.char(0x90,0x5E,0x97,0xB4,0x8A,0x70)
xi.synth_result_id_to_name_cp932[1817] = string.char(0x94,0x65,0x89,0xA4,0x8E,0xF7,0x82,0xCC,0x8E,0x71,0x8A,0x94)
xi.synth_result_id_to_name_cp932[1823] = string.char(0x8A,0x43,0x98,0x56,0x93,0x94,0x98,0x55,0x91,0x44)
xi.synth_result_id_to_name_cp932[1824] = string.char(0x83,0x53,0x81,0x5B,0x83,0x58,0x83,0x67,0x83,0x80,0x83,0x8C,0x83,0x5E)
xi.synth_result_id_to_name_cp932[1825] = string.char(0x83,0x41,0x83,0x93,0x83,0x67,0x83,0x8A,0x83,0x49,0x83,0x67,0x83,0x89,0x83,0x62,0x83,0x76)
xi.synth_result_id_to_name_cp932[1827] = string.char(0x83,0x76,0x83,0x8C,0x83,0x7E,0x83,0x41,0x83,0x80,0x83,0x6F,0x83,0x62,0x83,0x4F)
xi.synth_result_id_to_name_cp932[1828] = string.char(0x90,0xD4,0x91,0x90,0x8E,0x85)
xi.synth_result_id_to_name_cp932[1829] = string.char(0x90,0xD4,0x91,0x90,0x95,0x7A)
xi.synth_result_id_to_name_cp932[1830] = string.char(0x8D,0xB9,0x8E,0x5C,0x94,0x7C,0x97,0x7B,0x8D,0xBB)
xi.synth_result_id_to_name_cp932[1831] = string.char(0xE5,0x74,0xE5,0x6D,0x94,0x7C,0x97,0x7B,0x93,0x79)
xi.synth_result_id_to_name_cp932[1832] = string.char(0x90,0xDC,0x82,0xEA,0x82,0xBD,0x83,0x71,0x83,0x85,0x81,0x5B,0x83,0x80,0x92,0xDE,0x8A,0xC6)
xi.synth_result_id_to_name_cp932[1833] = string.char(0x90,0xDC,0x82,0xEA,0x82,0xBD,0x83,0x6E,0x83,0x8B,0x83,0x56,0x83,0x49,0x83,0x93,0x8A,0xC6)
xi.synth_result_id_to_name_cp932[1834] = string.char(0x97,0x59,0x94,0xF2,0x82,0xCC,0xE3,0xC5,0x90,0x89)
xi.synth_result_id_to_name_cp932[1835] = string.char(0x91,0x68,0x90,0xB6,0x97,0xEC,0x8B,0xE2)
xi.synth_result_id_to_name_cp932[1836] = string.char(0x91,0xE5,0x97,0x9D,0x90,0xCE)
xi.synth_result_id_to_name_cp932[1840] = string.char(0x83,0x66,0x83,0x85,0x83,0x89,0x83,0x80,0x83,0x5A,0x83,0x82,0x83,0x8A,0x83,0x69,0x95,0xB2)
xi.synth_result_id_to_name_cp932[1841] = string.char(0x83,0x86,0x83,0x6A,0x83,0x52,0x81,0x5B,0x83,0x93,0x82,0xCC,0x8A,0x70)
xi.synth_result_id_to_name_cp932[1843] = string.char(0x90,0xD4,0x97,0xEC,0x95,0x7A)
xi.synth_result_id_to_name_cp932[1844] = string.char(0x89,0xA9,0x97,0xEC,0x95,0x7A)
xi.synth_result_id_to_name_cp932[1845] = string.char(0x90,0xD4,0x83,0x82,0x83,0x52,0x91,0x90)
xi.synth_result_id_to_name_cp932[1858] = string.char(0x83,0x82,0x83,0x8B,0x83,0x7E,0x83,0x93,0x83,0x43,0x83,0x93,0x83,0x53,0x83,0x62,0x83,0x67)
xi.synth_result_id_to_name_cp932[1859] = string.char(0x83,0x82,0x83,0x8B,0x83,0x7E,0x83,0x93,0x94,0xC2)
xi.synth_result_id_to_name_cp932[1860] = string.char(0x83,0x82,0x83,0x75,0x83,0x8A,0x83,0x93,0x83,0x70,0x83,0x65)
xi.synth_result_id_to_name_cp932[1861] = string.char(0x8B,0xD1,0x96,0xC8,0x97,0x72,0x82,0xCC,0x96,0xD1,0x94,0xE7)
xi.synth_result_id_to_name_cp932[1862] = string.char(0x8B,0xD1,0x96,0xC8,0x97,0x72,0x82,0xCC,0x82,0xC8,0x82,0xDF,0x82,0xB5,0x8A,0x76)
xi.synth_result_id_to_name_cp932[1863] = string.char(0x8B,0xD1,0x96,0xC8,0x96,0xD1)
xi.synth_result_id_to_name_cp932[1864] = string.char(0x8F,0xE3,0x8E,0xBF,0x83,0x41,0x83,0x93,0x83,0x67,0x83,0x8A,0x83,0x49,0x83,0x93,0x8A,0x7B)
xi.synth_result_id_to_name_cp932[1865] = string.char(0x83,0x49,0x81,0x5B,0x83,0x4E,0x99,0x68,0x83,0x56,0x81,0x5B,0x83,0x67)
xi.synth_result_id_to_name_cp932[1866] = string.char(0x83,0x4E,0x83,0x44,0x83,0x5F,0x83,0x74,0x99,0x68,0x83,0x70,0x81,0x5B,0x83,0x63)
xi.synth_result_id_to_name_cp932[1867] = string.char(0x83,0x84,0x83,0x4F,0x81,0x5B,0x83,0x68,0x93,0xAA,0x88,0xDF,0x83,0x56,0x81,0x5B,0x83,0x67)
xi.synth_result_id_to_name_cp932[1868] = string.char(0x83,0x53,0x83,0x75,0x83,0x8A,0x83,0x93,0x93,0xAA,0x8B,0xD0,0x83,0x56,0x81,0x5B,0x83,0x67)
xi.synth_result_id_to_name_cp932[1869] = string.char(0x83,0x89,0x83,0x7E,0x83,0x41,0x82,0xCC,0x94,0xB2,0x82,0xAF,0x8A,0x6B)
xi.synth_result_id_to_name_cp932[1879] = string.char(0x8D,0xC4,0x90,0xB6,0x82,0xCC,0x94,0x92,0x8B,0xE0)
xi.synth_result_id_to_name_cp932[1882] = string.char(0x88,0x9F,0x96,0x83,0x90,0x6D,0x96,0xFB)
xi.synth_result_id_to_name_cp932[1883] = string.char(0x8C,0xD3,0x95,0xB2)
xi.synth_result_id_to_name_cp932[1884] = string.char(0x88,0x9F,0x89,0x94,0x89,0xD8)
xi.synth_result_id_to_name_cp932[1885] = string.char(0x8D,0x67,0x88,0x9F,0x89,0x94,0x8D,0x7A)
xi.synth_result_id_to_name_cp932[1886] = string.char(0x83,0x57,0x81,0x5B,0x83,0x4F,0x83,0x8A,0x83,0x93,0x83,0x66,0x83,0x70,0x83,0x65)
xi.synth_result_id_to_name_cp932[1887] = string.char(0x83,0x4B,0x83,0x89,0x83,0x58,0x94,0xC2)
xi.synth_result_id_to_name_cp932[1888] = string.char(0x8C,0x5D,0x8D,0xBB)
xi.synth_result_id_to_name_cp932[1889] = string.char(0x94,0x92,0x8D,0xBB)
xi.synth_result_id_to_name_cp932[1890] = string.char(0x91,0x9D,0x82,0xA6,0x82,0xE9,0x90,0x85,0x91,0x90)
xi.synth_result_id_to_name_cp932[1891] = string.char(0x91,0x9D,0x82,0xA6,0x82,0xE9,0x8A,0x43,0x91,0x90)
xi.synth_result_id_to_name_cp932[1892] = string.char(0x92,0x57,0x90,0x85,0x82,0xCC,0x91,0x66)
xi.synth_result_id_to_name_cp932[1893] = string.char(0x8A,0x43,0x90,0x85,0x82,0xCC,0x91,0x66)
xi.synth_result_id_to_name_cp932[1894] = string.char(0x8B,0xE0,0x8B,0x9B,0x90,0x85,0x83,0x5A,0x83,0x62,0x83,0x67)
xi.synth_result_id_to_name_cp932[1895] = string.char(0x90,0x6C,0x8D,0x48,0x92,0x57,0x90,0x85,0x83,0x5A,0x83,0x62,0x83,0x67)
xi.synth_result_id_to_name_cp932[1896] = string.char(0x90,0x6C,0x8D,0x48,0x8A,0x43,0x90,0x85,0x83,0x5A,0x83,0x62,0x83,0x67)
xi.synth_result_id_to_name_cp932[1961] = string.char(0x89,0xA9,0x8B,0xE0,0x82,0xCC,0x96,0xEE,0x90,0x4B)
xi.synth_result_id_to_name_cp932[1962] = string.char(0x94,0x92,0x8B,0xE0,0x82,0xCC,0x96,0xEE,0x90,0x4B)
xi.synth_result_id_to_name_cp932[1963] = string.char(0x96,0x82,0x96,0x40,0x82,0xCC,0x96,0xD8,0x96,0xC8,0x95,0x7A)
xi.synth_result_id_to_name_cp932[1964] = string.char(0x96,0x82,0x96,0x40,0x82,0xCC,0x88,0x9F,0x96,0x83,0x95,0x7A)
xi.synth_result_id_to_name_cp932[1965] = string.char(0x96,0x82,0x96,0x40,0x82,0xCC,0x8C,0xA6,0x95,0x7A)
xi.synth_result_id_to_name_cp932[1966] = string.char(0xE0,0x8A,0x82,0xDF,0x82,0xAD,0x8B,0xE0,0x8E,0x85)
xi.synth_result_id_to_name_cp932[1967] = string.char(0x93,0xDD,0x82,0xA2,0x8B,0xE0,0x8E,0x85)
xi.synth_result_id_to_name_cp932[1968] = string.char(0x8B,0x50,0x82,0xAD,0x8B,0xE0,0x8E,0x85)
xi.synth_result_id_to_name_cp932[1969] = string.char(0x82,0xB2,0x82,0xC2,0x82,0xA2,0x83,0x75,0x83,0x4B,0x81,0x5B,0x83,0x68,0x8A,0x76)
xi.synth_result_id_to_name_cp932[1970] = string.char(0x83,0x5E,0x83,0x74,0x82,0xC8,0x83,0x75,0x83,0x4B,0x81,0x5B,0x83,0x68,0x8A,0x76)
xi.synth_result_id_to_name_cp932[1971] = string.char(0x83,0x5C,0x83,0x74,0x83,0x67,0x82,0xC8,0x83,0x75,0x83,0x4B,0x81,0x5B,0x83,0x68,0x8A,0x76)
xi.synth_result_id_to_name_cp932[1972] = string.char(0x89,0x90,0x89,0x90,0x82,0xB5,0x82,0xA2,0x83,0x75,0x83,0x4B,0x81,0x5B,0x83,0x68,0x8A,0x76)
xi.synth_result_id_to_name_cp932[1973] = string.char(0x8D,0xC4,0x90,0xB6,0x82,0xB7,0x82,0xE9,0x91,0xE5,0x91,0xDA,0x8D,0x9C)
xi.synth_result_id_to_name_cp932[1974] = string.char(0x8D,0xC4,0x90,0xB6,0x82,0xB7,0x82,0xE9,0x97,0xA4,0x83,0x4B,0x83,0x6A,0x8D,0x62,0x8A,0x6B)
xi.synth_result_id_to_name_cp932[1975] = string.char(0x8D,0xC4,0x90,0xB6,0x82,0xB7,0x82,0xE9,0x91,0xE5,0x83,0x54,0x83,0x5C,0x83,0x8A,0x92,0xDC)
xi.synth_result_id_to_name_cp932[1976] = string.char(0x8D,0xC4,0x90,0xB6,0x82,0xB7,0x82,0xE9,0x94,0xF2,0x97,0xB3,0x97,0xD8)
xi.synth_result_id_to_name_cp932[1977] = string.char(0x8D,0xC4,0x90,0xB6,0x82,0xB7,0x82,0xE9,0x91,0xE5,0x97,0x72,0x8A,0x76)
xi.synth_result_id_to_name_cp932[1978] = string.char(0x8C,0x8C,0x93,0x68,0x82,0xE7,0x82,0xEA,0x82,0xBD,0x97,0x59,0x97,0x72,0x8A,0x76)
xi.synth_result_id_to_name_cp932[1979] = string.char(0x83,0x8A,0x81,0x5B,0x83,0x60,0x82,0xCC,0x91,0xC1,0x89,0x74)
xi.synth_result_id_to_name_cp932[1980] = string.char(0x83,0x41,0x83,0x93,0x83,0x65,0x83,0x42,0x83,0x4A,0x8E,0x5F)
xi.synth_result_id_to_name_cp932[1981] = string.char(0x83,0x58,0x83,0x4A,0x83,0x8B,0x83,0x8D,0x81,0x5B,0x83,0x4A,0x83,0x58,0x83,0x67)
xi.synth_result_id_to_name_cp932[1982] = string.char(0x83,0x4C,0x83,0x93,0x83,0x4F,0x83,0x8D,0x81,0x5B,0x83,0x4A,0x83,0x58,0x83,0x67)
xi.synth_result_id_to_name_cp932[1983] = string.char(0x83,0x7D,0x83,0x62,0x83,0x56,0x83,0x85,0x83,0x8D,0x81,0x5B,0x83,0x4A,0x83,0x58,0x83,0x67)
xi.synth_result_id_to_name_cp932[1984] = string.char(0x83,0x58,0x83,0x69,0x83,0x62,0x83,0x73,0x83,0x93,0x83,0x4F,0x83,0x82,0x81,0x5B,0x83,0x8B)
xi.synth_result_id_to_name_cp932[1985] = string.char(0x83,0x77,0x83,0x8B,0x83,0x80,0x83,0x82,0x81,0x5B,0x83,0x8B)
xi.synth_result_id_to_name_cp932[1989] = string.char(0x83,0x5F,0x81,0x5B,0x83,0x4E,0x83,0x75,0x83,0x8D,0x83,0x93,0x83,0x59)
xi.synth_result_id_to_name_cp932[1990] = string.char(0x83,0x5F,0x81,0x5B,0x83,0x4E,0x83,0x75,0x83,0x8D,0x83,0x93,0x83,0x59,0x94,0xC2)
xi.synth_result_id_to_name_cp932[1991] = string.char(0x83,0x56,0x83,0x8B,0x83,0x6F,0x81,0x5B,0x83,0x75,0x83,0x8D,0x83,0x50,0x81,0x5B,0x83,0x68)
xi.synth_result_id_to_name_cp932[1992] = string.char(0x83,0x7A,0x81,0x5B,0x83,0x8A,0x81,0x5B,0x83,0x8C,0x83,0x55,0x81,0x5B)
xi.synth_result_id_to_name_cp932[1993] = string.char(0x83,0x47,0x81,0x5B,0x83,0x65,0x83,0x8B,0x83,0x8C,0x83,0x55,0x81,0x5B)
xi.synth_result_id_to_name_cp932[1994] = string.char(0x83,0x47,0x81,0x5B,0x83,0x65,0x83,0x8B,0x83,0x52,0x83,0x62,0x83,0x67,0x83,0x93)
xi.synth_result_id_to_name_cp932[1995] = string.char(0x83,0x47,0x81,0x5B,0x83,0x65,0x83,0x8B,0x83,0x7A,0x83,0x8A,0x81,0x5B)
xi.synth_result_id_to_name_cp932[1996] = string.char(0x83,0x8C,0x83,0x43,0x83,0x93,0x83,0x7B,0x81,0x5B,0x83,0x72,0x83,0x8D,0x81,0x5B,0x83,0x68)
xi.synth_result_id_to_name_cp932[1997] = string.char(0x91,0x90,0x94,0xBF,0x95,0x7A)
xi.synth_result_id_to_name_cp932[1998] = string.char(0x91,0xE5,0x97,0x72,0x82,0xCC,0x83,0x56,0x83,0x83,0x83,0x7E,0x8A,0x76)
xi.synth_result_id_to_name_cp932[1999] = string.char(0x83,0x53,0x81,0x5B,0x83,0x8B,0x83,0x68,0x83,0x75,0x83,0x8D,0x83,0x50,0x81,0x5B,0x83,0x68)
xi.synth_result_id_to_name_cp932[2000] = string.char(0x83,0x5F,0x81,0x5B,0x83,0x4E,0x83,0x41,0x83,0x5F,0x83,0x7D,0x83,0x93)
xi.synth_result_id_to_name_cp932[2001] = string.char(0x83,0x5F,0x81,0x5B,0x83,0x4E,0x83,0x41,0x83,0x5F,0x83,0x7D,0x83,0x93,0x94,0xC2)
xi.synth_result_id_to_name_cp932[2002] = string.char(0x83,0x72,0x81,0x5B,0x83,0x58,0x83,0x67,0x83,0x7A,0x81,0x5B,0x83,0x93)
xi.synth_result_id_to_name_cp932[2003] = string.char(0x83,0x7A,0x83,0x8F,0x83,0x43,0x83,0x67,0x83,0x80,0x81,0x5B,0x83,0x67,0x83,0x93)
xi.synth_result_id_to_name_cp932[2004] = string.char(0x8D,0x62,0x95,0xB2)
xi.synth_result_id_to_name_cp932[2005] = string.char(0x83,0x6E,0x83,0x93,0x83,0x5E,0x81,0x5B,0x83,0x52,0x83,0x62,0x83,0x67,0x83,0x93)
xi.synth_result_id_to_name_cp932[2006] = string.char(0x88,0xC9,0x97,0x5C,0x8E,0x44)
xi.synth_result_id_to_name_cp932[2007] = string.char(0x96,0xEC,0x8B,0x8D,0x82,0xCC,0x9D,0x9A,0x8A,0x76)
xi.synth_result_id_to_name_cp932[2008] = string.char(0x8C,0x79,0x97,0xCA,0x83,0x58,0x83,0x60,0x81,0x5B,0x83,0x8B,0x94,0xC2)
xi.synth_result_id_to_name_cp932[2009] = string.char(0x83,0x52,0x81,0x5B,0x83,0x89,0x83,0x8B,0x83,0x7A,0x81,0x5B,0x83,0x93)
xi.synth_result_id_to_name_cp932[2010] = string.char(0x83,0x45,0x83,0x8B,0x83,0x74,0x83,0x74,0x83,0x46,0x83,0x8B,0x83,0x67)
xi.synth_result_id_to_name_cp932[2011] = string.char(0x98,0x54,0x96,0xD1)
xi.synth_result_id_to_name_cp932[2012] = string.char(0x97,0x59,0x97,0x72,0x82,0xCC,0x9D,0x9A,0x8A,0x76)
xi.synth_result_id_to_name_cp932[2013] = string.char(0x83,0x67,0x83,0x4A,0x83,0x51,0x82,0xCC,0x8C,0x8C)
xi.synth_result_id_to_name_cp932[2014] = string.char(0x92,0xB9,0x82,0xCC,0x8C,0x8C)
xi.synth_result_id_to_name_cp932[2015] = string.char(0x8F,0x62,0x82,0xCC,0x8C,0x8C)
xi.synth_result_id_to_name_cp932[2016] = string.char(0x8D,0x95,0x93,0x79)
xi.synth_result_id_to_name_cp932[2109] = string.char(0x83,0x72,0x83,0x5E,0x81,0x5B,0x83,0x93)
xi.synth_result_id_to_name_cp932[2110] = string.char(0x8E,0xCF,0x8F,0x6F,0x82,0xB5,0x8F,0x60)
xi.synth_result_id_to_name_cp932[2111] = string.char(0x8A,0x84,0x89,0xBA)
xi.synth_result_id_to_name_cp932[2112] = string.char(0x83,0x6F,0x83,0x6A,0x83,0x89)
xi.synth_result_id_to_name_cp932[2113] = string.char(0x8F,0x64,0x91,0x82)
xi.synth_result_id_to_name_cp932[2121] = string.char(0x83,0x49,0x83,0x72,0x83,0x93,0x83,0x6A,0x83,0x4E,0x82,0xCC,0x96,0xD1,0x94,0xE7)
xi.synth_result_id_to_name_cp932[2122] = string.char(0x83,0x49,0x83,0x72,0x83,0x93,0x83,0x6A,0x83,0x4E,0x82,0xCC,0x8A,0x76)
xi.synth_result_id_to_name_cp932[2123] = string.char(0x83,0x4A,0x83,0x67,0x83,0x75,0x83,0x8C,0x83,0x70,0x83,0x58,0x82,0xCC,0x96,0xD1,0x94,0xE7)
xi.synth_result_id_to_name_cp932[2124] = string.char(0x83,0x4A,0x83,0x67,0x83,0x75,0x83,0x8C,0x83,0x70,0x83,0x58,0x82,0xCC,0x8A,0x76)
xi.synth_result_id_to_name_cp932[2125] = string.char(0x83,0x43,0x83,0x47,0x83,0x8D,0x81,0x5B,0x83,0x80,0x81,0x5B,0x83,0x67,0x83,0x93)
xi.synth_result_id_to_name_cp932[2126] = string.char(0x83,0x49,0x81,0x5B,0x83,0x73,0x83,0x81,0x83,0x93,0x83,0x67)
xi.synth_result_id_to_name_cp932[2128] = string.char(0x83,0x58,0x83,0x73,0x83,0x93,0x83,0x68,0x83,0x8B)
xi.synth_result_id_to_name_cp932[2129] = string.char(0x83,0x5E,0x83,0x93,0x83,0x6A,0x83,0x93,0x83,0x4F,0x83,0x6F,0x83,0x62,0x83,0x67)
xi.synth_result_id_to_name_cp932[2130] = string.char(0x8E,0x4C,0x82,0xE2,0x82,0xB7,0x82,0xE8)
xi.synth_result_id_to_name_cp932[2131] = string.char(0x83,0x67,0x83,0x8A,0x83,0x60,0x83,0x83,0x83,0x8C,0x81,0x5B,0x83,0x5E,0x81,0x5B)
xi.synth_result_id_to_name_cp932[2132] = string.char(0x96,0x82,0x97,0xCD,0x82,0xCC,0x97,0x6B,0x96,0xF6)
xi.synth_result_id_to_name_cp932[2133] = string.char(0x96,0x82,0x97,0xCD,0x82,0xCC,0x8E,0x52,0x8C,0x49)
xi.synth_result_id_to_name_cp932[2134] = string.char(0x97,0x8B,0x8C,0xF5,0x93,0x53)
xi.synth_result_id_to_name_cp932[2135] = string.char(0x97,0x8B,0x8C,0xF5,0x8D,0x7C)
xi.synth_result_id_to_name_cp932[2136] = string.char(0x97,0x45,0x97,0xCD,0x82,0xCC,0x8D,0x67,0x8E,0xC8,0xE0,0xF3,0xE0,0xED)
xi.synth_result_id_to_name_cp932[2137] = string.char(0x8E,0x8B,0x97,0xCD,0x82,0xCC,0x8E,0x87,0x90,0x85,0x8F,0xBB)
xi.synth_result_id_to_name_cp932[2138] = string.char(0x96,0x82,0x96,0xA3,0x82,0xCC,0x96,0xD8,0x96,0xC8,0x95,0x7A)
xi.synth_result_id_to_name_cp932[2139] = string.char(0x8D,0x81,0x82,0xE9,0x83,0x5F,0x83,0x8B,0x83,0x81,0x83,0x8B,0x96,0xD1,0x94,0xE7)
xi.synth_result_id_to_name_cp932[2140] = string.char(0x8D,0x81,0x82,0xE9,0x97,0x59,0x97,0x72,0x82,0xCC,0x96,0xD1,0x94,0xE7)
xi.synth_result_id_to_name_cp932[2141] = string.char(0x92,0x51,0x82,0xAB,0x82,0xCC,0x8D,0x9C,0x82,0xAD,0x82,0xB8)
xi.synth_result_id_to_name_cp932[2142] = string.char(0x92,0x51,0x82,0xAB,0x82,0xCC,0x97,0x59,0x97,0x72,0x82,0xCC,0x8A,0x70)
xi.synth_result_id_to_name_cp932[2143] = string.char(0x83,0x7D,0x83,0x93,0x83,0x68,0x83,0x8C,0x83,0x8B)
xi.synth_result_id_to_name_cp932[2144] = string.char(0x8D,0x48,0x8B,0xC6,0x97,0x70,0x83,0x41,0x83,0x93,0x83,0x72,0x83,0x8B)
xi.synth_result_id_to_name_cp932[2145] = string.char(0x95,0x97,0x8E,0x85)
xi.synth_result_id_to_name_cp932[2146] = string.char(0x83,0x81,0x83,0x8D,0x81,0x5B,0x82,0xCC,0x97,0xD8)
xi.synth_result_id_to_name_cp932[2147] = string.char(0x83,0x7D,0x81,0x5B,0x83,0x8A,0x83,0x68,0x82,0xCC,0x89,0xE5)
xi.synth_result_id_to_name_cp932[2148] = string.char(0x83,0x76,0x81,0x5B,0x83,0x4E,0x82,0xCC,0xE3,0xC0)
xi.synth_result_id_to_name_cp932[2149] = string.char(0x83,0x41,0x83,0x76,0x83,0x4A,0x83,0x8B,0x82,0xCC,0x89,0x48,0x8D,0xAA)
xi.synth_result_id_to_name_cp932[2150] = string.char(0x83,0x52,0x83,0x8A,0x83,0x75,0x83,0x8A,0x82,0xCC,0x94,0xF6,0x89,0x48,0x8D,0xAA)
xi.synth_result_id_to_name_cp932[2151] = string.char(0x83,0x7D,0x81,0x5B,0x83,0x8A,0x83,0x68,0x82,0xCC,0x96,0xD1,0x94,0xE7)
xi.synth_result_id_to_name_cp932[2152] = string.char(0x83,0x7D,0x81,0x5B,0x83,0x8A,0x83,0x68,0x82,0xCC,0x82,0xC8,0x82,0xDF,0x82,0xB5,0x8A,0x76)
xi.synth_result_id_to_name_cp932[2154] = string.char(0x83,0x49,0x83,0x8D,0x83,0x7B,0x83,0x93,0x82,0xCC,0x83,0x89,0x83,0x93,0x83,0x76)
xi.synth_result_id_to_name_cp932[2155] = string.char(0x83,0x8C,0x83,0x62,0x83,0x54,0x81,0x5B,0x83,0x60,0x83,0x53,0x81,0x5B)
xi.synth_result_id_to_name_cp932[2156] = string.char(0x83,0x41,0x83,0x67,0x83,0x8B,0x83,0x4B,0x83,0x93,0x92,0x83,0x97,0x74)
xi.synth_result_id_to_name_cp932[2157] = string.char(0x83,0x43,0x83,0x93,0x83,0x76,0x82,0xCC,0x8A,0x70,0x93,0x4A)
xi.synth_result_id_to_name_cp932[2158] = string.char(0x83,0x6E,0x83,0x43,0x83,0x68,0x83,0x89,0x82,0xCC,0x89,0xE5)
xi.synth_result_id_to_name_cp932[2159] = string.char(0x83,0x4E,0x83,0x67,0x83,0x44,0x83,0x8B,0x83,0x75,0x82,0xCC,0x95,0xEF,0x91,0xD1)
xi.synth_result_id_to_name_cp932[2162] = string.char(0x83,0x7D,0x83,0x80,0x81,0x5B,0x83,0x57,0x83,0x83,0x82,0xCC,0x99,0x68)
xi.synth_result_id_to_name_cp932[2163] = string.char(0x83,0x43,0x83,0x93,0x83,0x76,0x82,0xCC,0x97,0x83)
xi.synth_result_id_to_name_cp932[2164] = string.char(0x83,0x79,0x83,0x76,0x83,0x8C,0x83,0x68,0x82,0xCC,0x91,0x83,0x82,0xCC,0x8C,0x87,0x95,0xD0)
xi.synth_result_id_to_name_cp932[2166] = string.char(0x83,0x7D,0x81,0x5B,0x83,0x8A,0x83,0x68,0x82,0xCC,0x82,0xBD,0x82,0xC4,0x82,0xAA,0x82,0xDD)
xi.synth_result_id_to_name_cp932[2168] = string.char(0x83,0x50,0x83,0x8B,0x83,0x78,0x83,0x8D,0x83,0x58,0x82,0xCC,0x92,0xDC)
xi.synth_result_id_to_name_cp932[2169] = string.char(0x83,0x50,0x83,0x8B,0x83,0x78,0x83,0x8D,0x83,0x58,0x82,0xCC,0x94,0xE7)
xi.synth_result_id_to_name_cp932[2170] = string.char(0x83,0x50,0x83,0x8B,0x83,0x78,0x83,0x8D,0x83,0x58,0x82,0xC8,0x82,0xDF,0x82,0xB5,0x8A,0x76)
xi.synth_result_id_to_name_cp932[2171] = string.char(0x83,0x52,0x83,0x8A,0x83,0x75,0x83,0x8A,0x82,0xCC,0x9A,0x7B)
xi.synth_result_id_to_name_cp932[2172] = string.char(0x83,0x6E,0x83,0x43,0x83,0x68,0x83,0x89,0x82,0xCC,0x97,0xD8)
xi.synth_result_id_to_name_cp932[2173] = string.char(0x83,0x8F,0x83,0x82,0x81,0x5B,0x83,0x89,0x82,0xCC,0x96,0x9A)
xi.synth_result_id_to_name_cp932[2175] = string.char(0x83,0x74,0x83,0x89,0x83,0x93,0x82,0xCC,0x93,0xF7)
xi.synth_result_id_to_name_cp932[2176] = string.char(0x83,0x74,0x83,0x40,0x83,0x43,0x83,0x41,0x83,0x4A,0x81,0x5B,0x83,0x68)
xi.synth_result_id_to_name_cp932[2177] = string.char(0x83,0x41,0x83,0x43,0x83,0x58,0x83,0x4A,0x81,0x5B,0x83,0x68)
xi.synth_result_id_to_name_cp932[2178] = string.char(0x83,0x45,0x83,0x42,0x83,0x93,0x83,0x68,0x83,0x4A,0x81,0x5B,0x83,0x68)
xi.synth_result_id_to_name_cp932[2179] = string.char(0x83,0x41,0x81,0x5B,0x83,0x58,0x83,0x4A,0x81,0x5B,0x83,0x68)
xi.synth_result_id_to_name_cp932[2180] = string.char(0x83,0x54,0x83,0x93,0x83,0x5F,0x81,0x5B,0x83,0x4A,0x81,0x5B,0x83,0x68)
xi.synth_result_id_to_name_cp932[2181] = string.char(0x83,0x45,0x83,0x48,0x81,0x5B,0x83,0x5E,0x83,0x4A,0x81,0x5B,0x83,0x68)
xi.synth_result_id_to_name_cp932[2182] = string.char(0x83,0x89,0x83,0x43,0x83,0x67,0x83,0x4A,0x81,0x5B,0x83,0x68)
xi.synth_result_id_to_name_cp932[2183] = string.char(0x83,0x5F,0x81,0x5B,0x83,0x4E,0x83,0x4A,0x81,0x5B,0x83,0x68)
xi.synth_result_id_to_name_cp932[2197] = string.char(0x83,0x60,0x83,0x87,0x83,0x52,0x83,0x67,0x83,0x6A,0x83,0x62,0x83,0x4E)
xi.synth_result_id_to_name_cp932[2198] = string.char(0x90,0x85,0x92,0x77,0xE5,0x81,0x82,0xCC,0x96,0xD4)
xi.synth_result_id_to_name_cp932[2199] = string.char(0x91,0x4D,0x8E,0x85)
xi.synth_result_id_to_name_cp932[2200] = string.char(0x88,0xBB,0x95,0x7A)
xi.synth_result_id_to_name_cp932[2201] = string.char(0x83,0x67,0x83,0x52,0x83,0x79,0x83,0x62,0x83,0x52,0x82,0xCC,0x96,0xEC,0x91,0x90)
xi.synth_result_id_to_name_cp932[2203] = string.char(0x83,0x4C,0x83,0x85,0x81,0x5B,0x83,0x73,0x83,0x62,0x83,0x68,0x83,0x8F,0x81,0x5B,0x83,0x80)
xi.synth_result_id_to_name_cp932[2206] = string.char(0x83,0x60,0x83,0x87,0x83,0x52,0x83,0x47,0x83,0x8A,0x83,0x4E,0x83,0x54,0x81,0x5B)
xi.synth_result_id_to_name_cp932[2207] = string.char(0x83,0x5A,0x83,0x8C,0x83,0x8A,0x83,0x65,0x83,0x42,0x81,0x5B,0x83,0x54,0x83,0x89,0x83,0x5F)
xi.synth_result_id_to_name_cp932[2208] = string.char(0x83,0x6E,0x81,0x5B,0x83,0x75,0x83,0x79,0x81,0x5B,0x83,0x58,0x83,0x67)
xi.synth_result_id_to_name_cp932[2209] = string.char(0x83,0x8F,0x81,0x5B,0x83,0x80,0x83,0x79,0x81,0x5B,0x83,0x58,0x83,0x67)
xi.synth_result_id_to_name_cp932[2210] = string.char(0x83,0x78,0x83,0x57,0x83,0x5E,0x83,0x75,0x83,0x8B,0x83,0x79,0x81,0x5B,0x83,0x58,0x83,0x67)
xi.synth_result_id_to_name_cp932[2211] = string.char(0x83,0x4A,0x83,0x8D,0x83,0x62,0x83,0x67,0x83,0x79,0x81,0x5B,0x83,0x58,0x83,0x67)
xi.synth_result_id_to_name_cp932[2213] = string.char(0x83,0x70,0x83,0x43,0x83,0x93,0x83,0x69,0x83,0x62,0x83,0x63)
xi.synth_result_id_to_name_cp932[2214] = string.char(0x83,0x41,0x83,0x8B,0x83,0x55,0x83,0x72,0x83,0x89,0x83,0x43,0x83,0x58)
xi.synth_result_id_to_name_cp932[2215] = string.char(0x83,0x52,0x81,0x5B,0x83,0x93,0x83,0x58,0x83,0x5E,0x81,0x5B,0x83,0x60)
xi.synth_result_id_to_name_cp932[2216] = string.char(0x83,0x89,0x83,0x93,0x83,0x76,0x83,0x7D,0x83,0x8A,0x83,0x82)
xi.synth_result_id_to_name_cp932[2228] = string.char(0x8B,0x50,0x8B,0xE0,0x8D,0x7A)
xi.synth_result_id_to_name_cp932[2229] = string.char(0x8D,0x87,0x90,0xAC,0x8F,0x62,0x82,0xCC,0x8C,0x8C)
xi.synth_result_id_to_name_cp932[2230] = string.char(0x89,0x8A,0x82,0xCC,0x90,0x5E,0x8B,0x50,0x8A,0xC7)
xi.synth_result_id_to_name_cp932[2231] = string.char(0x90,0x85,0x82,0xCC,0x90,0x5E,0x8B,0x50,0x8A,0xC7)
xi.synth_result_id_to_name_cp932[2232] = string.char(0x93,0x79,0x82,0xCC,0x90,0x5E,0x8B,0x50,0x8A,0xC7)
xi.synth_result_id_to_name_cp932[2233] = string.char(0x95,0x97,0x82,0xCC,0x90,0x5E,0x8B,0x50,0x8A,0xC7)
xi.synth_result_id_to_name_cp932[2234] = string.char(0x92,0x51,0x82,0xAB,0x82,0xCC,0x8A,0x4C,0x8A,0x6B)
xi.synth_result_id_to_name_cp932[2235] = string.char(0x93,0xE4,0x82,0xCC,0x96,0xEC,0x91,0x90,0x82,0xCC,0x8E,0xED)
xi.synth_result_id_to_name_cp932[2236] = string.char(0x83,0x56,0x83,0x80,0x83,0x56,0x83,0x80)
xi.synth_result_id_to_name_cp932[2237] = string.char(0x83,0x41,0x83,0x67,0x83,0x8B,0x83,0x4B,0x83,0x93,0x8F,0xAC,0x94,0x9E,0x95,0xB2)
xi.synth_result_id_to_name_cp932[2238] = string.char(0x83,0x58,0x83,0x67,0x83,0x8D,0x83,0x7B)
xi.synth_result_id_to_name_cp932[2239] = string.char(0x82,0x73,0x81,0x44,0x83,0x58,0x83,0x76,0x83,0x8A,0x83,0x93,0x83,0x4F)
xi.synth_result_id_to_name_cp932[2240] = string.char(0x83,0x43,0x83,0x93,0x83,0x71,0x83,0x72,0x83,0x5E,0x81,0x5B)
xi.synth_result_id_to_name_cp932[2241] = string.char(0x82,0x73,0x81,0x44,0x83,0x58,0x83,0x76,0x83,0x8A,0x83,0x93,0x83,0x4F,0x49,0x49)
xi.synth_result_id_to_name_cp932[2242] = string.char(0x83,0x7D,0x83,0x69,0x83,0x75,0x81,0x5B,0x83,0x58,0x83,0x5E,0x81,0x5B)
xi.synth_result_id_to_name_cp932[2243] = string.char(0x83,0x89,0x83,0x45,0x83,0x68,0x83,0x58,0x83,0x73,0x81,0x5B,0x83,0x4A,0x81,0x5B)
xi.synth_result_id_to_name_cp932[2244] = string.char(0x83,0x58,0x83,0x4C,0x83,0x83,0x83,0x69,0x81,0x5B)
xi.synth_result_id_to_name_cp932[2245] = string.char(0x83,0x89,0x83,0x45,0x83,0x68,0x83,0x58,0x83,0x73,0x81,0x5B,0x83,0x4A,0x81,0x5B,0x49,0x49)
xi.synth_result_id_to_name_cp932[2246] = string.char(0x83,0x41,0x83,0x4E,0x83,0x5A,0x83,0x89,0x83,0x8C,0x81,0x5B,0x83,0x5E,0x81,0x5B)
xi.synth_result_id_to_name_cp932[2247] = string.char(0x83,0x58,0x83,0x52,0x81,0x5B,0x83,0x76)
xi.synth_result_id_to_name_cp932[2248] = string.char(0x83,0x70,0x83,0x5E,0x81,0x5B,0x83,0x93,0x83,0x8A,0x81,0x5B,0x83,0x5F,0x81,0x5B)
xi.synth_result_id_to_name_cp932[2249] = string.char(0x83,0x41,0x83,0x4E,0x83,0x5A,0x83,0x89,0x83,0x8C,0x81,0x5B,0x83,0x5E,0x81,0x5B,0x49,0x49)
xi.synth_result_id_to_name_cp932[2250] = string.char(0x82,0x72,0x81,0x44,0x83,0x41,0x83,0x75,0x83,0x5C,0x81,0x5B,0x83,0x6F,0x81,0x5B)
xi.synth_result_id_to_name_cp932[2251] = string.char(0x83,0x41,0x81,0x5B,0x83,0x7D,0x81,0x5B,0x83,0x76,0x83,0x8C,0x81,0x5B,0x83,0x67)
xi.synth_result_id_to_name_cp932[2252] = string.char(0x83,0x41,0x83,0x69,0x83,0x89,0x83,0x43,0x83,0x55,0x81,0x5B)
xi.synth_result_id_to_name_cp932[2253] = string.char(0x83,0x41,0x81,0x5B,0x83,0x7D,0x81,0x5B,0x83,0x76,0x83,0x8C,0x81,0x5B,0x83,0x67,0x49,0x49)
xi.synth_result_id_to_name_cp932[2254] = string.char(0x83,0x58,0x83,0x5E,0x83,0x72,0x83,0x89,0x83,0x43,0x83,0x55,0x81,0x5B)
xi.synth_result_id_to_name_cp932[2255] = string.char(0x83,0x94,0x83,0x48,0x83,0x8B,0x83,0x67,0x83,0x4B,0x83,0x93)
xi.synth_result_id_to_name_cp932[2256] = string.char(0x83,0x71,0x81,0x5B,0x83,0x67,0x83,0x56,0x81,0x5B,0x83,0x4A,0x81,0x5B)
xi.synth_result_id_to_name_cp932[2257] = string.char(0x83,0x58,0x83,0x5E,0x83,0x72,0x83,0x89,0x83,0x43,0x83,0x55,0x81,0x5B,0x49,0x49)
xi.synth_result_id_to_name_cp932[2258] = string.char(0x83,0x7D,0x83,0x69,0x83,0x57,0x83,0x83,0x83,0x7D,0x81,0x5B)
xi.synth_result_id_to_name_cp932[2259] = string.char(0x83,0x71,0x81,0x5B,0x83,0x67,0x83,0x56,0x83,0x93,0x83,0x4E)
xi.synth_result_id_to_name_cp932[2260] = string.char(0x83,0x58,0x83,0x65,0x83,0x8B,0x83,0x58,0x83,0x58,0x83,0x4E,0x83,0x8A,0x81,0x5B,0x83,0x93)
xi.synth_result_id_to_name_cp932[2261] = string.char(0x83,0x7D,0x83,0x69,0x83,0x57,0x83,0x83,0x83,0x7D,0x81,0x5B,0x49,0x49)
xi.synth_result_id_to_name_cp932[2262] = string.char(0x83,0x49,0x81,0x5B,0x83,0x67,0x83,0x8A,0x83,0x79,0x83,0x41,0x83,0x4C,0x83,0x62,0x83,0x67)
xi.synth_result_id_to_name_cp932[2263] = string.char(0x83,0x74,0x83,0x89,0x83,0x62,0x83,0x56,0x83,0x85,0x83,0x6F,0x83,0x8B,0x83,0x75)
xi.synth_result_id_to_name_cp932[2264] = string.char(0x83,0x5F,0x83,0x81,0x81,0x5B,0x83,0x57,0x83,0x51,0x81,0x5B,0x83,0x57)
xi.synth_result_id_to_name_cp932[2265] = string.char(0x82,0x60,0x81,0x44,0x83,0x8A,0x83,0x79,0x83,0x41,0x83,0x4C,0x83,0x62,0x83,0x67,0x49,0x49)
xi.synth_result_id_to_name_cp932[2266] = string.char(0x83,0x7D,0x83,0x69,0x83,0x5E,0x83,0x93,0x83,0x4E)
xi.synth_result_id_to_name_cp932[2267] = string.char(0x83,0x7D,0x83,0x69,0x83,0x52,0x83,0x93,0x83,0x6F,0x81,0x5B,0x83,0x5E,0x81,0x5B)
xi.synth_result_id_to_name_cp932[2268] = string.char(0x83,0x7D,0x83,0x69,0x83,0x52,0x83,0x93,0x83,0x54,0x81,0x5B,0x83,0x6F,0x81,0x5B)
xi.synth_result_id_to_name_cp932[2269] = string.char(0x83,0x7D,0x83,0x69,0x83,0x5E,0x83,0x93,0x83,0x4E,0x49,0x49)
xi.synth_result_id_to_name_cp932[2270] = string.char(0x83,0x52,0x81,0x5B,0x83,0x71,0x81,0x5B,0x83,0x60,0x83,0x46,0x83,0x8A,0x81,0x5B)
xi.synth_result_id_to_name_cp932[2271] = string.char(0x83,0x52,0x81,0x5B,0x83,0x71,0x81,0x5B,0x83,0x72,0x81,0x5B,0x83,0x93)
xi.synth_result_id_to_name_cp932[2272] = string.char(0x83,0x8D,0x81,0x5B,0x83,0x58,0x83,0x67,0x83,0x52,0x81,0x5B,0x83,0x71,0x81,0x5B)
xi.synth_result_id_to_name_cp932[2273] = string.char(0x83,0x52,0x81,0x5B,0x83,0x71,0x81,0x5B,0x83,0x70,0x83,0x45,0x83,0x5F,0x81,0x5B)
xi.synth_result_id_to_name_cp932[2274] = string.char(0x83,0x82,0x83,0x75,0x83,0x8F,0x91,0x90,0x95,0x7A)
xi.synth_result_id_to_name_cp932[2275] = string.char(0x83,0x56,0x83,0x93,0x83,0x60,0x83,0x8C,0x81,0x5B,0x83,0x5E,0x81,0x5B)
xi.synth_result_id_to_name_cp932[2287] = string.char(0x83,0x4A,0x83,0x89,0x83,0x4E,0x81,0x5B,0x83,0x8B,0x96,0xD1,0x8E,0x85)
xi.synth_result_id_to_name_cp932[2288] = string.char(0x83,0x4A,0x83,0x89,0x83,0x4E,0x81,0x5B,0x83,0x8B,0x90,0x44,0x95,0xA8)
xi.synth_result_id_to_name_cp932[2289] = string.char(0x83,0x8F,0x83,0x82,0x81,0x5B,0x83,0x89,0x83,0x4E,0x83,0x8D,0x83,0x58)
xi.synth_result_id_to_name_cp932[2290] = string.char(0x83,0x41,0x83,0x8B,0x83,0x55,0x83,0x72,0x83,0x54,0x81,0x5B,0x83,0x81,0x83,0x62,0x83,0x67)
xi.synth_result_id_to_name_cp932[2291] = string.char(0x83,0x76,0x81,0x5B,0x83,0x4E,0x82,0xCC,0x96,0xEE,0x89,0x48,0x8D,0xAA)
xi.synth_result_id_to_name_cp932[2292] = string.char(0x83,0x41,0x83,0x76,0x83,0x4A,0x83,0x8B,0x82,0xCC,0x96,0xEE,0x89,0x48,0x8D,0xAA)
xi.synth_result_id_to_name_cp932[2293] = string.char(0x83,0x7D,0x81,0x5B,0x83,0x8A,0x83,0x68,0x89,0xE5,0x82,0xCC,0x96,0xEE,0x90,0x4B)
xi.synth_result_id_to_name_cp932[2294] = string.char(0x83,0x7D,0x83,0x71,0x82,0xCC,0x96,0xEE,0x90,0x4B)
xi.synth_result_id_to_name_cp932[2295] = string.char(0x83,0x82,0x83,0x75,0x83,0x8F,0x91,0x90)
xi.synth_result_id_to_name_cp932[2296] = string.char(0x83,0x82,0x83,0x75,0x83,0x8F,0x91,0x90,0x8E,0x85)
xi.synth_result_id_to_name_cp932[2297] = string.char(0x90,0x85,0x82,0xCC,0x96,0xEE,0x90,0x4B)
xi.synth_result_id_to_name_cp932[2298] = string.char(0x95,0x97,0x82,0xCC,0x96,0xEE,0x90,0x4B)
xi.synth_result_id_to_name_cp932[2299] = string.char(0x93,0x79,0x82,0xCC,0x96,0xEE,0x90,0x4B)
xi.synth_result_id_to_name_cp932[2300] = string.char(0x83,0x47,0x83,0x7B,0x83,0x69,0x83,0x43,0x83,0x67)
xi.synth_result_id_to_name_cp932[2301] = string.char(0x83,0x7C,0x83,0x8A,0x83,0x74,0x83,0x89,0x83,0x93)
xi.synth_result_id_to_name_cp932[2302] = string.char(0x83,0x67,0x83,0x8D,0x81,0x5B,0x83,0x8B,0x83,0x75,0x83,0x8D,0x83,0x93,0x83,0x59)
xi.synth_result_id_to_name_cp932[2303] = string.char(0x83,0x67,0x83,0x8D,0x81,0x5B,0x83,0x8B,0x83,0x75,0x83,0x8D,0x83,0x93,0x83,0x59,0x94,0xC2)
xi.synth_result_id_to_name_cp932[2304] = string.char(0x83,0x8F,0x83,0x82,0x81,0x5B,0x83,0x89,0x8E,0x85)
xi.synth_result_id_to_name_cp932[2305] = string.char(0x8D,0xBB,0x8B,0xE0)
xi.synth_result_id_to_name_cp932[2308] = string.char(0x83,0x7E,0x83,0x58,0x83,0x8A,0x83,0x8B,0x83,0x52,0x83,0x43,0x83,0x8B)
xi.synth_result_id_to_name_cp932[2309] = string.char(0x83,0x7A,0x83,0x80,0x83,0x93,0x83,0x4E,0x83,0x8B,0x83,0x58,0x90,0xD2,0x90,0x91)
xi.synth_result_id_to_name_cp932[2310] = string.char(0x90,0x6C,0x8D,0x48,0x8C,0x8C,0x90,0x91,0x96,0xFB)
xi.synth_result_id_to_name_cp932[2311] = string.char(0x83,0x7E,0x83,0x58,0x83,0x8A,0x83,0x8B,0x83,0x4D,0x83,0x41)
xi.synth_result_id_to_name_cp932[2315] = string.char(0x83,0x4A,0x83,0x89,0x83,0x4E,0x81,0x5B,0x83,0x8B,0x97,0x72,0x96,0xD1)
xi.synth_result_id_to_name_cp932[2316] = string.char(0x83,0x7C,0x83,0x8A,0x83,0x74,0x83,0x89,0x83,0x93,0x83,0x79,0x81,0x5B,0x83,0x70,0x81,0x5B)
xi.synth_result_id_to_name_cp932[2330] = string.char(0x97,0x5E,0x88,0xEA,0x82,0xCC,0x91,0x67,0x8F,0x8F)
xi.synth_result_id_to_name_cp932[2335] = string.char(0x83,0x5C,0x83,0x45,0x83,0x8B,0x83,0x74,0x83,0x8C,0x83,0x41,0x90,0x47,0x8E,0xE8)
xi.synth_result_id_to_name_cp932[2337] = string.char(0x83,0x8F,0x83,0x82,0x81,0x5B,0x83,0x89,0x82,0xCC,0x96,0xD1)
xi.synth_result_id_to_name_cp932[2338] = string.char(0x83,0x8F,0x83,0x82,0x81,0x5B,0x83,0x89,0x82,0xCC,0x97,0xD8,0x95,0xB2)
xi.synth_result_id_to_name_cp932[2340] = string.char(0x83,0x41,0x83,0x67,0x83,0x8B,0x83,0x4B,0x83,0x93,0x8C,0xA6,0x95,0x7A)
xi.synth_result_id_to_name_cp932[2343] = string.char(0x83,0x89,0x83,0x65,0x81,0x5B,0x83,0x6B,0x83,0x7E,0x83,0x8C,0x83,0x62,0x83,0x67)
xi.synth_result_id_to_name_cp932[2358] = string.char(0x8B,0xE0,0x90,0xCE,0x82,0xCC,0x94,0xF2,0x97,0xB3,0x97,0xD8)
xi.synth_result_id_to_name_cp932[2359] = string.char(0x83,0x58,0x83,0x5E,0x81,0x5B,0x83,0x54,0x83,0x74,0x83,0x40,0x83,0x43,0x83,0x41)
xi.synth_result_id_to_name_cp932[2360] = string.char(0x83,0x53,0x81,0x5B,0x83,0x8B,0x83,0x68,0x83,0x4D,0x83,0x41)
xi.synth_result_id_to_name_cp932[2361] = string.char(0x83,0x41,0x83,0x80,0x83,0x8B,0x83,0x5E,0x81,0x5B,0x83,0x67,0x82,0xCC,0x82,0xC2,0x82,0xE9)
xi.synth_result_id_to_name_cp932[2362] = string.char(0x83,0x6E,0x83,0x43,0x83,0x47,0x83,0x7B,0x83,0x69,0x83,0x43,0x83,0x67)
xi.synth_result_id_to_name_cp932[2364] = string.char(0x83,0x43,0x83,0x47,0x83,0x8D,0x81,0x5B,0x83,0x57,0x83,0x93,0x83,0x5A,0x83,0x93)
xi.synth_result_id_to_name_cp932[2365] = string.char(0x88,0xAB,0x96,0x82,0x82,0xCC,0x8C,0x8C)
xi.synth_result_id_to_name_cp932[2371] = string.char(0x83,0x4C,0x83,0x7D,0x83,0x43,0x83,0x89,0x82,0xCC,0x8A,0x70)
xi.synth_result_id_to_name_cp932[2372] = string.char(0x83,0x4C,0x83,0x7D,0x83,0x43,0x83,0x89,0x82,0xCC,0x82,0xBD,0x82,0xC4,0x82,0xAA,0x82,0xDD)
xi.synth_result_id_to_name_cp932[2373] = string.char(0x83,0x4C,0x83,0x7D,0x83,0x43,0x83,0x89,0x82,0xCC,0x94,0xF6)
xi.synth_result_id_to_name_cp932[2374] = string.char(0x8E,0xD6,0x93,0xC5,0x91,0x66)
xi.synth_result_id_to_name_cp932[2379] = string.char(0x83,0x60,0x83,0x87,0x83,0x52,0x83,0x7B,0x83,0x4A,0x83,0x89,0x81,0x5B,0x3A,0x89,0xA9)
xi.synth_result_id_to_name_cp932[2380] = string.char(0x83,0x60,0x83,0x87,0x83,0x52,0x83,0x7B,0x83,0x4A,0x83,0x89,0x81,0x5B,0x3A,0x90,0xD4)
xi.synth_result_id_to_name_cp932[2381] = string.char(0x83,0x60,0x83,0x87,0x83,0x52,0x83,0x7B,0x83,0x4A,0x83,0x89,0x81,0x5B,0x3A,0x90,0xC2)
xi.synth_result_id_to_name_cp932[2382] = string.char(0x83,0x60,0x83,0x87,0x83,0x52,0x83,0x7B,0x83,0x4A,0x83,0x89,0x81,0x5B,0x3A,0x97,0xCE)
xi.synth_result_id_to_name_cp932[2383] = string.char(0x83,0x60,0x83,0x87,0x83,0x52,0x83,0x7B,0x83,0x4A,0x83,0x89,0x81,0x5B,0x3A,0x8D,0x95)
xi.synth_result_id_to_name_cp932[2389] = string.char(0x83,0x58,0x83,0x73,0x81,0x5B,0x83,0x68,0x83,0x41,0x83,0x62,0x83,0x76,0x83,0x8B)
xi.synth_result_id_to_name_cp932[2390] = string.char(0x83,0x58,0x83,0x5E,0x83,0x7E,0x83,0x69,0x83,0x41,0x83,0x62,0x83,0x76,0x83,0x8B)
xi.synth_result_id_to_name_cp932[2391] = string.char(0x83,0x56,0x83,0x83,0x83,0x68,0x83,0x45,0x83,0x41,0x83,0x62,0x83,0x76,0x83,0x8B)
xi.synth_result_id_to_name_cp932[2392] = string.char(0x83,0x79,0x83,0x62,0x83,0x70,0x81,0x5B,0x83,0x4E,0x83,0x62,0x83,0x4C,0x81,0x5B)
xi.synth_result_id_to_name_cp932[2393] = string.char(0x83,0x7A,0x83,0x62,0x83,0x67,0x83,0x4E,0x83,0x62,0x83,0x4C,0x81,0x5B)
xi.synth_result_id_to_name_cp932[2394] = string.char(0x83,0x4D,0x83,0x54,0x81,0x5B,0x83,0x8B,0x83,0x4E,0x83,0x89,0x83,0x62,0x83,0x4A,0x81,0x5B)
xi.synth_result_id_to_name_cp932[2395] = string.char(0x83,0x7D,0x83,0x62,0x83,0x56,0x83,0x85,0x83,0x4E,0x83,0x89,0x83,0x62,0x83,0x4A,0x81,0x5B)
xi.synth_result_id_to_name_cp932[2396] = string.char(0x8F,0xC6,0x82,0xE9,0x8F,0xC6,0x82,0xE9,0x96,0x56,0x8E,0xE5)
xi.synth_result_id_to_name_cp932[2397] = string.char(0x89,0x4A,0x8C,0xEE,0x92,0x8E)
xi.synth_result_id_to_name_cp932[2398] = string.char(0x83,0x60,0x83,0x87,0x83,0x52,0x83,0x7B,0x83,0x6F,0x83,0x93,0x83,0x66,0x81,0x5B,0x83,0x57)
xi.synth_result_id_to_name_cp932[2399] = string.char(0x83,0x60,0x83,0x87,0x83,0x52,0x83,0x7B,0x83,0x75,0x83,0x8A,0x83,0x93,0x83,0x4A,0x81,0x5B)
xi.synth_result_id_to_name_cp932[2400] = string.char(0x83,0x56,0x83,0x83,0x83,0x68,0x83,0x45,0x83,0x8D,0x81,0x5B,0x83,0x8B)
xi.synth_result_id_to_name_cp932[2401] = string.char(0x83,0x60,0x83,0x87,0x83,0x52,0x83,0x7B,0x83,0x74,0x81,0x5B,0x83,0x68)
xi.synth_result_id_to_name_cp932[2409] = string.char(0x83,0x74,0x83,0x8C,0x83,0x43,0x83,0x80,0x83,0x7A,0x83,0x8B,0x83,0x5F,0x81,0x5B)
xi.synth_result_id_to_name_cp932[2410] = string.char(0x83,0x41,0x83,0x43,0x83,0x58,0x83,0x81,0x81,0x5B,0x83,0x4A,0x81,0x5B)
xi.synth_result_id_to_name_cp932[2411] = string.char(0x83,0x8C,0x83,0x76,0x83,0x8A,0x83,0x50,0x81,0x5B,0x83,0x5E,0x81,0x5B)
xi.synth_result_id_to_name_cp932[2412] = string.char(0x83,0x6E,0x83,0x93,0x83,0x7D,0x81,0x5B,0x83,0x7E,0x83,0x8B)
xi.synth_result_id_to_name_cp932[2415] = string.char(0x82,0x73,0x81,0x44,0x83,0x60,0x83,0x83,0x81,0x5B,0x83,0x57,0x83,0x83,0x81,0x5B,0x49,0x49)
xi.synth_result_id_to_name_cp932[2416] = string.char(0x82,0x75,0x81,0x44,0x83,0x60,0x83,0x85,0x81,0x5B,0x83,0x75,0x49,0x49)
xi.synth_result_id_to_name_cp932[2417] = string.char(0xE8,0x4A,0x90,0xCE)
xi.synth_result_id_to_name_cp932[2418] = string.char(0x83,0x41,0x83,0x67,0x83,0x8B,0x83,0x4B,0x83,0x93,0x83,0x75,0x83,0x89,0x83,0x58)
xi.synth_result_id_to_name_cp932[2419] = string.char(0x83,0x41,0x83,0x67,0x83,0x8B,0x83,0x4B,0x83,0x93,0x83,0x75,0x83,0x89,0x83,0x58,0x94,0xC2)
xi.synth_result_id_to_name_cp932[2420] = string.char(0x8E,0x87,0x93,0x64,0x97,0xA4,0x83,0x4B,0x83,0x6A,0x8D,0x62,0x8A,0x6B)
xi.synth_result_id_to_name_cp932[2421] = string.char(0x8A,0xE2,0x8F,0xE6,0x8D,0x62,0x97,0x85)
xi.synth_result_id_to_name_cp932[2422] = string.char(0x83,0x81,0x83,0x62,0x83,0x56,0x83,0x85,0x83,0x7E,0x83,0x58,0x83,0x8A,0x83,0x8B,0x94,0xC2)
xi.synth_result_id_to_name_cp932[2423] = string.char(0x93,0x80,0x8A,0xA6,0x83,0x89,0x83,0x76,0x83,0x67,0x83,0x8B,0x94,0xE7)
xi.synth_result_id_to_name_cp932[2424] = string.char(0x91,0xCF,0x94,0x4D,0x96,0xD1,0x90,0x44,0x95,0xA8)
xi.synth_result_id_to_name_cp932[2425] = string.char(0x94,0x47,0x82,0xEA,0x82,0xBD,0x83,0x72,0x83,0x8D,0x81,0x5B,0x83,0x68)
xi.synth_result_id_to_name_cp932[2426] = string.char(0x8A,0x5A,0x97,0xB3,0x82,0xCC,0x8A,0x70)
xi.synth_result_id_to_name_cp932[2427] = string.char(0x8A,0x5A,0x97,0xB3,0x82,0xCC,0x92,0xC6)
xi.synth_result_id_to_name_cp932[2428] = string.char(0x8A,0x5A,0x97,0xB3,0x82,0xCC,0x91,0x95,0x8D,0x62)
xi.synth_result_id_to_name_cp932[2439] = string.char(0x8E,0xF4,0x82,0xED,0x82,0xEA,0x82,0xBD,0x8D,0x95,0x93,0x53,0x99,0x68)
xi.synth_result_id_to_name_cp932[2441] = string.char(0x8E,0xF4,0x82,0xED,0x82,0xEA,0x82,0xBD,0x8D,0x95,0x93,0x53,0x8B,0xB9,0x8D,0x62)
xi.synth_result_id_to_name_cp932[2443] = string.char(0x8E,0xF4,0x82,0xED,0x82,0xEA,0x82,0xBD,0x8D,0x95,0x93,0x53,0x98,0x55,0x8E,0xE8)
xi.synth_result_id_to_name_cp932[2445] = string.char(0x8E,0xF4,0x82,0xED,0x82,0xEA,0x82,0xBD,0x8D,0x95,0x93,0x53,0x8C,0xD2,0x93,0x96)
xi.synth_result_id_to_name_cp932[2447] = string.char(0x8E,0xF4,0x82,0xED,0x82,0xEA,0x82,0xBD,0x8D,0x95,0x93,0x53,0x8C,0x43)
xi.synth_result_id_to_name_cp932[2449] = string.char(0x8E,0xF4,0x82,0xED,0x82,0xEA,0x82,0xBD,0x82,0xC6,0x82,0xF1,0x82,0xAA,0x82,0xE8,0x96,0x58)
xi.synth_result_id_to_name_cp932[2451] = string.char(0x8E,0xF4,0x82,0xED,0x82,0xEA,0x82,0xBD,0x8A,0x4F,0x88,0xDF)
xi.synth_result_id_to_name_cp932[2453] = string.char(0x8E,0xF4,0x82,0xED,0x82,0xEA,0x82,0xBD,0x91,0xB3,0x8F,0xFC,0x82,0xE8)
xi.synth_result_id_to_name_cp932[2455] = string.char(0x8E,0xF4,0x82,0xED,0x82,0xEA,0x82,0xBD,0xE5,0xE3,0x8E,0x71)
xi.synth_result_id_to_name_cp932[2457] = string.char(0x8E,0xF4,0x82,0xED,0x82,0xEA,0x82,0xBD,0x8A,0x76,0x8C,0x43)
xi.synth_result_id_to_name_cp932[2459] = string.char(0x8C,0xF5,0x96,0xBE,0x92,0x4F)
xi.synth_result_id_to_name_cp932[2460] = string.char(0x83,0x74,0x83,0x8A,0x83,0x93,0x83,0x67,0x83,0x4B,0x83,0x89,0x83,0x58,0x94,0xC2)
xi.synth_result_id_to_name_cp932[2464] = string.char(0x83,0x58,0x83,0x70,0x81,0x5B,0x83,0x4E,0x83,0x8B,0x83,0x4B,0x83,0x58)
xi.synth_result_id_to_name_cp932[2465] = string.char(0x83,0x89,0x83,0x6F,0x81,0x5B,0x83,0x4C,0x83,0x83,0x83,0x62,0x83,0x76)
xi.synth_result_id_to_name_cp932[2466] = string.char(0x83,0x89,0x83,0x6F,0x81,0x5B,0x83,0x6E,0x81,0x5B,0x83,0x6C,0x83,0x58)
xi.synth_result_id_to_name_cp932[2467] = string.char(0x83,0x89,0x83,0x6F,0x81,0x5B,0x83,0x4F,0x83,0x8D,0x81,0x5B,0x83,0x75)
xi.synth_result_id_to_name_cp932[2468] = string.char(0x83,0x89,0x83,0x6F,0x81,0x5B,0x83,0x56,0x83,0x87,0x83,0x45,0x83,0x58)
xi.synth_result_id_to_name_cp932[2469] = string.char(0x83,0x89,0x83,0x6F,0x81,0x5B,0x83,0x5C,0x81,0x5B,0x83,0x8B)
xi.synth_result_id_to_name_cp932[2470] = string.char(0x96,0xBB,0x97,0x97,0x82,0xCC,0x8D,0xBD)
xi.synth_result_id_to_name_cp932[2471] = string.char(0x96,0xBB,0x8C,0xEC,0x82,0xCC,0x8D,0xBD)
xi.synth_result_id_to_name_cp932[2472] = string.char(0x96,0xBB,0x8A,0xB4,0x82,0xCC,0x8D,0xBD)
xi.synth_result_id_to_name_cp932[2473] = string.char(0x96,0xBB,0x89,0x9E,0x82,0xCC,0x8D,0xBD)
xi.synth_result_id_to_name_cp932[2474] = string.char(0x96,0xBB,0x8F,0x95,0x82,0xCC,0x8D,0xBD)
xi.synth_result_id_to_name_cp932[2475] = string.char(0x83,0x4A,0x83,0x49,0x83,0x8A,0x83,0x93)
xi.synth_result_id_to_name_cp932[2476] = string.char(0x94,0x92,0x8B,0xE0,0x8E,0x85)
xi.synth_result_id_to_name_cp932[2497] = string.char(0x83,0x4E,0x83,0x4E,0x83,0x8B,0x83,0x4A,0x83,0x93,0x82,0xCC,0x94,0xE7)
xi.synth_result_id_to_name_cp932[2501] = string.char(0x83,0x70,0x83,0x79,0x83,0x62,0x83,0x67,0x83,0x5E,0x81,0x5B,0x83,0x6F,0x83,0x93,0x8D,0x95)
xi.synth_result_id_to_name_cp932[2502] = string.char(0x83,0x70,0x83,0x79,0x83,0x62,0x83,0x67,0x83,0x5E,0x81,0x5B,0x83,0x6F,0x83,0x93,0x94,0x92)
xi.synth_result_id_to_name_cp932[2503] = string.char(0x83,0x41,0x81,0x5B,0x83,0x82,0x83,0x93,0x83,0x68)
xi.synth_result_id_to_name_cp932[2506] = string.char(0x83,0x8C,0x83,0x66,0x83,0x42,0x83,0x6F,0x83,0x4F,0x82,0xCC,0x8F,0xE3,0xE3,0xC0)
xi.synth_result_id_to_name_cp932[2507] = string.char(0x83,0x8A,0x83,0x52,0x83,0x7C,0x83,0x66,0x83,0x42,0x83,0x45,0x83,0x80,0x82,0xCC,0x89,0xD4)
xi.synth_result_id_to_name_cp932[2508] = string.char(0x8B,0xE0,0x95,0xB2)
xi.synth_result_id_to_name_cp932[2512] = string.char(0x83,0x8A,0x83,0x93,0x83,0x4E,0x83,0x58,0x82,0xCC,0x96,0xD1,0x94,0xE7)
xi.synth_result_id_to_name_cp932[2513] = string.char(0x83,0x89,0x83,0x74,0x83,0x8C,0x83,0x56,0x83,0x41,0x82,0xCC,0x82,0xC2,0x82,0xE9)
xi.synth_result_id_to_name_cp932[2518] = string.char(0x83,0x58,0x83,0x7E,0x83,0x8D,0x83,0x68,0x83,0x93,0x82,0xCC,0x96,0xD1,0x94,0xE7)
xi.synth_result_id_to_name_cp932[2521] = string.char(0x83,0x6D,0x81,0x5B,0x83,0x8B,0x82,0xCC,0x92,0xDC)
xi.synth_result_id_to_name_cp932[2522] = string.char(0x83,0x69,0x83,0x62,0x83,0x67,0x82,0xCC,0xE3,0xC0)
xi.synth_result_id_to_name_cp932[2523] = string.char(0x83,0x79,0x83,0x43,0x83,0x58,0x83,0x67,0x82,0xCC,0x94,0xE7)
xi.synth_result_id_to_name_cp932[2524] = string.char(0x83,0x79,0x83,0x43,0x83,0x58,0x83,0x67,0x82,0xCC,0x93,0xC5,0x90,0x6A)
xi.synth_result_id_to_name_cp932[2529] = string.char(0x83,0x58,0x83,0x7E,0x83,0x8D,0x83,0x68,0x83,0x93,0x82,0xCC,0x8A,0x76)
xi.synth_result_id_to_name_cp932[2530] = string.char(0x83,0x8A,0x83,0x93,0x83,0x4E,0x83,0x58,0x82,0xCC,0x8A,0x76)
xi.synth_result_id_to_name_cp932[2531] = string.char(0x83,0x49,0x83,0x75,0x83,0x56,0x83,0x66,0x83,0x42,0x83,0x41,0x83,0x93)
xi.synth_result_id_to_name_cp932[2532] = string.char(0x83,0x60,0x81,0x5B,0x83,0x4E,0x8C,0xB4,0x96,0xD8)
xi.synth_result_id_to_name_cp932[2533] = string.char(0x83,0x60,0x81,0x5B,0x83,0x4E,0x8D,0xDE)
xi.synth_result_id_to_name_cp932[2534] = string.char(0x83,0x6E,0x83,0x4A,0x83,0x89,0x83,0x93,0x83,0x5F,0x8C,0xB4,0x96,0xD8)
xi.synth_result_id_to_name_cp932[2535] = string.char(0x83,0x6E,0x83,0x4A,0x83,0x89,0x83,0x93,0x83,0x5F,0x8D,0xDE)
xi.synth_result_id_to_name_cp932[2536] = string.char(0x83,0x47,0x83,0x8C,0x83,0x4E,0x83,0x67,0x83,0x89,0x83,0x80)
xi.synth_result_id_to_name_cp932[2537] = string.char(0x83,0x56,0x83,0x8A,0x83,0x58)
xi.synth_result_id_to_name_cp932[2538] = string.char(0x83,0x79,0x83,0x43,0x83,0x58,0x83,0x67,0x82,0xCC,0x8A,0x76)
xi.synth_result_id_to_name_cp932[2539] = string.char(0x83,0x5F,0x83,0x8B,0x83,0x81,0x83,0x8B,0x83,0x77,0x83,0x41)
xi.synth_result_id_to_name_cp932[2546] = string.char(0x83,0x75,0x83,0x89,0x83,0x62,0x83,0x4E,0x83,0x7B,0x83,0x8B,0x83,0x67,0x82,0xCC,0xE8,0x56)
xi.synth_result_id_to_name_cp932[2547] = string.char(0x8D,0x95,0x97,0x6A,0x90,0xCE,0x82,0xCC,0x96,0xEE,0x90,0x4B)
xi.synth_result_id_to_name_cp932[2548] = string.char(0x83,0x69,0x83,0x62,0x83,0x67,0x82,0xCC,0x96,0xEE,0x89,0x48,0x8D,0xAA)
xi.synth_result_id_to_name_cp932[2549] = string.char(0x83,0x57,0x83,0x93,0x82,0xCC,0x8A,0x44)
xi.synth_result_id_to_name_cp932[2550] = string.char(0x83,0x78,0x83,0x89,0x83,0x80)
xi.synth_result_id_to_name_cp932[2551] = string.char(0x83,0x47,0x83,0x8C,0x83,0x4E,0x83,0x67,0x83,0x89,0x83,0x80,0x82,0xCC,0x8D,0xBD)
xi.synth_result_id_to_name_cp932[2553] = string.char(0x8E,0x4F,0x8E,0xDA,0x8E,0xE8,0x90,0x40)
xi.synth_result_id_to_name_cp932[2554] = string.char(0x83,0x41,0x83,0x58,0x83,0x74,0x83,0x48,0x83,0x66,0x83,0x8B)
xi.synth_result_id_to_name_cp932[2555] = string.char(0x91,0x90,0x8E,0x71)
xi.synth_result_id_to_name_cp932[2561] = string.char(0x83,0x73,0x83,0x55,0x90,0xB6,0x92,0x6E)
xi.synth_result_id_to_name_cp932[2563] = string.char(0x83,0x4A,0x83,0x8B,0x83,0x53,0x83,0x69,0x83,0x8B,0x83,0x53,0x82,0xCC,0x94,0x53,0x93,0x79)
xi.synth_result_id_to_name_cp932[2568] = string.char(0x83,0x8C,0x81,0x5B,0x83,0x65,0x81,0x5B,0x83,0x52,0x83,0x93,0x83,0x5C,0x83,0x81)
xi.synth_result_id_to_name_cp932[2569] = string.char(0x83,0x8C,0x81,0x5B,0x83,0x65,0x81,0x5B,0x83,0x7C,0x83,0x5E,0x81,0x5B,0x83,0x57,0x83,0x85)
xi.synth_result_id_to_name_cp932[2570] = string.char(0x83,0x68,0x83,0x44,0x83,0x93,0x82,0xCC,0xE3,0xEA,0x94,0xE7)
xi.synth_result_id_to_name_cp932[2642] = string.char(0x89,0xD4,0x95,0xD9,0x98,0x58)
xi.synth_result_id_to_name_cp932[2643] = string.char(0x92,0xBE,0x8D,0x81)
xi.synth_result_id_to_name_cp932[2645] = string.char(0xE4,0xAA,0x89,0xD7)
xi.synth_result_id_to_name_cp932[2648] = string.char(0x8B,0x61,0x92,0x6E,0x8D,0x96,0x82,0xCC,0x96,0xEE,0x90,0x4B)
xi.synth_result_id_to_name_cp932[2649] = string.char(0x83,0x52,0x83,0x8A,0x83,0x75,0x83,0x8A,0x82,0xCC,0x96,0xEE,0x89,0x48,0x8D,0xAA)
xi.synth_result_id_to_name_cp932[2650] = string.char(0x8F,0xED,0x88,0xC5,0x82,0xCC,0xE8,0x56)
xi.synth_result_id_to_name_cp932[2651] = string.char(0x8C,0x79,0x8D,0x87,0x8B,0xE0,0x82,0xCC,0xE8,0x56)
xi.synth_result_id_to_name_cp932[2654] = string.char(0x8D,0x95,0x88,0xEA,0x8A,0x70,0x8F,0x62,0x82,0xCC,0x8A,0x70)
xi.synth_result_id_to_name_cp932[2655] = string.char(0x8D,0x95,0x88,0xEA,0x8A,0x70,0x8F,0x62,0x82,0xCC,0x94,0xF6)
xi.synth_result_id_to_name_cp932[2702] = string.char(0x8B,0xBC,0x94,0x9E,0x95,0xB2)
xi.synth_result_id_to_name_cp932[2703] = string.char(0x83,0x4E,0x83,0x8D,0x83,0x7D,0x83,0x4A,0x83,0x89,0x83,0x4E,0x81,0x5B,0x83,0x8B,0x8A,0x76)
xi.synth_result_id_to_name_cp932[2704] = string.char(0x83,0x49,0x83,0x43,0x83,0x8B,0x83,0x4E,0x83,0x8D,0x83,0x58)
xi.synth_result_id_to_name_cp932[2705] = string.char(0x83,0x74,0x81,0x5B,0x83,0x89,0x81,0x5B,0x83,0x68)
xi.synth_result_id_to_name_cp932[2706] = string.char(0x83,0x65,0x83,0x4C,0x83,0x58,0x83,0x5E,0x83,0x43,0x83,0x8B,0x83,0x5F,0x83,0x43,0x82,0x61)
xi.synth_result_id_to_name_cp932[2707] = string.char(0x83,0x65,0x83,0x4C,0x83,0x58,0x83,0x5E,0x83,0x43,0x83,0x8B,0x83,0x5F,0x83,0x43,0x82,0x66)
xi.synth_result_id_to_name_cp932[2708] = string.char(0x83,0x65,0x83,0x4C,0x83,0x58,0x83,0x5E,0x83,0x43,0x83,0x8B,0x83,0x5F,0x83,0x43,0x82,0x78)
xi.synth_result_id_to_name_cp932[2709] = string.char(0x83,0x65,0x83,0x4C,0x83,0x58,0x83,0x5E,0x83,0x43,0x83,0x8B,0x83,0x5F,0x83,0x43,0x82,0x76)
xi.synth_result_id_to_name_cp932[2710] = string.char(0x90,0xB6,0x8B,0xBC,0x94,0x9E)
xi.synth_result_id_to_name_cp932[2711] = string.char(0x83,0x4E,0x83,0x8D,0x83,0x7D,0x83,0x69,0x83,0x51,0x83,0x62,0x83,0x67)
xi.synth_result_id_to_name_cp932[2712] = string.char(0x83,0x65,0x83,0x4C,0x83,0x58,0x83,0x5E,0x83,0x43,0x83,0x8B,0x83,0x5F,0x83,0x43,0x82,0x71)
xi.synth_result_id_to_name_cp932[2713] = string.char(0x83,0x45,0x83,0x48,0x81,0x5B,0x83,0x68)
xi.synth_result_id_to_name_cp932[2733] = string.char(0x8A,0xE2,0x8F,0xE6,0x83,0x58,0x83,0x7E,0x83,0x8D,0x83,0x68,0x83,0x93,0x82,0xCC,0x8A,0x76)
xi.synth_result_id_to_name_cp932[2735] = string.char(0x8D,0x95,0x88,0xEA,0x8A,0x70,0x8F,0x62,0x82,0xCC,0x90,0xCE,0x93,0xCB)
xi.synth_result_id_to_name_cp932[2737] = string.char(0x83,0x56,0x83,0x8B,0x83,0x4C,0x81,0x5B,0x83,0x58,0x83,0x47,0x81,0x5B,0x83,0x68)
xi.synth_result_id_to_name_cp932[2743] = string.char(0x83,0x49,0x83,0x62,0x83,0x4E,0x83,0x58,0x83,0x49,0x81,0x5B,0x83,0x75)
xi.synth_result_id_to_name_cp932[2744] = string.char(0x83,0x47,0x83,0x93,0x83,0x5B,0x83,0x8B,0x83,0x49,0x81,0x5B,0x83,0x75)
xi.synth_result_id_to_name_cp932[2747] = string.char(0x83,0x4B,0x81,0x5B,0x83,0x53,0x83,0x43,0x83,0x8B,0x82,0xCC,0x8A,0x70)
xi.synth_result_id_to_name_cp932[2748] = string.char(0x83,0x4B,0x81,0x5B,0x83,0x53,0x83,0x43,0x83,0x8B,0x82,0xCC,0x8C,0x87,0x95,0xD0)
xi.synth_result_id_to_name_cp932[2749] = string.char(0x83,0x4B,0x81,0x5B,0x83,0x53,0x83,0x43,0x83,0x8B,0x82,0xCC,0x8A,0xE1)
xi.synth_result_id_to_name_cp932[2750] = string.char(0x83,0x41,0x83,0x93,0x83,0x74,0x83,0x42,0x83,0x76,0x83,0x65,0x83,0x8C,0x82,0xCC,0x94,0xE7)
xi.synth_result_id_to_name_cp932[2751] = string.char(0x83,0x41,0x83,0x93,0x83,0x74,0x83,0x42,0x83,0x76,0x83,0x65,0x83,0x8C,0x82,0xCC,0x8A,0x76)
xi.synth_result_id_to_name_cp932[2754] = string.char(0x83,0x8B,0x83,0x58,0x83,0x5D,0x83,0x8B,0x82,0xCC,0x89,0xE5)
xi.synth_result_id_to_name_cp932[2755] = string.char(0x83,0x8B,0x83,0x58,0x83,0x5D,0x83,0x8B,0x82,0xCC,0x94,0xE7)
xi.synth_result_id_to_name_cp932[2756] = string.char(0x83,0x8B,0x83,0x58,0x83,0x5D,0x83,0x8B,0x82,0xCC,0x8A,0x76)
xi.synth_result_id_to_name_cp932[2761] = string.char(0x83,0x74,0x83,0x46,0x83,0x43,0x83,0x45,0x83,0x42,0x83,0x8B,0x83,0x68,0x8C,0xB4,0x96,0xD8)
xi.synth_result_id_to_name_cp932[2762] = string.char(0x83,0x74,0x83,0x46,0x83,0x43,0x83,0x45,0x83,0x42,0x83,0x8B,0x83,0x68,0x8D,0xDE)
xi.synth_result_id_to_name_cp932[2763] = string.char(0x8F,0xC0,0x93,0x53,0x8D,0x7A)
xi.synth_result_id_to_name_cp932[2764] = string.char(0x83,0x68,0x83,0x44,0x83,0x47,0x83,0x49,0x83,0x7D,0x81,0x5B,0x8D,0x7C)
xi.synth_result_id_to_name_cp932[2765] = string.char(0x8B,0xF0,0x8B,0xE0,0x8D,0x7A)
xi.synth_result_id_to_name_cp932[2766] = string.char(0x83,0x49,0x83,0x78,0x83,0x8D,0x83,0x93,0x83,0x53,0x81,0x5B,0x83,0x8B,0x83,0x68)
xi.synth_result_id_to_name_cp932[2767] = string.char(0x83,0x49,0x83,0x78,0x83,0x8D,0x83,0x93,0x83,0x53,0x81,0x5B,0x83,0x8B,0x83,0x68,0x94,0xC2)
xi.synth_result_id_to_name_cp932[2769] = string.char(0x83,0x7B,0x83,0x51,0x81,0x5B,0x83,0x68,0x83,0x93,0x82,0xCC,0x8A,0x70)
xi.synth_result_id_to_name_cp932[2770] = string.char(0x83,0x7A,0x83,0x8F,0x83,0x43,0x83,0x67,0x83,0x6F,0x83,0x5E,0x83,0x74,0x83,0x89,0x83,0x43)
xi.synth_result_id_to_name_cp932[2771] = string.char(0x83,0x78,0x83,0x8B,0x83,0x4E,0x83,0x8A,0x83,0x50,0x83,0x62,0x83,0x67)
xi.synth_result_id_to_name_cp932[2772] = string.char(0x83,0x4F,0x83,0x8D,0x83,0x45,0x83,0x74,0x83,0x89,0x83,0x43)
xi.synth_result_id_to_name_cp932[2773] = string.char(0x8F,0xE3,0x8E,0xBF,0x82,0xC8,0x97,0x72,0x94,0xE7,0x8E,0x86)
xi.synth_result_id_to_name_cp932[2774] = string.char(0x96,0x82,0x96,0x40,0x82,0xCC,0x83,0x43,0x83,0x93,0x83,0x4E)
xi.synth_result_id_to_name_cp932[2775] = string.char(0x89,0xBB,0x8F,0xCF,0x94,0xA0)
xi.synth_result_id_to_name_cp932[2776] = string.char(0x8C,0x79,0x90,0xCE)
xi.synth_result_id_to_name_cp932[2777] = string.char(0x96,0x82,0x97,0xCD,0x82,0xCC,0x8C,0x8C)
xi.synth_result_id_to_name_cp932[2778] = string.char(0x82,0xAB,0x82,0xEA,0x82,0xAC,0x82,0xEA,0x82,0xCC,0x96,0x9A,0x8E,0x85)
xi.synth_result_id_to_name_cp932[2779] = string.char(0x8E,0xF4,0x95,0x84,0x83,0x4C,0x83,0x62,0x83,0x67,0x81,0x46,0x93,0xC5)
xi.synth_result_id_to_name_cp932[2780] = string.char(0x8E,0xF4,0x95,0x84,0x83,0x4C,0x83,0x62,0x83,0x67,0x81,0x46,0x88,0xC3)
xi.synth_result_id_to_name_cp932[2781] = string.char(0x8E,0xF4,0x95,0x84,0x83,0x4C,0x83,0x62,0x83,0x67,0x81,0x46,0x90,0x87)
xi.synth_result_id_to_name_cp932[2782] = string.char(0x8E,0xF4,0x95,0x84,0x83,0x4C,0x83,0x62,0x83,0x67,0x81,0x46,0x96,0xD9)
xi.synth_result_id_to_name_cp932[2784] = string.char(0x89,0x8A,0x82,0xCC,0x83,0x74,0x83,0x85,0x83,0x47,0x83,0x8B)
xi.synth_result_id_to_name_cp932[2785] = string.char(0x95,0x58,0x82,0xCC,0x83,0x74,0x83,0x85,0x83,0x47,0x83,0x8B)
xi.synth_result_id_to_name_cp932[2786] = string.char(0x95,0x97,0x82,0xCC,0x83,0x74,0x83,0x85,0x83,0x47,0x83,0x8B)
xi.synth_result_id_to_name_cp932[2787] = string.char(0x93,0x79,0x82,0xCC,0x83,0x74,0x83,0x85,0x83,0x47,0x83,0x8B)
xi.synth_result_id_to_name_cp932[2788] = string.char(0x97,0x8B,0x82,0xCC,0x83,0x74,0x83,0x85,0x83,0x47,0x83,0x8B)
xi.synth_result_id_to_name_cp932[2789] = string.char(0x90,0x85,0x82,0xCC,0x83,0x74,0x83,0x85,0x83,0x47,0x83,0x8B)
xi.synth_result_id_to_name_cp932[2790] = string.char(0x8C,0xF5,0x82,0xCC,0x83,0x74,0x83,0x85,0x83,0x47,0x83,0x8B)
xi.synth_result_id_to_name_cp932[2791] = string.char(0x88,0xC5,0x82,0xCC,0x83,0x74,0x83,0x85,0x83,0x47,0x83,0x8B)
xi.synth_result_id_to_name_cp932[2792] = string.char(0x83,0x88,0x83,0x4E,0x83,0x82,0x83,0x47,0x81,0x5B,0x83,0x8B)
xi.synth_result_id_to_name_cp932[2823] = string.char(0x83,0x43,0x83,0x8A,0x83,0x57,0x83,0x45,0x83,0x80)
xi.synth_result_id_to_name_cp932[2824] = string.char(0x83,0x56,0x83,0x83,0x83,0x4F,0x83,0x8A,0x81,0x5B,0x83,0x93)
xi.synth_result_id_to_name_cp932[2825] = string.char(0x83,0x4A,0x83,0x93,0x83,0x75,0x83,0x8A,0x83,0x62,0x83,0x4E)
xi.synth_result_id_to_name_cp932[2826] = string.char(0x83,0x7D,0x83,0x93,0x83,0x68,0x83,0x89,0x8F,0xAC,0x8E,0x44)
xi.synth_result_id_to_name_cp932[2827] = string.char(0x8B,0xAD,0x90,0x78,0x82,0xC8,0x8B,0xE0,0x8E,0x85)
xi.synth_result_id_to_name_cp932[2828] = string.char(0x83,0x47,0x83,0x8C,0x83,0x93,0x83,0x58,0x83,0x51,0x82,0xCC,0x94,0xE7)
xi.synth_result_id_to_name_cp932[2829] = string.char(0x8B,0x50,0x82,0xAD,0x83,0x72,0x83,0x8D,0x81,0x5B,0x83,0x68)
xi.synth_result_id_to_name_cp932[2830] = string.char(0x83,0x6F,0x83,0x58,0x83,0x65,0x83,0x67,0x82,0xCC,0x89,0xE5)
xi.synth_result_id_to_name_cp932[2831] = string.char(0x83,0x43,0x83,0x47,0x83,0x8D,0x81,0x5B,0x83,0x75,0x83,0x89,0x83,0x58,0x82,0xCC,0x8D,0xBD)
xi.synth_result_id_to_name_cp932[2832] = string.char(0x83,0x54,0x83,0x80,0x83,0x45,0x83,0x46,0x83,0x8B,0x82,0xCC,0x91,0xE5,0x91,0xDA,0x8D,0x9C)
xi.synth_result_id_to_name_cp932[2833] = string.char(0x97,0x8B,0x8C,0xF5,0x8E,0x58,0x8C,0xE8)
xi.synth_result_id_to_name_cp932[2834] = string.char(0x95,0x73,0x96,0xC5,0x82,0xCC,0x94,0xB2,0x82,0xAF,0x8A,0x6B)
xi.synth_result_id_to_name_cp932[2835] = string.char(0x83,0x5F,0x83,0x45,0x81,0x5B,0x82,0xCC,0x82,0xBD,0x82,0xC4,0x82,0xAA,0x82,0xDD)
xi.synth_result_id_to_name_cp932[2836] = string.char(0x8F,0xE3,0x8E,0xBF,0x82,0xC8,0x97,0x59,0x97,0x72,0x82,0xCC,0x96,0xD1,0x94,0xE7)
xi.synth_result_id_to_name_cp932[2837] = string.char(0x83,0x89,0x83,0x5E,0x83,0x67,0x83,0x58,0x83,0x4E,0x82,0xCC,0x96,0xD1,0x94,0xE7)
xi.synth_result_id_to_name_cp932[2838] = string.char(0x8C,0xB6,0x8E,0x8B,0x82,0xCC,0x96,0xD8,0x96,0xC8,0x95,0x7A)
xi.synth_result_id_to_name_cp932[2839] = string.char(0x83,0x52,0x83,0x4E,0x83,0x56,0x83,0x4F,0x83,0x8B,0x81,0x5B,0x82,0xCC,0x94,0xE7)
xi.synth_result_id_to_name_cp932[2840] = string.char(0x8D,0x63,0x92,0xE9,0x89,0xA9,0x8B,0xCA)
xi.synth_result_id_to_name_cp932[2841] = string.char(0x83,0x4E,0x83,0x44,0x83,0x5F,0x83,0x74,0x83,0x56,0x83,0x8B,0x83,0x6F,0x81,0x5B)
xi.synth_result_id_to_name_cp932[2842] = string.char(0x82,0xAD,0x82,0xB7,0x82,0xF1,0x82,0xBE,0x83,0x4B,0x81,0x5B,0x83,0x6C,0x83,0x62,0x83,0x67)
xi.synth_result_id_to_name_cp932[2843] = string.char(0x83,0x8A,0x83,0x6C,0x83,0x41,0x83,0x5F,0x83,0x4E)
xi.synth_result_id_to_name_cp932[2844] = string.char(0x94,0x96,0x93,0xDC,0x82,0xC1,0x82,0xBD,0x83,0x75,0x83,0x89,0x83,0x58)
xi.synth_result_id_to_name_cp932[2845] = string.char(0x83,0x41,0x83,0x89,0x83,0x7E,0x83,0x68,0x83,0x74,0x83,0x40,0x83,0x43,0x83,0x6F,0x81,0x5B)
xi.synth_result_id_to_name_cp932[2846] = string.char(0x83,0x77,0x83,0x74,0x83,0x65,0x83,0x42,0x81,0x5B,0x83,0x49,0x81,0x5B,0x83,0x4E,0x8D,0xDE)
xi.synth_result_id_to_name_cp932[2847] = string.char(0x90,0xC2,0x95,0xC9,0x8B,0xCA)
xi.synth_result_id_to_name_cp932[2848] = string.char(0x89,0x98,0x82,0xEA,0x82,0xBD,0x83,0x75,0x83,0x8D,0x83,0x93,0x83,0x59,0x94,0xC2)
xi.synth_result_id_to_name_cp932[2849] = string.char(0x83,0x8A,0x83,0x52,0x82,0xCC,0x92,0xDC)
xi.synth_result_id_to_name_cp932[2850] = string.char(0x83,0x54,0x83,0x6E,0x83,0x4D,0x83,0x93,0x83,0x53,0x81,0x5B,0x83,0x8B,0x83,0x68)
xi.synth_result_id_to_name_cp932[2851] = string.char(0x97,0x59,0x97,0x72,0x82,0xCC,0x8E,0x95)
xi.synth_result_id_to_name_cp932[2852] = string.char(0x83,0x65,0x83,0x6C,0x83,0x75,0x83,0x8A,0x83,0x45,0x83,0x80)
xi.synth_result_id_to_name_cp932[2853] = string.char(0x83,0x7D,0x83,0x8C,0x83,0x7B,0x83,0x8B,0x83,0x7D,0x83,0x93,0x83,0x68,0x83,0x8C,0x83,0x8B)
xi.synth_result_id_to_name_cp932[2854] = string.char(0x8F,0x64,0x8C,0xFA,0x82,0xC8,0x97,0xA4,0x83,0x4B,0x83,0x6A,0x82,0xCC,0x8D,0x62,0x8A,0x6B)
xi.synth_result_id_to_name_cp932[2855] = string.char(0x83,0x7D,0x83,0x7A,0x83,0x4B,0x83,0x6A,0x81,0x5B,0x90,0x53,0x8D,0xDE)
xi.synth_result_id_to_name_cp932[2856] = string.char(0x8C,0x8C,0x90,0x46,0x82,0xCC,0x95,0x7A)
xi.synth_result_id_to_name_cp932[2857] = string.char(0x93,0xC1,0x8B,0x89,0x8B,0xCA,0x8D,0x7C)
xi.synth_result_id_to_name_cp932[2875] = string.char(0x97,0x64,0xE5,0xB3,0x82,0xCC,0x97,0xD8,0x95,0xB2)
xi.synth_result_id_to_name_cp932[2876] = string.char(0x82,0xCB,0x82,0xCE,0x82,0xCB,0x82,0xCE,0x82,0xB5,0x82,0xBD,0x8B,0xE0,0x89,0xF2)
xi.synth_result_id_to_name_cp932[2877] = string.char(0x95,0x73,0x8F,0xF2,0x82,0xC8,0x82,0xE9,0x94,0x92,0x8B,0xE2)
xi.synth_result_id_to_name_cp932[2878] = string.char(0x94,0xEA,0x82,0xCC,0x83,0x4A,0x83,0x66,0x83,0x42,0x81,0x5B,0x83,0x74,0x83,0x46)
xi.synth_result_id_to_name_cp932[2880] = string.char(0x83,0x4C,0x83,0x68,0x83,0x6A,0x81,0x5B,0x83,0x58,0x83,0x67,0x81,0x5B,0x83,0x93)
xi.synth_result_id_to_name_cp932[2952] = string.char(0x95,0x95,0x89,0x8C,0x96,0xF2)
xi.synth_result_id_to_name_cp932[2960] = string.char(0x90,0x87,0x98,0x40)
xi.synth_result_id_to_name_cp932[2970] = string.char(0x96,0xD8,0x90,0x6C)
xi.synth_result_id_to_name_cp932[3297] = string.char(0x89,0x8A,0x82,0xCC,0x90,0xCE,0x88,0xF3)
xi.synth_result_id_to_name_cp932[3298] = string.char(0x95,0x58,0x82,0xCC,0x90,0xCE,0x88,0xF3)
xi.synth_result_id_to_name_cp932[3299] = string.char(0x95,0x97,0x82,0xCC,0x90,0xCE,0x88,0xF3)
xi.synth_result_id_to_name_cp932[3300] = string.char(0x93,0x79,0x82,0xCC,0x90,0xCE,0x88,0xF3)
xi.synth_result_id_to_name_cp932[3301] = string.char(0x97,0x8B,0x82,0xCC,0x90,0xCE,0x88,0xF3)
xi.synth_result_id_to_name_cp932[3302] = string.char(0x90,0x85,0x82,0xCC,0x90,0xCE,0x88,0xF3)
xi.synth_result_id_to_name_cp932[3303] = string.char(0x8C,0xF5,0x82,0xCC,0x90,0xCE,0x88,0xF3)
xi.synth_result_id_to_name_cp932[3304] = string.char(0x88,0xC5,0x82,0xCC,0x90,0xCE,0x88,0xF3)
xi.synth_result_id_to_name_cp932[3305] = string.char(0x83,0x8B,0x83,0x58,0x83,0x5D,0x83,0x8B,0x89,0xE5,0x82,0xCC,0x96,0xEE,0x90,0x4B)
xi.synth_result_id_to_name_cp932[3306] = string.char(0x92,0xB4,0x8D,0x95,0x8D,0x7C,0x82,0xCC,0xE8,0x56)
xi.synth_result_id_to_name_cp932[3323] = string.char(0x88,0xC5,0x82,0xCC,0x90,0xB8,0x97,0xEC,0x90,0xCE)
xi.synth_result_id_to_name_cp932[3445] = string.char(0x83,0x6E,0x83,0x6E,0x83,0x94,0x83,0x40,0x82,0xCC,0x8A,0x5A,0x8A,0x6B)
xi.synth_result_id_to_name_cp932[3449] = string.char(0x83,0x5A,0x83,0x89,0x83,0x47,0x83,0x6D,0x83,0x4E,0x83,0x8D,0x83,0x58)
xi.synth_result_id_to_name_cp932[3451] = string.char(0x82,0xD9,0x82,0xA4,0x82,0xAB,0x90,0xAF,0x82,0xCC,0x82,0xA9,0x82,0xAF,0x82,0xE7)
xi.synth_result_id_to_name_cp932[3452] = string.char(0x96,0xCD,0x8C,0x5E,0x90,0xBB,0x8D,0xEC,0x83,0x5A,0x83,0x62,0x83,0x67)
xi.synth_result_id_to_name_cp932[3453] = string.char(0x90,0xAF,0x92,0x43,0x8B,0x56,0x90,0xDD,0x8C,0x76,0x90,0x7D)
xi.synth_result_id_to_name_cp932[3504] = string.char(0x83,0x73,0x81,0x5B,0x83,0x76,0x81,0x5B,0x83,0x4E,0x82,0xCC,0xE3,0xC0)
xi.synth_result_id_to_name_cp932[3505] = string.char(0x83,0x4B,0x81,0x5B,0x83,0x53,0x83,0x43,0x83,0x8B,0x82,0xCC,0x96,0xEE,0x90,0x4B)
xi.synth_result_id_to_name_cp932[3506] = string.char(0x83,0x73,0x81,0x5B,0x83,0x76,0x81,0x5B,0x83,0x4E,0x82,0xCC,0x96,0xEE,0x89,0x48,0x8D,0xAA)
xi.synth_result_id_to_name_cp932[3507] = string.char(0x83,0x41,0x83,0x5F,0x83,0x7D,0x83,0x93,0x83,0x60,0x83,0x45,0x83,0x80,0x82,0xCC,0xE8,0x56)
xi.synth_result_id_to_name_cp932[3520] = string.char(0x89,0x8A,0x8F,0xAB,0x82,0xCC,0x90,0xD4,0x90,0xCE)
xi.synth_result_id_to_name_cp932[3521] = string.char(0x8F,0x97,0x89,0xA4,0x82,0xCC,0x93,0xA7,0x90,0xCE)
xi.synth_result_id_to_name_cp932[3522] = string.char(0x92,0xB9,0x89,0xA4,0x82,0xCC,0x90,0x89,0x90,0xCE)
xi.synth_result_id_to_name_cp932[3523] = string.char(0x8B,0x90,0x90,0x6C,0x82,0xCC,0x89,0xA9,0x90,0xCE)
xi.synth_result_id_to_name_cp932[3524] = string.char(0x89,0x42,0x8E,0xD2,0x82,0xCC,0x8E,0x87,0x90,0xCE)
xi.synth_result_id_to_name_cp932[3525] = string.char(0x8A,0x43,0x8E,0xD6,0x82,0xCC,0x97,0x95,0x90,0xCE)
xi.synth_result_id_to_name_cp932[3526] = string.char(0x8E,0xB5,0x90,0x46,0x82,0xCC,0x94,0x92,0x90,0xCE)
xi.synth_result_id_to_name_cp932[3527] = string.char(0x90,0xAF,0x8C,0x8E,0x82,0xCC,0x8D,0x95,0x90,0xCE)
xi.synth_result_id_to_name_cp932[3544] = string.char(0x83,0x79,0x83,0x6C,0x83,0x8D,0x83,0x79,0x90,0x44,0x95,0xA8)
xi.synth_result_id_to_name_cp932[3545] = string.char(0x83,0x5A,0x83,0x8A,0x83,0x4A)
xi.synth_result_id_to_name_cp932[3546] = string.char(0x83,0x58,0x83,0x5E,0x83,0x62,0x83,0x4F,0x83,0x7A,0x81,0x5B,0x83,0x93)
xi.synth_result_id_to_name_cp932[3547] = string.char(0x8A,0x43,0x92,0xE9,0x82,0xCC,0x94,0xE7)
xi.synth_result_id_to_name_cp932[3548] = string.char(0x8A,0x43,0x92,0xE9,0x82,0xCC,0x82,0xC8,0x82,0xDF,0x82,0xB5,0x8A,0x76)
xi.synth_result_id_to_name_cp932[3549] = string.char(0x83,0x78,0x83,0x89,0x83,0x68,0x83,0x93,0x83,0x69,0x83,0x47,0x83,0x4C,0x83,0x58)
xi.synth_result_id_to_name_cp932[3550] = string.char(0x83,0x45,0x83,0x42,0x83,0x8B,0x83,0x68,0x8E,0x85)
xi.synth_result_id_to_name_cp932[3551] = string.char(0x83,0x45,0x83,0x42,0x83,0x8B,0x83,0x68,0x83,0x4E,0x83,0x8D,0x83,0x58)
xi.synth_result_id_to_name_cp932[3552] = string.char(0x97,0x4C,0x97,0xD8,0x82,0xCC,0x94,0xE7)
xi.synth_result_id_to_name_cp932[3553] = string.char(0x83,0x6F,0x83,0x93,0x83,0x50,0x83,0x62,0x83,0x67,0x90,0xDD,0x8C,0x76,0x90,0x7D)
xi.synth_result_id_to_name_cp932[3554] = string.char(0x8A,0xF7,0x83,0x4C,0x83,0x62,0x83,0x67,0x81,0x6B,0x42,0x54,0x2D,0x31,0x81,0x6C)
xi.synth_result_id_to_name_cp932[3555] = string.char(0x8A,0xF7,0x83,0x4C,0x83,0x62,0x83,0x67,0x81,0x6B,0x42,0x54,0x2D,0x32,0x81,0x6C)
xi.synth_result_id_to_name_cp932[3586] = string.char(0x90,0xD4,0x90,0x46,0x82,0xCC,0x90,0xCE,0x94,0xAB)
xi.synth_result_id_to_name_cp932[3587] = string.char(0x90,0xC2,0x90,0x46,0x82,0xCC,0x90,0xCE,0x94,0xAB)
xi.synth_result_id_to_name_cp932[3588] = string.char(0x89,0xA9,0x90,0x46,0x82,0xCC,0x90,0xCE,0x94,0xAB)
xi.synth_result_id_to_name_cp932[3589] = string.char(0x94,0x92,0x90,0x46,0x82,0xCC,0x90,0xCE,0x94,0xAB)
xi.synth_result_id_to_name_cp932[3608] = string.char(0x83,0x74,0x83,0x42,0x83,0x4E,0x83,0x65,0x83,0x42,0x83,0x8B,0x83,0x7C,0x83,0x62,0x83,0x67)
xi.synth_result_id_to_name_cp932[3609] = string.char(0x83,0x58,0x83,0x65,0x83,0x62,0x83,0x76,0x83,0x58,0x83,0x63,0x81,0x5B,0x83,0x8B)
xi.synth_result_id_to_name_cp932[3653] = string.char(0x83,0x6F,0x83,0x93,0x83,0x50,0x83,0x62,0x83,0x67,0x83,0x65,0x81,0x5B,0x83,0x75,0x83,0x8B)
xi.synth_result_id_to_name_cp932[3676] = string.char(0x90,0xAF,0x92,0x43,0x8B,0x56)
xi.synth_result_id_to_name_cp932[3678] = string.char(0x83,0x58,0x83,0x73,0x83,0x6C,0x83,0x62,0x83,0x67,0x83,0x56,0x81,0x5B,0x83,0x67)
xi.synth_result_id_to_name_cp932[3696] = string.char(0x82,0xB1,0x82,0xBD,0x82,0xC2)
xi.synth_result_id_to_name_cp932[3700] = string.char(0x83,0x56,0x83,0x83,0x83,0x8F,0x81,0x5B,0x83,0x58,0x83,0x5E,0x83,0x93,0x83,0x68)
xi.synth_result_id_to_name_cp932[3710] = string.char(0x83,0x45,0x83,0x42,0x83,0x93,0x83,0x5F,0x83,0x58,0x83,0x56,0x83,0x8B)
xi.synth_result_id_to_name_cp932[3711] = string.char(0x83,0x54,0x83,0x93,0x83,0x68,0x83,0x8A,0x83,0x41,0x83,0x56,0x83,0x8B)
xi.synth_result_id_to_name_cp932[3712] = string.char(0x83,0x6F,0x83,0x58,0x83,0x67,0x83,0x44,0x81,0x5B,0x83,0x4E,0x83,0x56,0x83,0x8B)
xi.synth_result_id_to_name_cp932[3869] = string.char(0x89,0x8E,0xE0,0xCB,0x82,0xCC,0x8A,0x70)
xi.synth_result_id_to_name_cp932[3872] = string.char(0x83,0x7E,0x81,0x5B,0x83,0x75,0x83,0x8B,0x82,0xCC,0x92,0xDC)
xi.synth_result_id_to_name_cp932[3885] = string.char(0x89,0x89,0x91,0x74,0x94,0xA0,0x90,0xDD,0x8C,0x76,0x90,0x7D)
xi.synth_result_id_to_name_cp932[3886] = string.char(0x89,0x89,0x91,0x74,0x94,0xA0,0x83,0x4C,0x83,0x62,0x83,0x67,0x81,0x6B,0x31,0x81,0x6C)
xi.synth_result_id_to_name_cp932[3887] = string.char(0x89,0x89,0x91,0x74,0x94,0xA0,0x83,0x4C,0x83,0x62,0x83,0x67,0x81,0x6B,0x32,0x81,0x6C)
xi.synth_result_id_to_name_cp932[3893] = string.char(0xE5,0xA2,0x89,0xA4,0x82,0xCC,0x89,0xE5)
xi.synth_result_id_to_name_cp932[3915] = string.char(0x83,0x54,0x83,0x74,0x83,0x89,0x83,0x93,0x82,0xCC,0x89,0xD4)
xi.synth_result_id_to_name_cp932[3916] = string.char(0x83,0x54,0x83,0x74,0x83,0x89,0x83,0x93)
xi.synth_result_id_to_name_cp932[3917] = string.char(0x83,0x8A,0x83,0x74,0x83,0x4C,0x83,0x93,0x82,0xCC,0x97,0x74)
xi.synth_result_id_to_name_cp932[3918] = string.char(0x83,0x7E,0x83,0x68,0x83,0x8A,0x83,0x45,0x83,0x80,0x8D,0x7A)
xi.synth_result_id_to_name_cp932[3919] = string.char(0x83,0x7E,0x83,0x68,0x83,0x8A,0x83,0x45,0x83,0x80,0x83,0x75,0x83,0x89,0x83,0x58)
xi.synth_result_id_to_name_cp932[3920] = string.char(0x83,0x6F,0x83,0x69,0x83,0x57,0x83,0x45,0x83,0x80,0x8D,0x7A)
xi.synth_result_id_to_name_cp932[3921] = string.char(0x8C,0x8B,0x8F,0xBB,0x8E,0xBF,0x90,0xCE,0x8A,0x44,0x8A,0xE2)
xi.synth_result_id_to_name_cp932[3922] = string.char(0x83,0x8D,0x83,0x57,0x83,0x45,0x83,0x80,0x8D,0x7A)
xi.synth_result_id_to_name_cp932[3923] = string.char(0x83,0x8D,0x83,0x57,0x83,0x45,0x83,0x80,0x83,0x43,0x83,0x93,0x83,0x53,0x83,0x62,0x83,0x67)
xi.synth_result_id_to_name_cp932[3924] = string.char(0x90,0x85,0x90,0xCE)
xi.synth_result_id_to_name_cp932[3926] = string.char(0x83,0x45,0x83,0x8B,0x83,0x93,0x83,0x5F,0x83,0x43,0x8C,0xB4,0x96,0xD8)
xi.synth_result_id_to_name_cp932[3927] = string.char(0x83,0x45,0x83,0x8B,0x83,0x93,0x83,0x5F,0x83,0x43,0x8D,0xDE)
xi.synth_result_id_to_name_cp932[3930] = string.char(0x83,0x67,0x83,0x45,0x83,0x42,0x83,0x55,0x83,0x8A,0x83,0x80,0x82,0xCC,0xE3,0xC0)
xi.synth_result_id_to_name_cp932[3931] = string.char(0x83,0x67,0x83,0x45,0x83,0x42,0x83,0x55,0x83,0x8A,0x83,0x80,0x82,0xCC,0x97,0xD8,0x95,0xB2)
xi.synth_result_id_to_name_cp932[3932] = string.char(0x83,0x60,0x83,0x83,0x83,0x76,0x83,0x8A,0x82,0xCC,0x8A,0x70)
xi.synth_result_id_to_name_cp932[3933] = string.char(0x83,0x4E,0x83,0x89,0x83,0x62,0x83,0x4E,0x83,0x8D,0x81,0x5B,0x82,0xCC,0xE7,0xF5)
xi.synth_result_id_to_name_cp932[3934] = string.char(0x83,0x7D,0x83,0x5E,0x83,0x7D,0x83,0x5E,0x82,0xCC,0x8D,0x62,0x97,0x85)
xi.synth_result_id_to_name_cp932[3935] = string.char(0x83,0x41,0x83,0x93,0x83,0x75,0x83,0x8A,0x83,0x8B,0x83,0x49,0x83,0x43,0x83,0x8B)
xi.synth_result_id_to_name_cp932[3936] = string.char(0x83,0x41,0x83,0x4E,0x83,0x47,0x83,0x74,0x82,0xCC,0x93,0xC5,0x96,0xF2)
xi.synth_result_id_to_name_cp932[3937] = string.char(0x83,0x70,0x83,0x6D,0x83,0x76,0x83,0x67,0x82,0xCC,0x97,0xDC)
xi.synth_result_id_to_name_cp932[3938] = string.char(0x83,0x7D,0x83,0x93,0x83,0x65,0x83,0x42,0x83,0x58,0x82,0xCC,0x91,0x4F,0x8E,0x88)
xi.synth_result_id_to_name_cp932[3939] = string.char(0x83,0x7D,0x83,0x93,0x83,0x65,0x83,0x42,0x83,0x58,0x82,0xCC,0x8A,0x4F,0x8A,0x6B)
xi.synth_result_id_to_name_cp932[3940] = string.char(0x83,0x7C,0x81,0x5B,0x83,0x5E,0x81,0x5B,0x83,0x4E,0x83,0x89,0x83,0x75,0x8D,0x62,0x8A,0x6B)
xi.synth_result_id_to_name_cp932[3941] = string.char(0x83,0x60,0x83,0x83,0x83,0x76,0x83,0x8A,0x82,0xCC,0xE3,0xC0)
xi.synth_result_id_to_name_cp932[3942] = string.char(0x83,0x4E,0x83,0x8A,0x81,0x5B,0x83,0x93,0x83,0x8D,0x81,0x5B,0x83,0x4A,0x83,0x58,0x83,0x67)
xi.synth_result_id_to_name_cp932[3943] = string.char(0x83,0x60,0x83,0x83,0x83,0x76,0x83,0x8A,0x82,0xCC,0x96,0xEE,0x89,0x48,0x8D,0xAA)
xi.synth_result_id_to_name_cp932[3944] = string.char(0x83,0x60,0x83,0x83,0x83,0x76,0x83,0x8A,0x82,0xCC,0x96,0xEE,0x90,0x4B)
xi.synth_result_id_to_name_cp932[3945] = string.char(0x83,0x7E,0x83,0x68,0x83,0x8A,0x83,0x45,0x83,0x80,0x82,0xCC,0xE8,0x56)
xi.synth_result_id_to_name_cp932[3946] = string.char(0x83,0x7D,0x83,0x93,0x83,0x65,0x83,0x42,0x83,0x58,0x82,0xCC,0x96,0xEE,0x90,0x4B)
xi.synth_result_id_to_name_cp932[3947] = string.char(0x83,0x5F,0x83,0x7D,0x83,0x58,0x83,0x4E,0x82,0xCC,0xE8,0x56)
xi.synth_result_id_to_name_cp932[3948] = string.char(0x8B,0xC9,0x8A,0x79,0x92,0xB9,0x82,0xCC,0x96,0xEE,0x89,0x48,0x8D,0xAA)
xi.synth_result_id_to_name_cp932[3949] = string.char(0x83,0x60,0x83,0x5E,0x83,0x93,0x82,0xCC,0xE8,0x56)
xi.synth_result_id_to_name_cp932[3963] = string.char(0x83,0x7E,0x83,0x68,0x83,0x8A,0x83,0x45,0x83,0x80,0x94,0xC2)
xi.synth_result_id_to_name_cp932[3964] = string.char(0x83,0x8D,0x83,0x57,0x83,0x45,0x83,0x80,0x94,0xC2)
xi.synth_result_id_to_name_cp932[3965] = string.char(0x83,0x8F,0x83,0x4A,0x83,0x81)
xi.synth_result_id_to_name_cp932[3977] = string.char(0x83,0x4D,0x83,0x83,0x83,0x75,0x83,0x89,0x83,0x58,0x82,0xCC,0x8A,0x70)
xi.synth_result_id_to_name_cp932[3978] = string.char(0x83,0x8D,0x83,0x62,0x83,0x4E,0x83,0x74,0x83,0x42,0x83,0x93,0x82,0xCC,0x83,0x71,0x83,0x8C)
xi.synth_result_id_to_name_cp932[3979] = string.char(0x83,0x8D,0x83,0x62,0x83,0x4E,0x83,0x74,0x83,0x42,0x83,0x93,0x82,0xCC,0x89,0x73,0x8E,0x95)
xi.synth_result_id_to_name_cp932[3981] = string.char(0x83,0x6F,0x83,0x59,0x83,0x65,0x83,0x94,0x83,0x42,0x83,0x41,0x82,0xCC,0xE3,0xC0)
xi.synth_result_id_to_name_cp932[4012] = string.char(0x83,0x8F,0x83,0x4E,0x83,0x5E,0x83,0x55,0x82,0xCC,0x9A,0x7B)
xi.synth_result_id_to_name_cp932[4013] = string.char(0x83,0x8F,0x83,0x4E,0x83,0x5E,0x83,0x55,0x82,0xCC,0x8A,0xA5,0x89,0x48)
xi.synth_result_id_to_name_cp932[4014] = string.char(0x83,0x43,0x83,0x4F,0x83,0x68,0x83,0x8A,0x83,0x41,0x8C,0xB4,0x96,0xD8)
xi.synth_result_id_to_name_cp932[4015] = string.char(0x83,0x43,0x83,0x4F,0x83,0x68,0x83,0x8A,0x83,0x41,0x82,0xCC,0x8D,0xAA)
xi.synth_result_id_to_name_cp932[4016] = string.char(0x83,0x67,0x83,0x44,0x83,0x8B,0x83,0x74,0x83,0x46,0x83,0x43,0x83,0x41,0x82,0xCC,0x89,0x48)
xi.synth_result_id_to_name_cp932[4017] = string.char(0x83,0x7D,0x83,0x93,0x83,0x68,0x83,0x89,0x83,0x53,0x83,0x89,0x82,0xCC,0x91,0xE5,0x97,0x74)
xi.synth_result_id_to_name_cp932[4018] = string.char(0x83,0x4B,0x83,0x5E,0x83,0x93,0x83,0x75,0x8C,0xB4,0x96,0xD8)
xi.synth_result_id_to_name_cp932[4019] = string.char(0x83,0x4B,0x83,0x5E,0x83,0x93,0x83,0x75,0x8D,0xDE)
xi.synth_result_id_to_name_cp932[4020] = string.char(0x83,0x60,0x83,0x5E,0x83,0x93,0x8D,0x7A)
xi.synth_result_id_to_name_cp932[4021] = string.char(0x83,0x60,0x83,0x5E,0x83,0x93,0x83,0x43,0x83,0x93,0x83,0x53,0x83,0x62,0x83,0x67)
xi.synth_result_id_to_name_cp932[4022] = string.char(0x83,0x60,0x83,0x5E,0x83,0x93,0x94,0xC2)
xi.synth_result_id_to_name_cp932[4023] = string.char(0x8B,0x50,0x94,0x92,0x8B,0xE2,0x8D,0x7A)
xi.synth_result_id_to_name_cp932[4024] = string.char(0x8B,0x50,0x94,0x92,0x8B,0xE2)
xi.synth_result_id_to_name_cp932[4025] = string.char(0x8B,0x50,0x94,0x92,0x8B,0xE2,0x94,0xC2)
xi.synth_result_id_to_name_cp932[4026] = string.char(0x90,0xD4,0x96,0x83)
xi.synth_result_id_to_name_cp932[4027] = string.char(0x90,0xD4,0x96,0x83,0x8E,0x85)
xi.synth_result_id_to_name_cp932[4028] = string.char(0x90,0xD4,0x96,0x83,0x95,0x7A)
xi.synth_result_id_to_name_cp932[4030] = string.char(0x90,0xD4,0x8E,0xBD)
xi.synth_result_id_to_name_cp932[4031] = string.char(0x83,0x58,0x83,0x69,0x83,0x62,0x83,0x76,0x82,0xCC,0x8F,0xC1,0x89,0xBB,0x89,0x74)
xi.synth_result_id_to_name_cp932[4057] = string.char(0x95,0x58,0x8F,0xBB,0x90,0xCE)
xi.synth_result_id_to_name_cp932[4058] = string.char(0x83,0x72,0x83,0x58,0x83,0x7D,0x83,0x58,0x8D,0x7A)
xi.synth_result_id_to_name_cp932[4074] = string.char(0x91,0x7A,0x82,0xA4,0x82,0xE0,0x82,0xCC,0x82,0xCC,0x8C,0x8B,0x8F,0xBB)
xi.synth_result_id_to_name_cp932[4075] = string.char(0x8A,0xE8,0x82,0xA4,0x82,0xE0,0x82,0xCC,0x82,0xCC,0x8C,0x8B,0x8F,0xBB)
xi.synth_result_id_to_name_cp932[4076] = string.char(0x96,0x9E,0x82,0xBD,0x82,0xB7,0x82,0xE0,0x82,0xCC,0x82,0xCC,0x8C,0x8B,0x8F,0xBB)
xi.synth_result_id_to_name_cp932[4080] = string.char(0x8C,0x8E,0x93,0xF8,0x8E,0xBD)
xi.synth_result_id_to_name_cp932[4081] = string.char(0x8C,0x8E,0x93,0xF8,0x90,0xCE)
xi.synth_result_id_to_name_cp932[4083] = string.char(0x83,0x78,0x83,0x8A,0x83,0x8A,0x83,0x80,0x82,0xCC,0x96,0xEE,0x90,0x4B)
xi.synth_result_id_to_name_cp932[4084] = string.char(0x8D,0xAC,0x8D,0x87,0xE3,0xC0,0x82,0xCC,0x96,0xEE,0x89,0x48,0x8D,0xAA)
xi.synth_result_id_to_name_cp932[4085] = string.char(0x83,0x78,0x83,0x8A,0x83,0x8A,0x83,0x80,0x82,0xCC,0xE8,0x56)
xi.synth_result_id_to_name_cp932[4095] = string.char(0x83,0x72,0x83,0x58,0x83,0x7D,0x83,0x58,0x94,0xC2)
xi.synth_result_id_to_name_cp932[4096] = string.char(0x89,0x8A,0x82,0xCC,0x83,0x4E,0x83,0x8A,0x83,0x58,0x83,0x5E,0x83,0x8B)
xi.synth_result_id_to_name_cp932[4097] = string.char(0x95,0x58,0x82,0xCC,0x83,0x4E,0x83,0x8A,0x83,0x58,0x83,0x5E,0x83,0x8B)
xi.synth_result_id_to_name_cp932[4098] = string.char(0x95,0x97,0x82,0xCC,0x83,0x4E,0x83,0x8A,0x83,0x58,0x83,0x5E,0x83,0x8B)
xi.synth_result_id_to_name_cp932[4099] = string.char(0x93,0x79,0x82,0xCC,0x83,0x4E,0x83,0x8A,0x83,0x58,0x83,0x5E,0x83,0x8B)
xi.synth_result_id_to_name_cp932[4100] = string.char(0x97,0x8B,0x82,0xCC,0x83,0x4E,0x83,0x8A,0x83,0x58,0x83,0x5E,0x83,0x8B)
xi.synth_result_id_to_name_cp932[4101] = string.char(0x90,0x85,0x82,0xCC,0x83,0x4E,0x83,0x8A,0x83,0x58,0x83,0x5E,0x83,0x8B)
xi.synth_result_id_to_name_cp932[4102] = string.char(0x8C,0xF5,0x82,0xCC,0x83,0x4E,0x83,0x8A,0x83,0x58,0x83,0x5E,0x83,0x8B)
xi.synth_result_id_to_name_cp932[4103] = string.char(0x88,0xC5,0x82,0xCC,0x83,0x4E,0x83,0x8A,0x83,0x58,0x83,0x5E,0x83,0x8B)
xi.synth_result_id_to_name_cp932[4104] = string.char(0x89,0x8A,0x82,0xCC,0x89,0xF2)
xi.synth_result_id_to_name_cp932[4105] = string.char(0x95,0x58,0x82,0xCC,0x89,0xF2)
xi.synth_result_id_to_name_cp932[4106] = string.char(0x95,0x97,0x82,0xCC,0x89,0xF2)
xi.synth_result_id_to_name_cp932[4107] = string.char(0x93,0x79,0x82,0xCC,0x89,0xF2)
xi.synth_result_id_to_name_cp932[4108] = string.char(0x97,0x8B,0x82,0xCC,0x89,0xF2)
xi.synth_result_id_to_name_cp932[4109] = string.char(0x90,0x85,0x82,0xCC,0x89,0xF2)
xi.synth_result_id_to_name_cp932[4110] = string.char(0x8C,0xF5,0x82,0xCC,0x89,0xF2)
xi.synth_result_id_to_name_cp932[4111] = string.char(0x88,0xC5,0x82,0xCC,0x89,0xF2)
xi.synth_result_id_to_name_cp932[4112] = string.char(0x83,0x7C,0x81,0x5B,0x83,0x56,0x83,0x87,0x83,0x93)
xi.synth_result_id_to_name_cp932[4116] = string.char(0x83,0x6E,0x83,0x43,0x83,0x7C,0x81,0x5B,0x83,0x56,0x83,0x87,0x83,0x93)
xi.synth_result_id_to_name_cp932[4120] = string.char(0x83,0x47,0x83,0x4E,0x83,0x58,0x83,0x7C,0x81,0x5B,0x83,0x56,0x83,0x87,0x83,0x93)
xi.synth_result_id_to_name_cp932[4124] = string.char(0x83,0x7D,0x83,0x4C,0x83,0x56,0x83,0x7C,0x81,0x5B,0x83,0x56,0x83,0x87,0x83,0x93)
xi.synth_result_id_to_name_cp932[4128] = string.char(0x83,0x47,0x81,0x5B,0x83,0x65,0x83,0x8B)
xi.synth_result_id_to_name_cp932[4132] = string.char(0x83,0x6E,0x83,0x43,0x83,0x47,0x81,0x5B,0x83,0x65,0x83,0x8B)
xi.synth_result_id_to_name_cp932[4136] = string.char(0x83,0x58,0x81,0x5B,0x83,0x70,0x81,0x5B,0x83,0x47,0x81,0x5B,0x83,0x65,0x83,0x8B)
xi.synth_result_id_to_name_cp932[4140] = string.char(0x83,0x76,0x83,0x8D,0x83,0x47,0x81,0x5B,0x83,0x65,0x83,0x8B)
xi.synth_result_id_to_name_cp932[4145] = string.char(0x83,0x47,0x83,0x8A,0x83,0x4E,0x83,0x54,0x81,0x5B)
xi.synth_result_id_to_name_cp932[4148] = string.char(0x93,0xC5,0x8F,0xC1,0x82,0xB5)
xi.synth_result_id_to_name_cp932[4149] = string.char(0x83,0x70,0x83,0x69,0x83,0x50,0x83,0x43,0x83,0x41)
xi.synth_result_id_to_name_cp932[4150] = string.char(0x96,0xDA,0x96,0xF2)
xi.synth_result_id_to_name_cp932[4151] = string.char(0x82,0xE2,0x82,0xDC,0x82,0xD1,0x82,0xB1,0x96,0xF2)
xi.synth_result_id_to_name_cp932[4153] = string.char(0x8F,0xC1,0x89,0xBB,0x96,0xF2)
xi.synth_result_id_to_name_cp932[4154] = string.char(0x90,0xB9,0x90,0x85)
xi.synth_result_id_to_name_cp932[4155] = string.char(0x96,0x9C,0x94,0x5C,0x96,0xF2)
xi.synth_result_id_to_name_cp932[4156] = string.char(0x83,0x41,0x83,0x4E,0x83,0x41,0x83,0x80,0x83,0x8B,0x83,0x58,0x83,0x80)
xi.synth_result_id_to_name_cp932[4157] = string.char(0x93,0xC5,0x96,0xF2)
xi.synth_result_id_to_name_cp932[4158] = string.char(0x96,0xD2,0x93,0xC5,0x96,0xF2)
xi.synth_result_id_to_name_cp932[4159] = string.char(0x82,0xB5,0x82,0xD1,0x82,0xEA,0x96,0xF2)
xi.synth_result_id_to_name_cp932[4161] = string.char(0x8D,0xA8,0x90,0x87,0x96,0xF2)
xi.synth_result_id_to_name_cp932[4162] = string.char(0x92,0xBE,0x96,0xD9,0x96,0xF2)
xi.synth_result_id_to_name_cp932[4163] = string.char(0x88,0xC3,0x88,0xC5,0x96,0xF2)
xi.synth_result_id_to_name_cp932[4164] = string.char(0x83,0x76,0x83,0x8A,0x83,0x59,0x83,0x80,0x83,0x70,0x83,0x45,0x83,0x5F,0x81,0x5B)
xi.synth_result_id_to_name_cp932[4165] = string.char(0x83,0x54,0x83,0x43,0x83,0x8C,0x83,0x93,0x83,0x67,0x83,0x49,0x83,0x43,0x83,0x8B)
xi.synth_result_id_to_name_cp932[4166] = string.char(0x83,0x66,0x83,0x49,0x83,0x68,0x83,0x89,0x83,0x43,0x83,0x55,0x81,0x5B)
xi.synth_result_id_to_name_cp932[4167] = string.char(0x83,0x4E,0x83,0x89,0x83,0x62,0x83,0x4A,0x81,0x5B)
xi.synth_result_id_to_name_cp932[4168] = string.char(0x83,0x63,0x83,0x43,0x83,0x93,0x83,0x4E,0x83,0x8B,0x83,0x56,0x83,0x83,0x83,0x8F,0x81,0x5B)
xi.synth_result_id_to_name_cp932[4169] = string.char(0x83,0x8A,0x83,0x67,0x83,0x8B,0x83,0x52,0x83,0x81,0x83,0x62,0x83,0x67)
xi.synth_result_id_to_name_cp932[4171] = string.char(0x97,0x6E,0x89,0xF0,0x96,0xF2)
xi.synth_result_id_to_name_cp932[4183] = string.char(0x9B,0xC0,0x9B,0xC4,0x94,0xAA,0x90,0xE5)
xi.synth_result_id_to_name_cp932[4184] = string.char(0x8B,0xE0,0x8D,0x84,0x88,0xEE,0x95,0xE4)
xi.synth_result_id_to_name_cp932[4185] = string.char(0x96,0xBB,0x95,0x7B,0x93,0xC6,0x8A,0x79)
xi.synth_result_id_to_name_cp932[4186] = string.char(0x83,0x47,0x83,0x41,0x83,0x7B,0x81,0x5B,0x83,0x93)
xi.synth_result_id_to_name_cp932[4199] = string.char(0x8D,0x84,0x97,0xCD,0x82,0xCC,0x96,0xF2)
xi.synth_result_id_to_name_cp932[4201] = string.char(0x8A,0xED,0x97,0x70,0x82,0xCC,0x96,0xF2)
xi.synth_result_id_to_name_cp932[4203] = string.char(0x8C,0xB3,0x8B,0x43,0x82,0xCC,0x96,0xF2)
xi.synth_result_id_to_name_cp932[4205] = string.char(0x8B,0x40,0x95,0x71,0x82,0xCC,0x96,0xF2)
xi.synth_result_id_to_name_cp932[4207] = string.char(0x92,0x6D,0x8C,0x62,0x82,0xCC,0x96,0xF2)
xi.synth_result_id_to_name_cp932[4209] = string.char(0x88,0xD3,0x8E,0x75,0x82,0xCC,0x96,0xF2)
xi.synth_result_id_to_name_cp932[4211] = string.char(0x96,0xA3,0x97,0xB9,0x82,0xCC,0x96,0xF2)
xi.synth_result_id_to_name_cp932[4213] = string.char(0x83,0x43,0x83,0x4A,0x83,0x8D,0x83,0x58,0x83,0x45,0x83,0x42,0x83,0x93,0x83,0x4F)
xi.synth_result_id_to_name_cp932[4215] = string.char(0x83,0x7C,0x83,0x62,0x83,0x76,0x83,0x58,0x83,0x5E,0x81,0x5B)
xi.synth_result_id_to_name_cp932[4216] = string.char(0x83,0x75,0x83,0x8A,0x83,0x8A,0x83,0x41,0x83,0x93,0x83,0x67,0x83,0x58,0x83,0x6D,0x81,0x5B)
xi.synth_result_id_to_name_cp932[4217] = string.char(0x83,0x58,0x83,0x70,0x81,0x5B,0x83,0x4E,0x83,0x8B,0x83,0x6E,0x83,0x93,0x83,0x68)
xi.synth_result_id_to_name_cp932[4218] = string.char(0x83,0x47,0x83,0x41,0x83,0x89,0x83,0x43,0x83,0x5F,0x81,0x5B)
xi.synth_result_id_to_name_cp932[4234] = string.char(0x8E,0xF4,0x82,0xED,0x82,0xEA,0x82,0xBD,0x88,0xF9,0x97,0xBF)
xi.synth_result_id_to_name_cp932[4235] = string.char(0x8E,0xF4,0x82,0xED,0x82,0xEA,0x82,0xBD,0x83,0x58,0x81,0x5B,0x83,0x76)
xi.synth_result_id_to_name_cp932[4246] = string.char(0x83,0x4A,0x83,0x93,0x83,0x5E,0x83,0x8C,0x83,0x89)
xi.synth_result_id_to_name_cp932[4256] = string.char(0x8D,0xF7,0x89,0xD4,0xE0,0xA3,0x96,0x9F)
xi.synth_result_id_to_name_cp932[4257] = string.char(0x83,0x8B,0x81,0x45,0x83,0x70,0x83,0x73,0x83,0x88,0x83,0x93)
xi.synth_result_id_to_name_cp932[4270] = string.char(0x95,0x48,0x96,0xDD)
xi.synth_result_id_to_name_cp932[4271] = string.char(0xE2,0xEE)
xi.synth_result_id_to_name_cp932[4272] = string.char(0x97,0xB4,0x82,0xCC,0x93,0xF7)
xi.synth_result_id_to_name_cp932[4273] = string.char(0x83,0x4C,0x83,0x67,0x83,0x8D,0x83,0x93)
xi.synth_result_id_to_name_cp932[4274] = string.char(0x83,0x79,0x83,0x8B,0x83,0x56,0x83,0x52,0x83,0x58)
xi.synth_result_id_to_name_cp932[4275] = string.char(0xE0,0x8A,0x8B,0x9B,0x82,0xCC,0x95,0xA0,0x8E,0x71)
xi.synth_result_id_to_name_cp932[4276] = string.char(0x83,0x74,0x83,0x8A,0x83,0x93,0x83,0x67,0x83,0x4C,0x83,0x83,0x83,0x72,0x83,0x41)
xi.synth_result_id_to_name_cp932[4277] = string.char(0x93,0x61,0x97,0x6C,0x82,0xA8,0x82,0xC9,0x82,0xAC,0x82,0xE8)
xi.synth_result_id_to_name_cp932[4279] = string.char(0x83,0x5E,0x83,0x75,0x83,0x69,0x83,0x57,0x83,0x41,0x95,0x97,0x83,0x54,0x83,0x89,0x83,0x5F)
xi.synth_result_id_to_name_cp932[4289] = string.char(0x90,0x58,0x83,0x75,0x83,0x69)
xi.synth_result_id_to_name_cp932[4290] = string.char(0x83,0x47,0x83,0x8B,0x83,0x56,0x83,0x82,0x83,0x74,0x83,0x8D,0x83,0x62,0x83,0x4F)
xi.synth_result_id_to_name_cp932[4291] = string.char(0x83,0x54,0x83,0x93,0x83,0x68,0x83,0x74,0x83,0x42,0x83,0x62,0x83,0x56,0x83,0x85)
xi.synth_result_id_to_name_cp932[4296] = string.char(0x83,0x4F,0x83,0x8A,0x81,0x5B,0x83,0x93,0x83,0x4A,0x83,0x8C,0x81,0x5B)
xi.synth_result_id_to_name_cp932[4297] = string.char(0x83,0x75,0x83,0x89,0x83,0x62,0x83,0x4E,0x83,0x4A,0x83,0x8C,0x81,0x5B)
xi.synth_result_id_to_name_cp932[4298] = string.char(0x83,0x8C,0x83,0x62,0x83,0x68,0x83,0x4A,0x83,0x8C,0x81,0x5B)
xi.synth_result_id_to_name_cp932[4299] = string.char(0x83,0x49,0x83,0x8C,0x83,0x93,0x83,0x57,0x81,0x45,0x83,0x49,0x83,0x8C)
xi.synth_result_id_to_name_cp932[4300] = string.char(0x83,0x41,0x83,0x62,0x83,0x76,0x83,0x8B,0x81,0x45,0x83,0x49,0x83,0x8C)
xi.synth_result_id_to_name_cp932[4301] = string.char(0x83,0x79,0x83,0x41,0x81,0x45,0x83,0x49,0x83,0x8C)
xi.synth_result_id_to_name_cp932[4302] = string.char(0x83,0x70,0x83,0x7D,0x83,0x7D,0x81,0x45,0x83,0x49,0x83,0x8C)
xi.synth_result_id_to_name_cp932[4303] = string.char(0x83,0x79,0x83,0x8B,0x83,0x56,0x83,0x52,0x83,0x58,0x81,0x45,0x83,0x49,0x83,0x8C)
xi.synth_result_id_to_name_cp932[4304] = string.char(0x83,0x4F,0x83,0x8A,0x83,0x82,0x83,0x69,0x83,0x43,0x83,0x67)
xi.synth_result_id_to_name_cp932[4310] = string.char(0x8B,0xE0,0x8B,0x9B)
xi.synth_result_id_to_name_cp932[4311] = string.char(0x8D,0x95,0x8F,0x6F,0x96,0xDA,0x8B,0xE0)
xi.synth_result_id_to_name_cp932[4313] = string.char(0x83,0x75,0x83,0x89,0x83,0x43,0x83,0x93,0x83,0x74,0x83,0x42,0x83,0x62,0x83,0x56,0x83,0x85)
xi.synth_result_id_to_name_cp932[4314] = string.char(0x83,0x72,0x83,0x72,0x83,0x4C,0x81,0x5B,0x83,0x60,0x83,0x87,0x83,0x52,0x83,0x7B)
xi.synth_result_id_to_name_cp932[4316] = string.char(0x83,0x41,0x81,0x5B,0x83,0x7D,0x81,0x5B,0x83,0x68,0x83,0x73,0x83,0x58,0x83,0x50,0x83,0x58)
xi.synth_result_id_to_name_cp932[4317] = string.char(0x83,0x67,0x83,0x8A,0x83,0x8D,0x83,0x6F,0x83,0x43,0x83,0x67)
xi.synth_result_id_to_name_cp932[4318] = string.char(0x83,0x72,0x83,0x72,0x83,0x4C,0x81,0x5B,0x83,0x41,0x81,0x5B,0x83,0x60,0x83,0x93)
xi.synth_result_id_to_name_cp932[4350] = string.char(0x83,0x68,0x83,0x89,0x83,0x53,0x83,0x93,0x83,0x58,0x83,0x65,0x81,0x5B,0x83,0x4C)
xi.synth_result_id_to_name_cp932[4352] = string.char(0x83,0x66,0x83,0x8B,0x83,0x74,0x83,0x89,0x83,0x93,0x83,0x67,0x83,0x79,0x83,0x41)
xi.synth_result_id_to_name_cp932[4353] = string.char(0x83,0x58,0x83,0x59,0x83,0x4C,0x82,0xCC,0x83,0x4E,0x83,0x8B,0x81,0x5B,0x83,0x67)
xi.synth_result_id_to_name_cp932[4354] = string.char(0x83,0x71,0x83,0x4A,0x83,0x8A,0x83,0x7D,0x83,0x58)
xi.synth_result_id_to_name_cp932[4355] = string.char(0x83,0x54,0x81,0x5B,0x83,0x82,0x83,0x93,0x83,0x54,0x83,0x93,0x83,0x68)
xi.synth_result_id_to_name_cp932[4356] = string.char(0x94,0x92,0x83,0x70,0x83,0x93)
xi.synth_result_id_to_name_cp932[4357] = string.char(0xE5,0xB3,0x82,0xCC,0x97,0x91)
xi.synth_result_id_to_name_cp932[4358] = string.char(0x96,0xEC,0x93,0x65,0x82,0xCC,0x93,0xF7)
xi.synth_result_id_to_name_cp932[4359] = string.char(0x83,0x5F,0x83,0x8B,0x83,0x81,0x83,0x8B,0x82,0xCC,0x93,0xF7)
xi.synth_result_id_to_name_cp932[4360] = string.char(0x83,0x6F,0x83,0x58,0x83,0x67,0x83,0x41,0x83,0x54,0x81,0x5B,0x83,0x66,0x83,0x42,0x83,0x93)
xi.synth_result_id_to_name_cp932[4361] = string.char(0x83,0x6C,0x83,0x72,0x83,0x80,0x83,0x69,0x83,0x43,0x83,0x67)
xi.synth_result_id_to_name_cp932[4362] = string.char(0x83,0x67,0x83,0x4A,0x83,0x51,0x82,0xCC,0x97,0x91)
xi.synth_result_id_to_name_cp932[4363] = string.char(0x97,0x64,0x90,0xB8,0x82,0xCC,0x83,0x8A,0x83,0x93,0x83,0x53)
xi.synth_result_id_to_name_cp932[4364] = string.char(0x8D,0x95,0x83,0x70,0x83,0x93)
xi.synth_result_id_to_name_cp932[4365] = string.char(0x83,0x8D,0x83,0x89,0x83,0x93,0x83,0x78,0x83,0x8A,0x81,0x5B)
xi.synth_result_id_to_name_cp932[4366] = string.char(0x83,0x89,0x83,0x65,0x81,0x5B,0x83,0x6B,0x83,0x4C,0x83,0x83,0x83,0x78,0x83,0x63)
xi.synth_result_id_to_name_cp932[4367] = string.char(0x83,0x6F,0x83,0x5E,0x83,0x8A,0x83,0x41,0x8D,0xD8)
xi.synth_result_id_to_name_cp932[4368] = string.char(0x83,0x7D,0x83,0x93,0x83,0x68,0x83,0x89,0x83,0x53,0x83,0x89,0x82,0xCC,0x91,0x6F,0x97,0x74)
xi.synth_result_id_to_name_cp932[4370] = string.char(0x96,0x49,0x96,0xA8)
xi.synth_result_id_to_name_cp932[4371] = string.char(0x96,0xEC,0x93,0x65,0x82,0xCC,0x83,0x4F,0x83,0x8A,0x83,0x8B)
xi.synth_result_id_to_name_cp932[4372] = string.char(0x91,0xE5,0x97,0x72,0x82,0xCC,0x93,0xF7)
xi.synth_result_id_to_name_cp932[4373] = string.char(0x83,0x7D,0x83,0x88,0x83,0x43,0x83,0x5E,0x83,0x50)
xi.synth_result_id_to_name_cp932[4374] = string.char(0x83,0x6C,0x83,0x80,0x83,0x8A,0x83,0x5E,0x83,0x50)
xi.synth_result_id_to_name_cp932[4375] = string.char(0x83,0x49,0x83,0x68,0x83,0x8A,0x83,0x5E,0x83,0x50)
xi.synth_result_id_to_name_cp932[4376] = string.char(0x8A,0xB1,0x82,0xB5,0x93,0xF7)
xi.synth_result_id_to_name_cp932[4377] = string.char(0x83,0x4E,0x83,0x40,0x81,0x5B,0x83,0x8B,0x82,0xCC,0x93,0xF7)
xi.synth_result_id_to_name_cp932[4378] = string.char(0x83,0x5A,0x83,0x8B,0x83,0x72,0x83,0x69,0x83,0x7E,0x83,0x8B,0x83,0x4E)
xi.synth_result_id_to_name_cp932[4379] = string.char(0x83,0x56,0x83,0x85,0x83,0x94,0x83,0x40,0x83,0x8B,0x83,0x54,0x81,0x5B,0x83,0x82,0x83,0x93)
xi.synth_result_id_to_name_cp932[4380] = string.char(0x83,0x58,0x83,0x82,0x81,0x5B,0x83,0x4E,0x83,0x68,0x83,0x54,0x81,0x5B,0x83,0x82,0x83,0x93)
xi.synth_result_id_to_name_cp932[4381] = string.char(0x83,0x7E,0x83,0x58,0x83,0x89,0x95,0x97,0x8E,0x52,0x82,0xCC,0x8D,0x4B,0x8B,0xF8,0x8F,0xC4)
xi.synth_result_id_to_name_cp932[4382] = string.char(0x83,0x56,0x83,0x82,0x83,0x4A,0x83,0x75)
xi.synth_result_id_to_name_cp932[4383] = string.char(0x83,0x53,0x81,0x5B,0x83,0x8B,0x83,0x68,0x83,0x8D,0x83,0x75,0x83,0x58,0x83,0x5E,0x81,0x5B)
xi.synth_result_id_to_name_cp932[4384] = string.char(0x83,0x75,0x83,0x89,0x83,0x62,0x83,0x4E,0x83,0x5C,0x81,0x5B,0x83,0x8B)
xi.synth_result_id_to_name_cp932[4385] = string.char(0x83,0x55,0x83,0x74,0x83,0x80,0x83,0x8B,0x83,0x4F,0x83,0x6F,0x83,0x58)
xi.synth_result_id_to_name_cp932[4386] = string.char(0x83,0x4C,0x83,0x93,0x83,0x4F,0x83,0x67,0x83,0x8A,0x83,0x85,0x83,0x74)
xi.synth_result_id_to_name_cp932[4387] = string.char(0x83,0x8F,0x83,0x43,0x83,0x8B,0x83,0x68,0x83,0x49,0x83,0x6A,0x83,0x49,0x83,0x93)
xi.synth_result_id_to_name_cp932[4388] = string.char(0x82,0xBD,0x82,0xDC,0x82,0xB2,0x83,0x69,0x83,0x58)
xi.synth_result_id_to_name_cp932[4389] = string.char(0x83,0x54,0x83,0x93,0x83,0x68,0x83,0x8A,0x83,0x41,0x83,0x4A,0x83,0x8D,0x83,0x62,0x83,0x67)
xi.synth_result_id_to_name_cp932[4390] = string.char(0x83,0x7E,0x83,0x58,0x83,0x89,0x83,0x93,0x83,0x67,0x83,0x7D,0x83,0x67)
xi.synth_result_id_to_name_cp932[4391] = string.char(0x83,0x75,0x83,0x8C,0x81,0x5B,0x83,0x63,0x83,0x46,0x83,0x8B)
xi.synth_result_id_to_name_cp932[4392] = string.char(0x83,0x54,0x83,0x8B,0x83,0x5E,0x83,0x49,0x83,0x8C,0x83,0x93,0x83,0x57)
xi.synth_result_id_to_name_cp932[4393] = string.char(0x83,0x49,0x83,0x8C,0x83,0x93,0x83,0x57,0x83,0x4E,0x81,0x5B,0x83,0x77,0x83,0x93)
xi.synth_result_id_to_name_cp932[4394] = string.char(0x83,0x57,0x83,0x93,0x83,0x57,0x83,0x83,0x81,0x5B,0x83,0x4E,0x83,0x62,0x83,0x4C,0x81,0x5B)
xi.synth_result_id_to_name_cp932[4396] = string.char(0x83,0x5C,0x81,0x5B,0x83,0x5A,0x81,0x5B,0x83,0x57,0x83,0x8D,0x81,0x5B,0x83,0x8B)
xi.synth_result_id_to_name_cp932[4397] = string.char(0x83,0x56,0x83,0x69,0x83,0x82,0x83,0x93,0x83,0x4E,0x83,0x62,0x83,0x4C,0x81,0x5B)
xi.synth_result_id_to_name_cp932[4398] = string.char(0x83,0x7E,0x83,0x58,0x83,0x89,0x95,0x97,0x8A,0x43,0x82,0xCC,0x8D,0x4B,0x8B,0xF8,0x8F,0xC4)
xi.synth_result_id_to_name_cp932[4399] = string.char(0x83,0x75,0x83,0x8B,0x81,0x5B,0x83,0x65,0x81,0x5B,0x83,0x8B)
xi.synth_result_id_to_name_cp932[4400] = string.char(0x97,0xA4,0x83,0x4B,0x83,0x6A,0x82,0xCC,0x93,0xF7)
xi.synth_result_id_to_name_cp932[4401] = string.char(0x96,0x78,0x83,0x75,0x83,0x69)
xi.synth_result_id_to_name_cp932[4402] = string.char(0x83,0x8C,0x83,0x62,0x83,0x68,0x83,0x65,0x83,0x89,0x83,0x73,0x83,0x93)
xi.synth_result_id_to_name_cp932[4403] = string.char(0x83,0x43,0x83,0x47,0x83,0x8D,0x81,0x5B,0x83,0x4F,0x83,0x8D,0x81,0x5B,0x83,0x75)
xi.synth_result_id_to_name_cp932[4404] = string.char(0x83,0x7D,0x83,0x58,0x82,0xCC,0x89,0x96,0x8F,0xC4,0x82,0xAB)
xi.synth_result_id_to_name_cp932[4405] = string.char(0x82,0xA8,0x82,0xC9,0x82,0xAC,0x82,0xE8)
xi.synth_result_id_to_name_cp932[4406] = string.char(0x8F,0xC4,0x82,0xAB,0x83,0x8A,0x83,0x93,0x83,0x53)
xi.synth_result_id_to_name_cp932[4407] = string.char(0x83,0x74,0x83,0x69,0x82,0xB8,0x82,0xB5)
xi.synth_result_id_to_name_cp932[4408] = string.char(0x83,0x67,0x83,0x8B,0x83,0x65,0x83,0x42,0x81,0x5B,0x83,0x84)
xi.synth_result_id_to_name_cp932[4409] = string.char(0x82,0xE4,0x82,0xC5,0x97,0x91)
xi.synth_result_id_to_name_cp932[4410] = string.char(0x83,0x4C,0x83,0x6D,0x83,0x52,0x82,0xCC,0x89,0x96,0x8F,0xC4,0x82,0xAB)
xi.synth_result_id_to_name_cp932[4411] = string.char(0x83,0x5F,0x83,0x8B,0x83,0x81,0x83,0x8B,0x83,0x70,0x83,0x43)
xi.synth_result_id_to_name_cp932[4412] = string.char(0x83,0x54,0x83,0x93,0x83,0x5F,0x81,0x5B,0x83,0x81,0x83,0x8D,0x83,0x93)
xi.synth_result_id_to_name_cp932[4413] = string.char(0x83,0x41,0x83,0x62,0x83,0x76,0x83,0x8B,0x83,0x70,0x83,0x43)
xi.synth_result_id_to_name_cp932[4414] = string.char(0x83,0x8D,0x83,0x89,0x83,0x93,0x83,0x78,0x83,0x8A,0x81,0x5B,0x83,0x70,0x83,0x43)
xi.synth_result_id_to_name_cp932[4415] = string.char(0x83,0x8D,0x81,0x5B,0x83,0x58,0x83,0x67,0x83,0x52,0x81,0x5B,0x83,0x93)
xi.synth_result_id_to_name_cp932[4416] = string.char(0x93,0xA4,0x82,0xCC,0x83,0x58,0x81,0x5B,0x83,0x76)
xi.synth_result_id_to_name_cp932[4417] = string.char(0x97,0x91,0x82,0xCC,0x83,0x58,0x81,0x5B,0x83,0x76)
xi.synth_result_id_to_name_cp932[4418] = string.char(0x83,0x58,0x83,0x62,0x83,0x7C,0x83,0x93,0x83,0x58,0x81,0x5B,0x83,0x76)
xi.synth_result_id_to_name_cp932[4419] = string.char(0x83,0x4C,0x83,0x6D,0x83,0x52,0x82,0xCC,0x83,0x58,0x81,0x5B,0x83,0x76)
xi.synth_result_id_to_name_cp932[4420] = string.char(0x83,0x67,0x83,0x7D,0x83,0x67,0x83,0x58,0x81,0x5B,0x83,0x76)
xi.synth_result_id_to_name_cp932[4421] = string.char(0x83,0x81,0x83,0x8D,0x83,0x93,0x83,0x70,0x83,0x43)
xi.synth_result_id_to_name_cp932[4422] = string.char(0x83,0x49,0x83,0x8C,0x83,0x93,0x83,0x57,0x83,0x57,0x83,0x85,0x81,0x5B,0x83,0x58)
xi.synth_result_id_to_name_cp932[4423] = string.char(0x83,0x41,0x83,0x62,0x83,0x76,0x83,0x8B,0x83,0x57,0x83,0x85,0x81,0x5B,0x83,0x58)
xi.synth_result_id_to_name_cp932[4424] = string.char(0x83,0x81,0x83,0x8D,0x83,0x93,0x83,0x57,0x83,0x85,0x81,0x5B,0x83,0x58)
xi.synth_result_id_to_name_cp932[4425] = string.char(0x83,0x67,0x83,0x7D,0x83,0x67,0x83,0x57,0x83,0x85,0x81,0x5B,0x83,0x58)
xi.synth_result_id_to_name_cp932[4428] = string.char(0x83,0x5F,0x81,0x5B,0x83,0x4E,0x83,0x6F,0x83,0x58)
xi.synth_result_id_to_name_cp932[4429] = string.char(0x83,0x75,0x83,0x89,0x83,0x62,0x83,0x4E,0x83,0x43,0x81,0x5B,0x83,0x8B)
xi.synth_result_id_to_name_cp932[4430] = string.char(0x83,0x70,0x83,0x93,0x83,0x76,0x83,0x4C,0x83,0x93,0x83,0x58,0x81,0x5B,0x83,0x76)
xi.synth_result_id_to_name_cp932[4431] = string.char(0x83,0x54,0x83,0x93,0x83,0x68,0x83,0x8A,0x83,0x41,0x83,0x4F,0x83,0x8C,0x81,0x5B,0x83,0x76)
xi.synth_result_id_to_name_cp932[4432] = string.char(0x83,0x4A,0x83,0x55,0x83,0x80,0x83,0x70,0x83,0x43,0x83,0x93)
xi.synth_result_id_to_name_cp932[4433] = string.char(0x83,0x5F,0x83,0x8B,0x83,0x81,0x83,0x8B,0x83,0x56,0x83,0x60,0x83,0x85,0x81,0x5B)
xi.synth_result_id_to_name_cp932[4434] = string.char(0x83,0x4C,0x83,0x6D,0x83,0x52,0x82,0xCC,0x83,0x8A,0x83,0x5D,0x83,0x62,0x83,0x67)
xi.synth_result_id_to_name_cp932[4435] = string.char(0x83,0x52,0x83,0x4A,0x83,0x67,0x83,0x8A,0x83,0x58,0x82,0xCC,0x93,0xF7)
xi.synth_result_id_to_name_cp932[4436] = string.char(0x83,0x78,0x81,0x5B,0x83,0x4E,0x83,0x68,0x83,0x7C,0x83,0x7C,0x83,0x67)
xi.synth_result_id_to_name_cp932[4437] = string.char(0x83,0x7D,0x83,0x67,0x83,0x93,0x82,0xCC,0x83,0x8D,0x81,0x5B,0x83,0x58,0x83,0x67)
xi.synth_result_id_to_name_cp932[4438] = string.char(0x83,0x5F,0x83,0x8B,0x83,0x81,0x83,0x8B,0x83,0x58,0x83,0x65,0x81,0x5B,0x83,0x4C)
xi.synth_result_id_to_name_cp932[4439] = string.char(0x83,0x69,0x83,0x94,0x83,0x40,0x83,0x89,0x83,0x93)
xi.synth_result_id_to_name_cp932[4440] = string.char(0x94,0x92,0x90,0x67,0x8B,0x9B,0x82,0xCC,0x83,0x56,0x83,0x60,0x83,0x85,0x81,0x5B)
xi.synth_result_id_to_name_cp932[4441] = string.char(0x83,0x4F,0x83,0x8C,0x81,0x5B,0x83,0x76,0x83,0x57,0x83,0x85,0x81,0x5B,0x83,0x58)
xi.synth_result_id_to_name_cp932[4442] = string.char(0x83,0x70,0x83,0x43,0x83,0x93,0x83,0x57,0x83,0x85,0x81,0x5B,0x83,0x58)
xi.synth_result_id_to_name_cp932[4443] = string.char(0x83,0x52,0x83,0x6F,0x83,0x8B,0x83,0x67,0x83,0x57,0x83,0x46,0x83,0x8A,0x81,0x5B)
xi.synth_result_id_to_name_cp932[4444] = string.char(0x83,0x89,0x83,0x89,0x83,0x75,0x82,0xCC,0x82,0xB5,0x82,0xC1,0x82,0xDB)
xi.synth_result_id_to_name_cp932[4445] = string.char(0x83,0x84,0x83,0x4F,0x81,0x5B,0x83,0x68,0x83,0x60,0x83,0x46,0x83,0x8A,0x81,0x5B)
xi.synth_result_id_to_name_cp932[4446] = string.char(0x83,0x70,0x83,0x93,0x83,0x76,0x83,0x4C,0x83,0x93,0x83,0x70,0x83,0x43)
xi.synth_result_id_to_name_cp932[4447] = string.char(0x83,0x54,0x83,0x50,0x83,0x72,0x83,0x5E,0x83,0x50)
xi.synth_result_id_to_name_cp932[4448] = string.char(0x83,0x70,0x83,0x74,0x83,0x7B,0x81,0x5B,0x83,0x8B)
xi.synth_result_id_to_name_cp932[4449] = string.char(0x97,0xEC,0x8E,0xC5)
xi.synth_result_id_to_name_cp932[4450] = string.char(0x83,0x54,0x83,0x93,0x83,0x53,0x83,0x5E,0x83,0x50)
xi.synth_result_id_to_name_cp932[4451] = string.char(0x83,0x56,0x83,0x8B,0x83,0x6F,0x81,0x5B,0x83,0x56,0x83,0x83,0x81,0x5B,0x83,0x4E)
xi.synth_result_id_to_name_cp932[4452] = string.char(0x83,0x74,0x83,0x4A,0x83,0x71,0x83,0x8C,0x83,0x58,0x81,0x5B,0x83,0x76)
xi.synth_result_id_to_name_cp932[4453] = string.char(0x96,0xDA,0x8B,0xCA,0x82,0xCC,0x83,0x58,0x81,0x5B,0x83,0x76)
xi.synth_result_id_to_name_cp932[4454] = string.char(0xE0,0x8A,0x8B,0x9B)
xi.synth_result_id_to_name_cp932[4455] = string.char(0x90,0xCE,0x82,0xCC,0x83,0x58,0x81,0x5B,0x83,0x76)
xi.synth_result_id_to_name_cp932[4456] = string.char(0x82,0xE4,0x82,0xC5,0x82,0xAA,0x82,0xC9)
xi.synth_result_id_to_name_cp932[4457] = string.char(0x83,0x45,0x83,0x69,0x83,0x4D,0x82,0xCC,0x8B,0xF8,0x8F,0xC4)
xi.synth_result_id_to_name_cp932[4458] = string.char(0x83,0x53,0x83,0x75,0x83,0x8A,0x83,0x93,0x83,0x70,0x83,0x93)
xi.synth_result_id_to_name_cp932[4459] = string.char(0x83,0x6C,0x83,0x72,0x83,0x80,0x83,0x69,0x83,0x43,0x83,0x67,0x82,0xCC,0x92,0xD9,0x8F,0xC4)
xi.synth_result_id_to_name_cp932[4460] = string.char(0x83,0x58,0x83,0x67,0x81,0x5B,0x83,0x93,0x83,0x60,0x81,0x5B,0x83,0x59)
xi.synth_result_id_to_name_cp932[4461] = string.char(0x83,0x6F,0x83,0x58,0x83,0x67,0x83,0x41,0x83,0x75,0x83,0x8A,0x81,0x5B,0x83,0x80)
xi.synth_result_id_to_name_cp932[4462] = string.char(0x83,0x82,0x83,0x93,0x83,0x50,0x83,0x49,0x83,0x93,0x83,0x50)
xi.synth_result_id_to_name_cp932[4464] = string.char(0x83,0x73,0x83,0x73,0x83,0x89)
xi.synth_result_id_to_name_cp932[4465] = string.char(0x83,0x53,0x83,0x75,0x83,0x8A,0x83,0x93,0x95,0x97,0x83,0x56,0x83,0x60,0x83,0x85,0x81,0x5B)
xi.synth_result_id_to_name_cp932[4466] = string.char(0x82,0xA9,0x82,0xE7,0x82,0xB5,0x82,0xB9,0x82,0xF1,0x82,0xD7,0x82,0xA2)
xi.synth_result_id_to_name_cp932[4467] = string.char(0x82,0xC9,0x82,0xF1,0x82,0xC9,0x82,0xAD,0x82,0xB9,0x82,0xF1,0x82,0xD7,0x82,0xA2)
xi.synth_result_id_to_name_cp932[4468] = string.char(0x83,0x70,0x83,0x7D,0x83,0x7D)
xi.synth_result_id_to_name_cp932[4469] = string.char(0x83,0x49,0x83,0x49,0x83,0x69,0x83,0x7D,0x83,0x59)
xi.synth_result_id_to_name_cp932[4470] = string.char(0x83,0x41,0x83,0x43,0x83,0x58,0x83,0x74,0x83,0x42,0x83,0x62,0x83,0x56,0x83,0x85)
xi.synth_result_id_to_name_cp932[4471] = string.char(0x83,0x75,0x83,0x8C,0x81,0x5B,0x83,0x68,0x83,0x74,0x83,0x42,0x83,0x62,0x83,0x56,0x83,0x85)
xi.synth_result_id_to_name_cp932[4472] = string.char(0x83,0x55,0x83,0x8A,0x83,0x4B,0x83,0x6A)
xi.synth_result_id_to_name_cp932[4474] = string.char(0x83,0x4D,0x83,0x4B,0x83,0x93,0x83,0x67,0x83,0x58,0x83,0x4C,0x83,0x62,0x83,0x68)
xi.synth_result_id_to_name_cp932[4476] = string.char(0x83,0x65,0x83,0x42,0x83,0x5E,0x83,0x6A,0x83,0x4E,0x83,0x65,0x83,0x42,0x83,0x58)
xi.synth_result_id_to_name_cp932[4477] = string.char(0x83,0x4B,0x83,0x72,0x83,0x41,0x83,0x8B,0x83,0x74,0x83,0x42,0x83,0x62,0x83,0x56,0x83,0x85)
xi.synth_result_id_to_name_cp932[4478] = string.char(0x8E,0x4F,0x8A,0xE1,0x8B,0x9B)
xi.synth_result_id_to_name_cp932[4480] = string.char(0x83,0x4F,0x83,0x4F,0x83,0x8A,0x83,0x85,0x81,0x5B,0x83,0x67,0x83,0x44,0x81,0x5B,0x83,0x69)
xi.synth_result_id_to_name_cp932[4481] = string.char(0x83,0x49,0x81,0x5B,0x83,0x4B,0x83,0x43,0x81,0x5B,0x83,0x8B)
xi.synth_result_id_to_name_cp932[4482] = string.char(0x83,0x6D,0x83,0x58,0x83,0x67,0x81,0x5B,0x83,0x77,0x83,0x8A,0x83,0x93,0x83,0x4F)
xi.synth_result_id_to_name_cp932[4483] = string.char(0x83,0x5E,0x83,0x43,0x83,0x4B,0x81,0x5B,0x83,0x52,0x83,0x62,0x83,0x68)
xi.synth_result_id_to_name_cp932[4484] = string.char(0x83,0x56,0x83,0x83,0x83,0x8B,0x8A,0x4C)
xi.synth_result_id_to_name_cp932[4485] = string.char(0x83,0x6D,0x81,0x5B,0x83,0x75,0x83,0x8B,0x83,0x8C,0x83,0x66,0x83,0x42)
xi.synth_result_id_to_name_cp932[4486] = string.char(0x97,0xB4,0x82,0xCC,0x90,0x53,0x91,0x9F)
xi.synth_result_id_to_name_cp932[4487] = string.char(0x83,0x4A,0x83,0x89,0x83,0x74,0x83,0x8B,0x83,0x47,0x83,0x62,0x83,0x4F)
xi.synth_result_id_to_name_cp932[4488] = string.char(0x83,0x57,0x83,0x83,0x83,0x62,0x83,0x4E,0x82,0xCC,0x83,0x89,0x83,0x93,0x83,0x5E,0x83,0x93)
xi.synth_result_id_to_name_cp932[4489] = string.char(0x91,0x90,0x8A,0x9F)
xi.synth_result_id_to_name_cp932[4490] = string.char(0x83,0x6A,0x83,0x56,0x83,0x93,0x82,0xCC,0x89,0x96,0x92,0xD0,0x82,0xAF)
xi.synth_result_id_to_name_cp932[4491] = string.char(0x83,0x45,0x83,0x48,0x81,0x5B,0x83,0x5E,0x81,0x5B,0x83,0x81,0x83,0x8D,0x83,0x93)
xi.synth_result_id_to_name_cp932[4492] = string.char(0x83,0x76,0x83,0x8B,0x83,0x58)
xi.synth_result_id_to_name_cp932[4494] = string.char(0x83,0x54,0x83,0x93,0x83,0x68,0x83,0x8A,0x83,0x41,0x83,0x65,0x83,0x42,0x81,0x5B)
xi.synth_result_id_to_name_cp932[4495] = string.char(0x83,0x53,0x83,0x75,0x83,0x8A,0x83,0x93,0x83,0x60,0x83,0x87,0x83,0x52)
xi.synth_result_id_to_name_cp932[4496] = string.char(0x83,0x6F,0x83,0x75,0x83,0x8B,0x83,0x60,0x83,0x87,0x83,0x52)
xi.synth_result_id_to_name_cp932[4497] = string.char(0x83,0x6E,0x81,0x5B,0x83,0x67,0x83,0x60,0x83,0x87,0x83,0x52)
xi.synth_result_id_to_name_cp932[4498] = string.char(0x83,0x60,0x83,0x87,0x83,0x52,0x83,0x68,0x83,0x8A,0x83,0x93,0x83,0x4E)
xi.synth_result_id_to_name_cp932[4499] = string.char(0x83,0x41,0x83,0x43,0x83,0x41,0x83,0x93,0x83,0x70,0x83,0x93)
xi.synth_result_id_to_name_cp932[4502] = string.char(0x83,0x7D,0x83,0x8D,0x83,0x93,0x83,0x4F,0x83,0x89,0x83,0x62,0x83,0x5A)
xi.synth_result_id_to_name_cp932[4503] = string.char(0x83,0x75,0x83,0x75,0x83,0x8A,0x83,0x80,0x83,0x4F,0x83,0x8C,0x81,0x5B,0x83,0x76)
xi.synth_result_id_to_name_cp932[4504] = string.char(0x82,0xC7,0x82,0xF1,0x82,0xAE,0x82,0xE8)
xi.synth_result_id_to_name_cp932[4505] = string.char(0x93,0xFA,0x97,0xD6,0x82,0xCC,0x8E,0xED,0x8E,0x71)
xi.synth_result_id_to_name_cp932[4506] = string.char(0x83,0x7D,0x83,0x67,0x83,0x93,0x83,0x67,0x83,0x8B,0x83,0x65,0x83,0x42,0x81,0x5B,0x83,0x84)
xi.synth_result_id_to_name_cp932[4507] = string.char(0x83,0x89,0x83,0x89,0x83,0x75,0x83,0x7E,0x81,0x5B,0x83,0x67,0x83,0x7B,0x81,0x5B,0x83,0x8B)
xi.synth_result_id_to_name_cp932[4508] = string.char(0x83,0x8D,0x83,0x43,0x83,0x84,0x83,0x8B,0x83,0x5B,0x83,0x8A,0x81,0x5B)
xi.synth_result_id_to_name_cp932[4509] = string.char(0x8F,0xF6,0x97,0xAF,0x90,0x85)
xi.synth_result_id_to_name_cp932[4510] = string.char(0x82,0xC7,0x82,0xF1,0x82,0xAE,0x82,0xE8,0x83,0x4E,0x83,0x62,0x83,0x4C,0x81,0x5B)
xi.synth_result_id_to_name_cp932[4512] = string.char(0x83,0x6F,0x83,0x93,0x83,0x70,0x83,0x43,0x83,0x41,0x83,0x57,0x83,0x85,0x81,0x5B,0x83,0x58)
xi.synth_result_id_to_name_cp932[4514] = string.char(0x83,0x4C,0x83,0x85,0x83,0x58)
xi.synth_result_id_to_name_cp932[4515] = string.char(0x83,0x4A,0x83,0x62,0x83,0x70,0x81,0x5B,0x83,0x74,0x83,0x8D,0x83,0x62,0x83,0x4F)
xi.synth_result_id_to_name_cp932[4517] = string.char(0x83,0x43,0x83,0x47,0x83,0x8D,0x81,0x5B,0x83,0x4A,0x83,0x8C,0x81,0x5B)
xi.synth_result_id_to_name_cp932[4535] = string.char(0x83,0x55,0x83,0x8A,0x83,0x4B,0x83,0x6A,0x82,0xCC,0x89,0x96,0x82,0xE4,0x82,0xC5)
xi.synth_result_id_to_name_cp932[4536] = string.char(0x83,0x4A,0x83,0x47,0x83,0x8B,0x82,0xCC,0x8D,0x95,0x8F,0xC4,0x82,0xAB)
xi.synth_result_id_to_name_cp932[4537] = string.char(0x83,0x74,0x83,0x69,0x82,0xCC,0x89,0x96,0x8F,0xC4,0x82,0xAB)
xi.synth_result_id_to_name_cp932[4538] = string.char(0x83,0x73,0x83,0x73,0x83,0x89,0x82,0xCC,0x89,0x96,0x8F,0xC4,0x82,0xAB)
xi.synth_result_id_to_name_cp932[4539] = string.char(0x83,0x53,0x83,0x75,0x83,0x8A,0x83,0x93,0x83,0x70,0x83,0x43)
xi.synth_result_id_to_name_cp932[4540] = string.char(0x83,0x67,0x83,0x44,0x81,0x5B,0x83,0x69,0x82,0xCC,0x82,0xA9,0x82,0xD4,0x82,0xC6,0x8E,0xCF)
xi.synth_result_id_to_name_cp932[4541] = string.char(0x83,0x53,0x83,0x75,0x83,0x8A,0x83,0x93,0x83,0x68,0x83,0x8A,0x83,0x93,0x83,0x4E)
xi.synth_result_id_to_name_cp932[4542] = string.char(0x83,0x75,0x83,0x8C,0x83,0x43,0x83,0x93,0x83,0x56,0x83,0x60,0x83,0x85,0x81,0x5B)
xi.synth_result_id_to_name_cp932[4543] = string.char(0x83,0x53,0x83,0x75,0x83,0x8A,0x83,0x93,0x95,0x97,0x83,0x4C,0x83,0x6D,0x83,0x52,0x93,0xE7)
xi.synth_result_id_to_name_cp932[4544] = string.char(0x83,0x4C,0x83,0x6D,0x83,0x52,0x83,0x56,0x83,0x60,0x83,0x85,0x81,0x5B)
xi.synth_result_id_to_name_cp932[4545] = string.char(0x83,0x4D,0x83,0x54,0x81,0x5B,0x83,0x8B,0x82,0xCC,0x96,0xEC,0x8D,0xD8)
xi.synth_result_id_to_name_cp932[4546] = string.char(0x83,0x8C,0x81,0x5B,0x83,0x59,0x83,0x93,0x83,0x75,0x83,0x8C,0x83,0x62,0x83,0x68)
xi.synth_result_id_to_name_cp932[4547] = string.char(0x83,0x52,0x83,0x4A,0x83,0x67,0x83,0x8A,0x83,0x58,0x82,0xCC,0x8E,0xCF,0x8D,0x9E,0x82,0xDD)
xi.synth_result_id_to_name_cp932[4548] = string.char(0x83,0x4E,0x83,0x40,0x81,0x5B,0x83,0x8B,0x82,0xCC,0x83,0x5C,0x83,0x65,0x81,0x5B)
xi.synth_result_id_to_name_cp932[4549] = string.char(0x83,0x68,0x83,0x89,0x83,0x53,0x83,0x93,0x83,0x58,0x81,0x5B,0x83,0x76)
xi.synth_result_id_to_name_cp932[4550] = string.char(0x83,0x75,0x83,0x8A,0x81,0x5B,0x83,0x80,0x82,0xCC,0x83,0x8A,0x83,0x5D,0x83,0x62,0x83,0x67)
xi.synth_result_id_to_name_cp932[4551] = string.char(0x83,0x54,0x81,0x5B,0x83,0x82,0x83,0x93,0x82,0xCC,0x83,0x4E,0x83,0x8B,0x81,0x5B,0x83,0x67)
xi.synth_result_id_to_name_cp932[4552] = string.char(0xE5,0xB3,0x97,0x91,0x82,0xCC,0x8D,0x81,0x96,0xA1,0x8F,0xC4,0x82,0xAB)
xi.synth_result_id_to_name_cp932[4553] = string.char(0x83,0x6F,0x83,0x5E,0x83,0x8A,0x83,0x41,0x8D,0xD8,0x82,0xCC,0x83,0x5C,0x83,0x65,0x81,0x5B)
xi.synth_result_id_to_name_cp932[4554] = string.char(0x83,0x56,0x83,0x83,0x83,0x8B,0x8A,0x4C,0x83,0x70,0x83,0x43,0x83,0x93,0x8F,0xF6,0x82,0xB5)
xi.synth_result_id_to_name_cp932[4555] = string.char(0x83,0x45,0x83,0x42,0x83,0x93,0x83,0x5F,0x83,0x58,0x95,0x97,0x83,0x54,0x83,0x89,0x83,0x5F)
xi.synth_result_id_to_name_cp932[4556] = string.char(0x90,0xE1,0x8E,0x52,0x82,0xCC,0x83,0x8D,0x83,0x89,0x83,0x93,0x83,0x78,0x83,0x8A,0x81,0x5B)
xi.synth_result_id_to_name_cp932[4557] = string.char(0x83,0x69,0x83,0x7D,0x83,0x59,0x82,0xCC,0x83,0x4F,0x83,0x8C,0x81,0x5B,0x83,0x76,0x8F,0xF6)
xi.synth_result_id_to_name_cp932[4558] = string.char(0x83,0x84,0x83,0x4F,0x81,0x5B,0x83,0x68,0x83,0x68,0x83,0x8A,0x83,0x93,0x83,0x4E)
xi.synth_result_id_to_name_cp932[4559] = string.char(0x83,0x4C,0x83,0x85,0x83,0x58,0x82,0xCC,0x8D,0x81,0x91,0x90,0x8F,0xC4,0x82,0xAB)
xi.synth_result_id_to_name_cp932[4560] = string.char(0x96,0xEC,0x8D,0xD8,0x82,0xCC,0x83,0x58,0x81,0x5B,0x83,0x76)
xi.synth_result_id_to_name_cp932[4561] = string.char(0x83,0x56,0x81,0x5B,0x83,0x74,0x81,0x5B,0x83,0x68,0x83,0x56,0x83,0x60,0x83,0x85,0x81,0x5B)
xi.synth_result_id_to_name_cp932[4563] = string.char(0x83,0x70,0x83,0x7D,0x83,0x7D,0x82,0xCC,0x83,0x5E,0x83,0x8B,0x83,0x67)
xi.synth_result_id_to_name_cp932[4564] = string.char(0x89,0xA4,0x8D,0x91,0x95,0x97,0x83,0x49,0x83,0x80,0x83,0x8C,0x83,0x63)
xi.synth_result_id_to_name_cp932[4565] = string.char(0x83,0x56,0x83,0x83,0x83,0x4E,0x83,0x8A,0x83,0x5E,0x83,0x50)
xi.synth_result_id_to_name_cp932[4566] = string.char(0x83,0x66,0x83,0x58,0x83,0x7B,0x81,0x5B,0x83,0x8B)
xi.synth_result_id_to_name_cp932[4570] = string.char(0x92,0xB9,0x82,0xCC,0x97,0x91)
xi.synth_result_id_to_name_cp932[4571] = string.char(0x83,0x7B,0x83,0x58,0x83,0x66,0x83,0x42,0x83,0x93,0x8D,0xD8)
xi.synth_result_id_to_name_cp932[4572] = string.char(0x83,0x7B,0x83,0x58,0x83,0x66,0x83,0x42,0x83,0x93,0x8D,0xD8,0x82,0xCC,0x83,0x5C,0x83,0x65,0x81,0x5B)
xi.synth_result_id_to_name_cp932[4578] = string.char(0x83,0x5C,0x81,0x5B,0x83,0x5A,0x81,0x5B,0x83,0x57)
xi.synth_result_id_to_name_cp932[4579] = string.char(0x83,0x47,0x83,0x8B,0x83,0x56,0x83,0x82,0x83,0x6A,0x83,0x85,0x81,0x5B,0x83,0x67)
xi.synth_result_id_to_name_cp932[4580] = string.char(0x83,0x52,0x81,0x5B,0x83,0x89,0x83,0x8B,0x83,0x6F,0x83,0x5E,0x83,0x74,0x83,0x89,0x83,0x43)
xi.synth_result_id_to_name_cp932[4581] = string.char(0x83,0x43,0x83,0x82,0x83,0x8A,0x82,0xCC,0x8D,0x95,0x8F,0xC4,0x82,0xAB)
xi.synth_result_id_to_name_cp932[4582] = string.char(0x83,0x6F,0x83,0x58,0x82,0xCC,0x83,0x80,0x83,0x6A,0x83,0x47,0x83,0x8B)
xi.synth_result_id_to_name_cp932[4583] = string.char(0x83,0x54,0x81,0x5B,0x83,0x82,0x83,0x93,0x82,0xCC,0x83,0x80,0x83,0x6A,0x83,0x47,0x83,0x8B)
xi.synth_result_id_to_name_cp932[4584] = string.char(0x83,0x71,0x83,0x89,0x83,0x81,0x82,0xCC,0x83,0x80,0x83,0x6A,0x83,0x47,0x83,0x8B)
xi.synth_result_id_to_name_cp932[4590] = string.char(0x8D,0xF8,0x82,0xA8,0x82,0xC9,0x82,0xAC,0x82,0xE8)
xi.synth_result_id_to_name_cp932[4601] = string.char(0x90,0x5E,0x94,0x92,0x90,0x67,0x8B,0x9B,0x82,0xCC,0x83,0x56,0x83,0x60,0x83,0x85,0x81,0x5B)
xi.synth_result_id_to_name_cp932[4603] = string.char(0x83,0x4A,0x83,0x82,0x83,0x7E,0x81,0x5B,0x83,0x8B,0x83,0x65,0x83,0x42,0x81,0x5B)
xi.synth_result_id_to_name_cp932[4665] = string.char(0x83,0x77,0x83,0x43,0x83,0x58,0x83,0x67)
xi.synth_result_id_to_name_cp932[5120] = string.char(0x83,0x5E,0x83,0x43,0x83,0x5E,0x83,0x6A,0x83,0x62,0x83,0x4E,0x83,0x5C,0x81,0x5B)
xi.synth_result_id_to_name_cp932[5121] = string.char(0x83,0x80,0x81,0x5B,0x83,0x8A,0x83,0x56,0x83,0x85,0x83,0x41,0x83,0x43,0x83,0x68,0x83,0x8B)
xi.synth_result_id_to_name_cp932[5123] = string.char(0x83,0x57,0x83,0x83,0x83,0x62,0x83,0x4E,0x83,0x69,0x83,0x43,0x83,0x74)
xi.synth_result_id_to_name_cp932[5125] = string.char(0x83,0x74,0x83,0x40,0x83,0x6D,0x83,0x47,0x83,0x6A,0x83,0x85,0x81,0x5B,0x83,0x67)
xi.synth_result_id_to_name_cp932[5128] = string.char(0x83,0x52,0x81,0x5B,0x83,0x93,0x83,0x4A,0x83,0x89,0x83,0x7D,0x83,0x8A)
xi.synth_result_id_to_name_cp932[5129] = string.char(0x83,0x8A,0x83,0x4E)
xi.synth_result_id_to_name_cp932[5131] = string.char(0x83,0x7B,0x83,0x93,0x83,0x53,0x83,0x89)
xi.synth_result_id_to_name_cp932[5134] = string.char(0x83,0x82,0x83,0x89,0x83,0x82,0x83,0x89)
xi.synth_result_id_to_name_cp932[5135] = string.char(0x83,0x89,0x83,0x43,0x83,0x6D,0x83,0x4C,0x83,0x81,0x83,0x89)
xi.synth_result_id_to_name_cp932[5136] = string.char(0x83,0x43,0x83,0x58,0x83,0x5E,0x83,0x94,0x83,0x8A,0x83,0x62,0x83,0x67)
xi.synth_result_id_to_name_cp932[5138] = string.char(0x83,0x75,0x83,0x89,0x83,0x62,0x83,0x4E,0x83,0x53,0x81,0x5B,0x83,0x58,0x83,0x67)
xi.synth_result_id_to_name_cp932[5139] = string.char(0x83,0x78,0x83,0x5E)
xi.synth_result_id_to_name_cp932[5140] = string.char(0x83,0x4A,0x83,0x8B,0x83,0x4A,0x83,0x93,0x83,0x6F,0x83,0x8B,0x83,0x45)
xi.synth_result_id_to_name_cp932[5142] = string.char(0x83,0x6F,0x83,0x43,0x83,0x5C,0x83,0x93,0x83,0x58,0x83,0x65,0x81,0x5B,0x83,0x4C)
xi.synth_result_id_to_name_cp932[5143] = string.char(0x83,0x53,0x83,0x75,0x83,0x8A,0x83,0x93,0x95,0x97,0x96,0xEC,0x8D,0xD8,0xE0,0x75,0x82,0xDF)
xi.synth_result_id_to_name_cp932[5144] = string.char(0x83,0x4E,0x83,0x8A,0x83,0x80,0x83,0x5D,0x83,0x93,0x83,0x5B,0x83,0x8A,0x81,0x5B)
xi.synth_result_id_to_name_cp932[5145] = string.char(0x83,0x74,0x83,0x42,0x83,0x62,0x83,0x56,0x83,0x85,0x81,0x95,0x83,0x60,0x83,0x62,0x83,0x76)
xi.synth_result_id_to_name_cp932[5146] = string.char(0x83,0x77,0x83,0x62,0x83,0x57,0x83,0x7A,0x83,0x62,0x83,0x4F,0x83,0x70,0x83,0x43)
xi.synth_result_id_to_name_cp932[5147] = string.char(0x83,0x58,0x83,0x6D,0x81,0x5B,0x83,0x8B,0x83,0x57,0x83,0x46,0x83,0x89,0x81,0x5B,0x83,0x67)
xi.synth_result_id_to_name_cp932[5148] = string.char(0x83,0x58,0x83,0x4C,0x83,0x62,0x83,0x68,0x83,0x58,0x83,0x56)
xi.synth_result_id_to_name_cp932[5149] = string.char(0x83,0x5C,0x81,0x5B,0x83,0x8B,0x83,0x58,0x83,0x56)
xi.synth_result_id_to_name_cp932[5150] = string.char(0x83,0x67,0x83,0x44,0x81,0x5B,0x83,0x69,0x83,0x58,0x83,0x56)
xi.synth_result_id_to_name_cp932[5151] = string.char(0x83,0x41,0x81,0x5B,0x83,0x60,0x83,0x93,0x83,0x4F,0x83,0x93,0x83,0x4A,0x83,0x93)
xi.synth_result_id_to_name_cp932[5152] = string.char(0x96,0xEC,0x8B,0x8D,0x82,0xCC,0x93,0xF7)
xi.synth_result_id_to_name_cp932[5164] = string.char(0x82,0xCB,0x82,0xE8,0x82,0xED,0x82,0xB3,0x82,0xD1)
xi.synth_result_id_to_name_cp932[5165] = string.char(0x83,0x80,0x83,0x6F,0x83,0x8B,0x83,0x7C,0x83,0x8D,0x83,0x58,0x90,0x85)
xi.synth_result_id_to_name_cp932[5166] = string.char(0x83,0x4E,0x83,0x40,0x81,0x5B,0x83,0x8B,0x83,0x54,0x83,0x93,0x83,0x68)
xi.synth_result_id_to_name_cp932[5168] = string.char(0x83,0x6F,0x83,0x5E,0x83,0x8A,0x83,0x41,0x83,0x4C,0x83,0x62,0x83,0x56,0x83,0x85)
xi.synth_result_id_to_name_cp932[5170] = string.char(0x83,0x4F,0x83,0x8A,0x81,0x5B,0x83,0x93,0x83,0x4C,0x83,0x62,0x83,0x56,0x83,0x85)
xi.synth_result_id_to_name_cp932[5172] = string.char(0x83,0x45,0x83,0x42,0x83,0x93,0x83,0x5F,0x83,0x58,0x95,0x97,0x83,0x5E,0x83,0x52,0x83,0x58)
xi.synth_result_id_to_name_cp932[5174] = string.char(0x83,0x5E,0x83,0x75,0x83,0x69,0x83,0x57,0x83,0x41,0x95,0x97,0x83,0x5E,0x83,0x52,0x83,0x58)
xi.synth_result_id_to_name_cp932[5176] = string.char(0x83,0x75,0x83,0x8A,0x81,0x5B,0x83,0x80,0x83,0x58,0x83,0x56)
xi.synth_result_id_to_name_cp932[5178] = string.char(0x83,0x68,0x83,0x89,0x83,0x68,0x83,0x58,0x83,0x56)
xi.synth_result_id_to_name_cp932[5187] = string.char(0x83,0x47,0x83,0x8B,0x83,0x56,0x83,0x82,0x83,0x70,0x81,0x5B,0x83,0x80,0x82,0xCC,0x8E,0xC0)
xi.synth_result_id_to_name_cp932[5188] = string.char(0x83,0x79,0x83,0x79,0x83,0x8D,0x83,0x93,0x83,0x60,0x81,0x5B,0x83,0x6D)
xi.synth_result_id_to_name_cp932[5189] = string.char(0x83,0x7B,0x83,0x93,0x83,0x53,0x83,0x8C,0x83,0x8D,0x83,0x62,0x83,0x5C)
xi.synth_result_id_to_name_cp932[5190] = string.char(0x83,0x4A,0x83,0x8B,0x83,0x7B,0x83,0x69,0x81,0x5B,0x83,0x89)
xi.synth_result_id_to_name_cp932[5191] = string.char(0x83,0x79,0x83,0x58,0x83,0x4A,0x83,0x67,0x81,0x5B,0x83,0x8C)
xi.synth_result_id_to_name_cp932[5192] = string.char(0x83,0x7B,0x83,0x58,0x83,0x4A,0x83,0x43,0x83,0x49,0x81,0x5B,0x83,0x89)
xi.synth_result_id_to_name_cp932[5193] = string.char(0x83,0x6C,0x83,0x8D,0x83,0x66,0x83,0x42,0x83,0x5A,0x83,0x73,0x83,0x41)
xi.synth_result_id_to_name_cp932[5194] = string.char(0x83,0x7C,0x83,0x82,0x83,0x68,0x81,0x5B,0x83,0x8D,0x83,0x5C,0x81,0x5B,0x83,0x58)
xi.synth_result_id_to_name_cp932[5195] = string.char(0x83,0x7E,0x83,0x55,0x83,0x8C,0x83,0x49,0x83,0x70,0x83,0x5A,0x83,0x8A)
xi.synth_result_id_to_name_cp932[5196] = string.char(0x96,0xEC,0x8B,0x8D,0x82,0xCC,0x8A,0xB1,0x82,0xB5,0x93,0xF7)
xi.synth_result_id_to_name_cp932[5208] = string.char(0x83,0x5E,0x83,0x75,0x83,0x69,0x83,0x57,0x83,0x41,0x97,0x59,0x97,0x72,0x82,0xCC,0x93,0xF7)
xi.synth_result_id_to_name_cp932[5209] = string.char(0x83,0x66,0x83,0x42,0x83,0x41,0x83,0x67,0x83,0x8A,0x83,0x7D,0x82,0xCC,0x93,0xF7)
xi.synth_result_id_to_name_cp932[5210] = string.char(0x8B,0xE0,0x8D,0x84,0x89,0xA4,0x82,0xCC,0x88,0xC5,0x83,0x58,0x81,0x5B,0x83,0x76)
xi.synth_result_id_to_name_cp932[5211] = string.char(0x83,0x41,0x83,0x89,0x83,0x72,0x83,0x41,0x81,0x5B,0x83,0x5E)
xi.synth_result_id_to_name_cp932[5213] = string.char(0x83,0x81,0x83,0x89,0x83,0x93,0x83,0x55,0x81,0x5B,0x83,0x6C)
xi.synth_result_id_to_name_cp932[5215] = string.char(0x83,0x51,0x83,0x5C,0x83,0x59,0x83,0x56)
xi.synth_result_id_to_name_cp932[5217] = string.char(0x83,0x54,0x81,0x5B,0x83,0x82,0x83,0x93,0x82,0xCC,0x95,0xA0,0x8E,0x71)
xi.synth_result_id_to_name_cp932[5218] = string.char(0x83,0x54,0x81,0x5B,0x83,0x82,0x83,0x93,0x83,0x8D,0x83,0x45)
xi.synth_result_id_to_name_cp932[5219] = string.char(0x83,0x43,0x83,0x4E,0x83,0x89,0x83,0x4F,0x83,0x93,0x83,0x4A,0x83,0x93)
xi.synth_result_id_to_name_cp932[5230] = string.char(0x83,0x89,0x83,0x75,0x83,0x60,0x83,0x87,0x83,0x52)
xi.synth_result_id_to_name_cp932[5232] = string.char(0x93,0xA4,0x93,0xFB)
xi.synth_result_id_to_name_cp932[5233] = string.char(0x96,0xD8,0x96,0xC8,0x93,0xA4,0x95,0x85)
xi.synth_result_id_to_name_cp932[5234] = string.char(0x83,0x56,0x83,0x6F,0x83,0x8B)
xi.synth_result_id_to_name_cp932[5235] = string.char(0x83,0x69,0x83,0x70)
xi.synth_result_id_to_name_cp932[5236] = string.char(0x8F,0x74,0x8B,0x65)
xi.synth_result_id_to_name_cp932[5237] = string.char(0x94,0x92,0x91,0xEA)
xi.synth_result_id_to_name_cp932[5238] = string.char(0x8A,0xF1,0x82,0xB9,0x93,0xE7)
xi.synth_result_id_to_name_cp932[5253] = string.char(0x83,0x47,0x83,0x8B,0x83,0x81,0x83,0x58,0x83,0x4E,0x83,0x47,0x83,0x93,0x83,0x60,0x83,0x83)
xi.synth_result_id_to_name_cp932[5254] = string.char(0x83,0x6E,0x83,0x43,0x83,0x70,0x81,0x5B,0x83,0x7C,0x81,0x5B,0x83,0x56,0x83,0x87,0x83,0x93)
xi.synth_result_id_to_name_cp932[5255] = string.char(0x83,0x6E,0x83,0x43,0x83,0x70,0x81,0x5B,0x83,0x47,0x81,0x5B,0x83,0x65,0x83,0x8B)
xi.synth_result_id_to_name_cp932[5298] = string.char(0x90,0xC3,0x96,0xD9,0x96,0xF2)
xi.synth_result_id_to_name_cp932[5299] = string.char(0x83,0x54,0x83,0x8B,0x83,0x54)
xi.synth_result_id_to_name_cp932[5306] = string.char(0x8F,0x6A,0x90,0xB9,0x90,0x85)
xi.synth_result_id_to_name_cp932[5307] = string.char(0x97,0x5A,0x89,0xF0,0x96,0xF2)
xi.synth_result_id_to_name_cp932[5327] = string.char(0x83,0x7C,0x81,0x5B,0x83,0x56,0x83,0x87,0x83,0x93,0x82,0x63)
xi.synth_result_id_to_name_cp932[5328] = string.char(0x83,0x6E,0x83,0x43,0x83,0x7C,0x81,0x5B,0x83,0x56,0x83,0x87,0x83,0x93,0x82,0x63)
xi.synth_result_id_to_name_cp932[5350] = string.char(0xE5,0x9E,0xE5,0x95,0x96,0xF2)
xi.synth_result_id_to_name_cp932[5351] = string.char(0x8A,0x5B,0x8D,0x9C,0x96,0xF2)
xi.synth_result_id_to_name_cp932[5352] = string.char(0x97,0x48,0x97,0xEC,0x96,0xF2)
xi.synth_result_id_to_name_cp932[5355] = string.char(0x83,0x47,0x83,0x8A,0x83,0x4E,0x83,0x56,0x83,0x8B,0x83,0x94,0x83,0x40,0x83,0x43,0x83,0x65)
xi.synth_result_id_to_name_cp932[5356] = string.char(0x96,0x9C,0x94,0x5C,0x8D,0x70)
xi.synth_result_id_to_name_cp932[5357] = string.char(0x83,0x47,0x81,0x5B,0x83,0x65,0x83,0x8B,0x82,0x63)
xi.synth_result_id_to_name_cp932[5358] = string.char(0x83,0x6E,0x83,0x43,0x83,0x47,0x81,0x5B,0x83,0x65,0x83,0x8B,0x82,0x63)
xi.synth_result_id_to_name_cp932[5362] = string.char(0x83,0x8C,0x83,0x43,0x83,0x93,0x83,0x7B,0x81,0x5B,0x83,0x70,0x83,0x45,0x83,0x5F,0x81,0x5B)
xi.synth_result_id_to_name_cp932[5411] = string.char(0x83,0x41,0x83,0x8B,0x83,0x5E,0x83,0x69,0x83,0x80,0x83,0x8B,0x83,0x58,0x83,0x80)
xi.synth_result_id_to_name_cp932[5412] = string.char(0x83,0x58,0x83,0x50,0x81,0x5B,0x83,0x76,0x83,0x53,0x81,0x5B,0x83,0x67)
xi.synth_result_id_to_name_cp932[5430] = string.char(0x8E,0xD6,0x93,0xC5,0x96,0xF2)
xi.synth_result_id_to_name_cp932[5447] = string.char(0x83,0x66,0x83,0x6A,0x83,0x59,0x83,0x41,0x83,0x69,0x83,0x58)
xi.synth_result_id_to_name_cp932[5448] = string.char(0x83,0x4A,0x83,0x89,0x83,0x7D,0x81,0x5B,0x83,0x8B)
xi.synth_result_id_to_name_cp932[5449] = string.char(0x83,0x6E,0x83,0x80,0x83,0x56,0x81,0x5B)
xi.synth_result_id_to_name_cp932[5450] = string.char(0x83,0x89,0x83,0x50,0x83,0x8B,0x83,0x5F)
xi.synth_result_id_to_name_cp932[5451] = string.char(0x83,0x4E,0x83,0x8B,0x83,0x60,0x83,0x85,0x83,0x6F,0x83,0x8B,0x83,0x45)
xi.synth_result_id_to_name_cp932[5452] = string.char(0x83,0x45,0x83,0x58,0x83,0x4E,0x83,0x80,0x83,0x8B)
xi.synth_result_id_to_name_cp932[5453] = string.char(0x83,0x43,0x83,0x58,0x83,0x5E,0x83,0x52,0x83,0x59)
xi.synth_result_id_to_name_cp932[5454] = string.char(0x83,0x81,0x83,0x8B,0x83,0x57,0x83,0x83,0x83,0x93,0x83,0x6F,0x83,0x8B,0x83,0x45)
xi.synth_result_id_to_name_cp932[5455] = string.char(0x83,0x41,0x83,0x74,0x83,0x7C,0x83,0x62,0x83,0x67)
xi.synth_result_id_to_name_cp932[5456] = string.char(0x83,0x43,0x83,0x58,0x83,0x65,0x83,0x42,0x83,0x8B,0x83,0x66,0x83,0x42,0x83,0x47)
xi.synth_result_id_to_name_cp932[5457] = string.char(0x83,0x66,0x83,0x42,0x83,0x8B)
xi.synth_result_id_to_name_cp932[5458] = string.char(0x83,0x86,0x83,0x89,0x83,0x93,0x83,0x6F,0x83,0x8B,0x83,0x45)
xi.synth_result_id_to_name_cp932[5460] = string.char(0x83,0x4A,0x83,0x84,0x83,0x6F,0x83,0x8B,0x83,0x45)
xi.synth_result_id_to_name_cp932[5461] = string.char(0x83,0x41,0x83,0x89,0x83,0x6F,0x83,0x8B,0x83,0x45)
xi.synth_result_id_to_name_cp932[5462] = string.char(0x83,0x82,0x83,0x8A,0x83,0x69,0x83,0x6F,0x83,0x8B,0x83,0x45)
xi.synth_result_id_to_name_cp932[5464] = string.char(0x83,0x4A,0x83,0x76,0x83,0x8B,0x83,0x93,0x83,0x6F,0x83,0x40)
xi.synth_result_id_to_name_cp932[5465] = string.char(0x83,0x4A,0x83,0x5F,0x81,0x5B,0x83,0x6F,0x83,0x74,0x83,0x8D,0x83,0x62,0x83,0x4F)
xi.synth_result_id_to_name_cp932[5466] = string.char(0x83,0x67,0x83,0x89,0x83,0x93,0x83,0x79,0x83,0x62,0x83,0x67,0x83,0x56,0x83,0x46,0x83,0x8B)
xi.synth_result_id_to_name_cp932[5469] = string.char(0x83,0x75,0x83,0x89,0x83,0x58,0x83,0x8D,0x81,0x5B,0x83,0x60)
xi.synth_result_id_to_name_cp932[5473] = string.char(0x83,0x6F,0x83,0x58,0x83,0x67,0x83,0x41,0x83,0x58,0x83,0x43,0x81,0x5B,0x83,0x70,0x81,0x5B)
xi.synth_result_id_to_name_cp932[5474] = string.char(0x83,0x4A,0x81,0x5B,0x83,0x4E,0x83,0x48,0x83,0x93)
xi.synth_result_id_to_name_cp932[5475] = string.char(0x83,0x4D,0x83,0x4B,0x83,0x93,0x83,0x67,0x83,0x49,0x83,0x4E,0x83,0x67,0x83,0x70,0x83,0x58)
xi.synth_result_id_to_name_cp932[5531] = string.char(0x83,0x8B,0x83,0x5A,0x81,0x5B,0x83,0x86,0x82,0xCC,0x93,0xF7)
xi.synth_result_id_to_name_cp932[5534] = string.char(0x83,0x41,0x83,0x76,0x83,0x4A,0x83,0x8B,0x83,0x82,0x83,0x68,0x83,0x4C)
xi.synth_result_id_to_name_cp932[5536] = string.char(0x83,0x88,0x83,0x8B,0x83,0x56,0x83,0x41,0x83,0x69,0x83,0x43,0x83,0x74)
xi.synth_result_id_to_name_cp932[5541] = string.char(0x83,0x8D,0x83,0x43,0x83,0x84,0x83,0x8B,0x83,0x4F,0x83,0x8C,0x81,0x5B,0x83,0x76)
xi.synth_result_id_to_name_cp932[5542] = string.char(0x83,0x4B,0x83,0x67,0x81,0x5B,0x83,0x49,0x81,0x5B,0x83,0x74,0x83,0x8C,0x81,0x5B,0x83,0x58)
xi.synth_result_id_to_name_cp932[5544] = string.char(0x8A,0x49,0x93,0xE7)
xi.synth_result_id_to_name_cp932[5547] = string.char(0x8B,0x8D,0x93,0xE7)
xi.synth_result_id_to_name_cp932[5550] = string.char(0x83,0x75,0x83,0x62,0x83,0x56,0x83,0x85,0x83,0x49,0x83,0x56,0x83,0x87,0x83,0x52,0x83,0x89)
xi.synth_result_id_to_name_cp932[5552] = string.char(0x83,0x75,0x83,0x89,0x83,0x62,0x83,0x4E,0x83,0x76,0x83,0x8A,0x83,0x93)
xi.synth_result_id_to_name_cp932[5557] = string.char(0x83,0x82,0x83,0x93,0x83,0x75,0x83,0x89,0x83,0x93)
xi.synth_result_id_to_name_cp932[5559] = string.char(0x83,0x7E,0x83,0x8B,0x83,0x74,0x83,0x42,0x81,0x5B,0x83,0x86)
xi.synth_result_id_to_name_cp932[5562] = string.char(0x94,0x92,0x96,0xA8)
xi.synth_result_id_to_name_cp932[5563] = string.char(0x83,0x49,0x83,0x8D,0x83,0x7B,0x83,0x93,0x82,0xCC,0x93,0xF7)
xi.synth_result_id_to_name_cp932[5564] = string.char(0x83,0x6E,0x83,0x43,0x83,0x68,0x83,0x89,0x82,0xCC,0x93,0xF7)
xi.synth_result_id_to_name_cp932[5565] = string.char(0x83,0x50,0x83,0x8B,0x83,0x78,0x83,0x8D,0x83,0x58,0x82,0xCC,0x93,0xF7)
xi.synth_result_id_to_name_cp932[5566] = string.char(0x83,0x66,0x81,0x5B,0x83,0x63)
xi.synth_result_id_to_name_cp932[5567] = string.char(0x83,0x68,0x83,0x89,0x83,0x43,0x83,0x66,0x81,0x5B,0x83,0x63)
xi.synth_result_id_to_name_cp932[5568] = string.char(0x83,0x41,0x83,0x76,0x83,0x4A,0x83,0x8B,0x82,0xCC,0x97,0x91)
xi.synth_result_id_to_name_cp932[5569] = string.char(0x83,0x76,0x81,0x5B,0x83,0x4E,0x82,0xCC,0x97,0x91)
xi.synth_result_id_to_name_cp932[5570] = string.char(0x83,0x60,0x83,0x83,0x83,0x43)
xi.synth_result_id_to_name_cp932[5571] = string.char(0x83,0x4A,0x83,0x89,0x83,0x4E,0x81,0x5B,0x83,0x8B,0x82,0xCC,0x93,0xF7)
xi.synth_result_id_to_name_cp932[5572] = string.char(0x83,0x43,0x83,0x8B,0x83,0x7E,0x83,0x4E,0x83,0x77,0x83,0x8B,0x83,0x6F,0x83,0x58)
xi.synth_result_id_to_name_cp932[5575] = string.char(0x83,0x88,0x81,0x5B,0x83,0x4F,0x83,0x8B,0x83,0x67)
xi.synth_result_id_to_name_cp932[5576] = string.char(0x83,0x41,0x83,0x43,0x83,0x89,0x83,0x93)
xi.synth_result_id_to_name_cp932[5577] = string.char(0x83,0x56,0x83,0x85,0x83,0x67,0x83,0x89,0x83,0x62,0x83,0x60)
xi.synth_result_id_to_name_cp932[5579] = string.char(0x83,0x84,0x83,0x43,0x83,0x89,0x83,0x60,0x83,0x87,0x83,0x8B,0x83,0x6F,0x83,0x58)
xi.synth_result_id_to_name_cp932[5581] = string.char(0x83,0x57,0x83,0x59,0x82,0xCC,0x93,0xF7)
xi.synth_result_id_to_name_cp932[5582] = string.char(0x83,0x70,0x83,0x67,0x83,0x8B,0x83,0x57,0x83,0x83,0x83,0x54,0x83,0x89,0x83,0x5E)
xi.synth_result_id_to_name_cp932[5584] = string.char(0x83,0x43,0x83,0x60,0x83,0x73,0x83,0x89,0x83,0x74)
xi.synth_result_id_to_name_cp932[5586] = string.char(0x83,0x81,0x83,0x6C,0x83,0x81,0x83,0x93)
xi.synth_result_id_to_name_cp932[5588] = string.char(0x83,0x4A,0x83,0x8B,0x83,0x6B,0x83,0x84,0x83,0x8B,0x83,0x4E)
xi.synth_result_id_to_name_cp932[5590] = string.char(0x83,0x6F,0x83,0x8B,0x83,0x62,0x83,0x4E,0x83,0x54,0x83,0x93,0x83,0x68)
xi.synth_result_id_to_name_cp932[5592] = string.char(0x83,0x41,0x83,0x8B,0x83,0x55,0x83,0x72,0x83,0x52,0x81,0x5B,0x83,0x71,0x81,0x5B)
xi.synth_result_id_to_name_cp932[5596] = string.char(0x83,0x58,0x83,0x42,0x83,0x7E,0x83,0x62,0x83,0x67)
xi.synth_result_id_to_name_cp932[5598] = string.char(0x83,0x56,0x83,0x56,0x83,0x50,0x83,0x6F,0x83,0x75)
xi.synth_result_id_to_name_cp932[5600] = string.char(0x83,0x6F,0x83,0x8B,0x83,0x62,0x83,0x4E,0x83,0x56,0x83,0x56)
xi.synth_result_id_to_name_cp932[5602] = string.char(0x83,0x6E,0x83,0x43,0x83,0x68,0x83,0x89,0x83,0x4C,0x83,0x87,0x83,0x74,0x83,0x65)
xi.synth_result_id_to_name_cp932[5607] = string.char(0x83,0x94,0x83,0x48,0x83,0x93,0x83,0x76,0x83,0x4A,0x83,0x8D,0x83,0x62,0x83,0x67)
xi.synth_result_id_to_name_cp932[5609] = string.char(0x83,0x77,0x83,0x8B,0x83,0x59,0x83,0x58,0x83,0x65,0x81,0x5B,0x83,0x4C)
xi.synth_result_id_to_name_cp932[5611] = string.char(0xE9,0xBB,0xE9,0xDF,0x93,0xE7)
xi.synth_result_id_to_name_cp932[5614] = string.char(0x83,0x50,0x81,0x5B,0x83,0x6A,0x83,0x71,0x83,0x58,0x83,0x4E,0x81,0x5B,0x83,0x77,0x83,0x93)
xi.synth_result_id_to_name_cp932[5616] = string.char(0x83,0x8C,0x81,0x5B,0x83,0x76,0x83,0x4E,0x81,0x5B,0x83,0x77,0x83,0x93)
xi.synth_result_id_to_name_cp932[5618] = string.char(0x8E,0x47,0x8E,0xCF)
xi.synth_result_id_to_name_cp932[5623] = string.char(0x83,0x67,0x83,0x93,0x83,0x6D)
xi.synth_result_id_to_name_cp932[5625] = string.char(0x83,0x81,0x81,0x5B,0x83,0x76,0x83,0x8B,0x83,0x50,0x81,0x5B,0x83,0x4C)
xi.synth_result_id_to_name_cp932[5627] = string.char(0x83,0x88,0x81,0x5B,0x83,0x4F,0x83,0x8B,0x83,0x67,0x83,0x50,0x81,0x5B,0x83,0x4C)
xi.synth_result_id_to_name_cp932[5629] = string.char(0x83,0x49,0x83,0x8C,0x83,0x93,0x83,0x57,0x83,0x50,0x81,0x5B,0x83,0x4C)
xi.synth_result_id_to_name_cp932[5631] = string.char(0x83,0x70,0x83,0x93,0x83,0x76,0x83,0x4C,0x83,0x93,0x83,0x50,0x81,0x5B,0x83,0x4C)
xi.synth_result_id_to_name_cp932[5633] = string.char(0x83,0x60,0x83,0x87,0x83,0x52,0x83,0x8C,0x81,0x5B,0x83,0x67,0x83,0x50,0x81,0x5B,0x83,0x4C)
xi.synth_result_id_to_name_cp932[5635] = string.char(0x8A,0x43,0x98,0x56,0x82,0xB9,0x82,0xF1,0x82,0xD7,0x82,0xA2)
xi.synth_result_id_to_name_cp932[5637] = string.char(0x83,0x7C,0x83,0x41,0x83,0x60,0x83,0x83)
xi.synth_result_id_to_name_cp932[5642] = string.char(0x83,0x60,0x83,0x85,0x83,0x8B,0x83,0x75,0x83,0x8B)
xi.synth_result_id_to_name_cp932[5644] = string.char(0x83,0x57,0x83,0x83,0x83,0x62,0x83,0x4E,0x83,0x70,0x83,0x43)
xi.synth_result_id_to_name_cp932[5645] = string.char(0x83,0x45,0x83,0x42,0x83,0x62,0x83,0x60,0x83,0x6B,0x83,0x4B,0x81,0x5B)
xi.synth_result_id_to_name_cp932[5646] = string.char(0x83,0x75,0x83,0x89,0x83,0x62,0x83,0x66,0x83,0x42,0x83,0x60,0x83,0x87,0x83,0x52)
xi.synth_result_id_to_name_cp932[5647] = string.char(0x83,0x8A,0x83,0x4E,0x82,0xCC,0x8B,0xF8,0x8F,0xC4)
xi.synth_result_id_to_name_cp932[5649] = string.char(0x83,0x8D,0x81,0x5B,0x83,0x58,0x83,0x67,0x83,0x41,0x81,0x5B,0x83,0x82,0x83,0x93,0x83,0x68)
xi.synth_result_id_to_name_cp932[5650] = string.char(0x83,0x6D,0x83,0x70,0x83,0x8B)
xi.synth_result_id_to_name_cp932[5651] = string.char(0x83,0x6F,0x81,0x5B,0x83,0x68,0x83,0x62,0x83,0x4E)
xi.synth_result_id_to_name_cp932[5652] = string.char(0x83,0x41,0x83,0x93,0x83,0x60,0x83,0x87,0x83,0x72)
xi.synth_result_id_to_name_cp932[5653] = string.char(0x83,0x60,0x83,0x46,0x83,0x8A,0x81,0x5B,0x83,0x7D,0x83,0x74,0x83,0x42,0x83,0x93)
xi.synth_result_id_to_name_cp932[5655] = string.char(0x83,0x52,0x81,0x5B,0x83,0x71,0x81,0x5B,0x83,0x7D,0x83,0x74,0x83,0x42,0x83,0x93)
xi.synth_result_id_to_name_cp932[5657] = string.char(0x83,0x41,0x81,0x5B,0x83,0x7E,0x81,0x5B,0x83,0x72,0x83,0x58,0x83,0x50,0x83,0x62,0x83,0x67)
xi.synth_result_id_to_name_cp932[5658] = string.char(0x83,0x49,0x83,0x8B,0x83,0x67,0x83,0x89,0x81,0x5B,0x83,0x69)
xi.synth_result_id_to_name_cp932[5660] = string.char(0x83,0x79,0x83,0x70,0x83,0x8D,0x81,0x5B,0x83,0x6A)
xi.synth_result_id_to_name_cp932[5661] = string.char(0x8C,0xD3,0x93,0x8D)
xi.synth_result_id_to_name_cp932[5662] = string.char(0x83,0x68,0x83,0x89,0x83,0x53,0x83,0x93,0x83,0x74,0x83,0x8B,0x81,0x5B,0x83,0x63)
xi.synth_result_id_to_name_cp932[5663] = string.char(0x83,0x54,0x81,0x5B,0x83,0x82,0x83,0x93,0x83,0x58,0x83,0x56)
xi.synth_result_id_to_name_cp932[5665] = string.char(0x83,0x74,0x83,0x42,0x83,0x93,0x83,0x58,0x83,0x56)
xi.synth_result_id_to_name_cp932[5667] = string.char(0x83,0x8A,0x83,0x93,0x83,0x4E,0x83,0x58,0x82,0xCC,0x93,0xF7)
xi.synth_result_id_to_name_cp932[5669] = string.char(0x96,0xF6,0x90,0xEC,0x93,0xE7)
xi.synth_result_id_to_name_cp932[5672] = string.char(0x83,0x68,0x83,0x89,0x83,0x43,0x83,0x78,0x83,0x8A,0x81,0x5B)
xi.synth_result_id_to_name_cp932[5676] = string.char(0x90,0x58,0x82,0xCC,0x83,0x5C,0x83,0x65,0x81,0x5B)
xi.synth_result_id_to_name_cp932[5678] = string.char(0x90,0x58,0x82,0xCC,0x83,0x54,0x83,0x89,0x83,0x5F)
xi.synth_result_id_to_name_cp932[5680] = string.char(0x83,0x41,0x83,0x4B,0x83,0x8A,0x83,0x4E,0x83,0x58)
xi.synth_result_id_to_name_cp932[5683] = string.char(0x82,0x67,0x81,0x44,0x83,0x5F,0x83,0x93,0x83,0x76,0x83,0x65,0x83,0x42)
xi.synth_result_id_to_name_cp932[5684] = string.char(0x83,0x56,0x83,0x83,0x83,0x89,0x83,0x80,0x83,0x72,0x81,0x5B,0x83,0x60,0x81,0x5B,0x83,0x59)
xi.synth_result_id_to_name_cp932[5685] = string.char(0x83,0x89,0x83,0x72,0x83,0x62,0x83,0x67,0x83,0x70,0x83,0x43)
xi.synth_result_id_to_name_cp932[5686] = string.char(0x83,0x60,0x81,0x5B,0x83,0x59,0x83,0x54,0x83,0x93,0x83,0x68)
xi.synth_result_id_to_name_cp932[5688] = string.char(0x83,0x4F,0x83,0x8D,0x83,0x45,0x83,0x78,0x83,0x8B,0x83,0x4F,0x83,0x8C,0x83,0x5E,0x83,0x58)
xi.synth_result_id_to_name_cp932[5689] = string.char(0x83,0x7E,0x81,0x5B,0x83,0x67,0x83,0x8D,0x81,0x5B,0x83,0x74)
xi.synth_result_id_to_name_cp932[5691] = string.char(0x83,0x56,0x83,0x85,0x83,0x8A,0x83,0x93,0x83,0x76,0x83,0x58,0x83,0x56)
xi.synth_result_id_to_name_cp932[5693] = string.char(0x83,0x49,0x83,0x4E,0x83,0x67,0x83,0x70,0x83,0x58,0x83,0x58,0x83,0x56)
xi.synth_result_id_to_name_cp932[5695] = string.char(0x83,0x7D,0x83,0x8B,0x83,0x51,0x83,0x8A,0x81,0x5B,0x83,0x5E,0x83,0x73,0x83,0x55)
xi.synth_result_id_to_name_cp932[5697] = string.char(0x83,0x79,0x83,0x70,0x83,0x8D,0x83,0x6A,0x83,0x73,0x83,0x55)
xi.synth_result_id_to_name_cp932[5699] = string.char(0x83,0x41,0x83,0x93,0x83,0x60,0x83,0x87,0x83,0x72,0x83,0x73,0x83,0x55)
xi.synth_result_id_to_name_cp932[5701] = string.char(0x83,0x47,0x83,0x93,0x83,0x54,0x83,0x89,0x83,0x5F,0x83,0x66,0x83,0x6D,0x83,0x70,0x83,0x8B)
xi.synth_result_id_to_name_cp932[5703] = string.char(0x83,0x45,0x83,0x8B,0x83,0x4B,0x83,0x89,0x83,0x93,0x83,0x7E,0x83,0x8B,0x83,0x4E)
xi.synth_result_id_to_name_cp932[5718] = string.char(0x83,0x4E,0x83,0x8A,0x81,0x5B,0x83,0x80,0x83,0x70,0x83,0x74)
xi.synth_result_id_to_name_cp932[5719] = string.char(0x83,0x7D,0x83,0x8A,0x83,0x69,0x81,0x5B,0x83,0x89)
xi.synth_result_id_to_name_cp932[5721] = string.char(0x83,0x4E,0x83,0x89,0x83,0x75,0x83,0x58,0x83,0x56)
xi.synth_result_id_to_name_cp932[5726] = string.char(0x83,0x59,0x83,0x62,0x83,0x4C,0x81,0x5B,0x83,0x6A)
xi.synth_result_id_to_name_cp932[5727] = string.char(0xE2,0x95,0x8B,0xBC,0x94,0x9E)
xi.synth_result_id_to_name_cp932[5729] = string.char(0x83,0x6F,0x83,0x6F,0x83,0x8D,0x83,0x41)
xi.synth_result_id_to_name_cp932[5731] = string.char(0x83,0x89,0x83,0x5E,0x83,0x67,0x83,0x44,0x83,0x43,0x83,0x86)
xi.synth_result_id_to_name_cp932[5737] = string.char(0x96,0xEC,0x93,0x65,0x82,0xCC,0x89,0x96,0x8F,0xC4,0x82,0xAB)
xi.synth_result_id_to_name_cp932[5738] = string.char(0x83,0x58,0x83,0x42,0x81,0x5B,0x83,0x67,0x83,0x8A,0x83,0x55,0x81,0x5B,0x83,0x68)
xi.synth_result_id_to_name_cp932[5739] = string.char(0x83,0x6E,0x83,0x6A,0x81,0x5B,0x83,0x47,0x83,0x62,0x83,0x4F)
xi.synth_result_id_to_name_cp932[5740] = string.char(0x83,0x70,0x83,0x76,0x83,0x8A,0x83,0x4A)
xi.synth_result_id_to_name_cp932[5743] = string.char(0x83,0x7D,0x83,0x8A,0x83,0x69,0x81,0x5B,0x83,0x89,0x83,0x73,0x83,0x55)
xi.synth_result_id_to_name_cp932[5745] = string.char(0x83,0x60,0x83,0x46,0x83,0x8A,0x81,0x5B,0x83,0x6F,0x83,0x6F,0x83,0x8D,0x83,0x41)
xi.synth_result_id_to_name_cp932[5747] = string.char(0x83,0x7D,0x83,0x8A,0x83,0x69,0x81,0x5B,0x83,0x89,0x83,0x5C,0x81,0x5B,0x83,0x58)
xi.synth_result_id_to_name_cp932[5750] = string.char(0x83,0x4F,0x83,0x84,0x81,0x5B,0x83,0x56,0x83,0x85)
xi.synth_result_id_to_name_cp932[5752] = string.char(0x83,0x7C,0x83,0x67,0x83,0x74)
xi.synth_result_id_to_name_cp932[5755] = string.char(0x83,0x8B,0x83,0x58,0x83,0x5D,0x83,0x8B,0x82,0xCC,0x93,0xF7)
xi.synth_result_id_to_name_cp932[5756] = string.char(0x83,0x4F,0x83,0x8A,0x81,0x5B,0x83,0x93,0x83,0x4A,0x83,0x8C,0x81,0x5B,0x83,0x70,0x83,0x93)
xi.synth_result_id_to_name_cp932[5757] = string.char(0x83,0x43,0x83,0x47,0x83,0x8D,0x81,0x5B,0x83,0x4A,0x83,0x8C,0x81,0x5B,0x83,0x70,0x83,0x93)
xi.synth_result_id_to_name_cp932[5758] = string.char(0x83,0x75,0x83,0x89,0x83,0x62,0x83,0x4E,0x83,0x4A,0x83,0x8C,0x81,0x5B,0x83,0x70,0x83,0x93)
xi.synth_result_id_to_name_cp932[5759] = string.char(0x83,0x8C,0x83,0x62,0x83,0x68,0x83,0x4A,0x83,0x8C,0x81,0x5B,0x83,0x70,0x83,0x93)
xi.synth_result_id_to_name_cp932[5760] = string.char(0x83,0x52,0x81,0x5B,0x83,0x8B,0x83,0x8D,0x83,0x89,0x81,0x5B,0x83,0x66,0x83,0x93)
xi.synth_result_id_to_name_cp932[5766] = string.char(0x83,0x6F,0x83,0x5E,0x81,0x5B,0x83,0x4E,0x83,0x8C,0x81,0x5B,0x83,0x76)
xi.synth_result_id_to_name_cp932[5771] = string.char(0x83,0x6E,0x83,0x80,0x83,0x60,0x81,0x5B,0x83,0x59,0x83,0x4E,0x83,0x8C,0x81,0x5B,0x83,0x76)
xi.synth_result_id_to_name_cp932[5773] = string.char(0x83,0x4C,0x83,0x6D,0x83,0x52,0x83,0x4E,0x83,0x8C,0x81,0x5B,0x83,0x76)
xi.synth_result_id_to_name_cp932[5775] = string.char(0x83,0x60,0x83,0x87,0x83,0x52,0x83,0x4E,0x83,0x8C,0x81,0x5B,0x83,0x76)
xi.synth_result_id_to_name_cp932[5777] = string.char(0x83,0x79,0x83,0x41,0x83,0x4E,0x83,0x8C,0x81,0x5B,0x83,0x76)
xi.synth_result_id_to_name_cp932[5779] = string.char(0x83,0x60,0x83,0x46,0x83,0x8A,0x81,0x5B,0x83,0x7D,0x83,0x4A,0x83,0x8D,0x83,0x93)
xi.synth_result_id_to_name_cp932[5780] = string.char(0x83,0x52,0x81,0x5B,0x83,0x71,0x81,0x5B,0x83,0x7D,0x83,0x4A,0x83,0x8D,0x83,0x93)
xi.synth_result_id_to_name_cp932[5781] = string.char(0x83,0x4C,0x83,0x67,0x83,0x8D,0x83,0x7D,0x83,0x4A,0x83,0x8D,0x83,0x93)
xi.synth_result_id_to_name_cp932[5782] = string.char(0x83,0x56,0x83,0x85,0x83,0x4B,0x81,0x5B,0x83,0x89,0x83,0x58,0x83,0x4E)
xi.synth_result_id_to_name_cp932[5783] = string.char(0x83,0x60,0x83,0x87,0x83,0x52,0x83,0x89,0x83,0x58,0x83,0x4E)
xi.synth_result_id_to_name_cp932[5784] = string.char(0x83,0x52,0x83,0x52,0x83,0x69,0x83,0x62,0x83,0x63,0x83,0x89,0x83,0x58,0x83,0x4E)
xi.synth_result_id_to_name_cp932[5818] = string.char(0x83,0x49,0x81,0x5B,0x83,0x8D,0x83,0x89,0x83,0x6F,0x83,0x58)
xi.synth_result_id_to_name_cp932[5885] = string.char(0x83,0x54,0x83,0x8B,0x83,0x65,0x81,0x5B,0x83,0x6A,0x83,0x83)
xi.synth_result_id_to_name_cp932[5886] = string.char(0x83,0x47,0x83,0x8B,0x83,0x56,0x81,0x5B,0x83,0x6A,0x83,0x83)
xi.synth_result_id_to_name_cp932[5887] = string.char(0x83,0x82,0x83,0x93,0x83,0x5E,0x81,0x5B,0x83,0x6A,0x83,0x83)
xi.synth_result_id_to_name_cp932[5888] = string.char(0x83,0x7D,0x83,0x8A,0x81,0x5B,0x83,0x6A,0x83,0x83)
xi.synth_result_id_to_name_cp932[5889] = string.char(0x83,0x73,0x83,0x5E,0x83,0x54,0x83,0x93,0x83,0x68)
xi.synth_result_id_to_name_cp932[5890] = string.char(0x83,0x52,0x83,0x4A,0x83,0x67,0x83,0x8A,0x83,0x58,0x83,0x73,0x83,0x5E)
xi.synth_result_id_to_name_cp932[5891] = string.char(0x83,0x47,0x83,0x72,0x83,0x41,0x83,0x7B,0x83,0x4A,0x83,0x68,0x83,0x73,0x83,0x5E)
xi.synth_result_id_to_name_cp932[5892] = string.char(0x82,0x61,0x82,0x61,0x82,0x64,0x83,0x73,0x83,0x5E)
xi.synth_result_id_to_name_cp932[5893] = string.char(0x8B,0x99,0x8E,0x74,0x95,0x97,0x8B,0xDF,0x93,0x8C,0x93,0xE7)
xi.synth_result_id_to_name_cp932[5907] = string.char(0x83,0x75,0x83,0x8D,0x83,0x62,0x83,0x52,0x83,0x8A,0x81,0x5B)
xi.synth_result_id_to_name_cp932[5908] = string.char(0x83,0x41,0x83,0x7B,0x83,0x4A,0x83,0x68)
xi.synth_result_id_to_name_cp932[5909] = string.char(0x83,0x89,0x83,0x89,0x83,0x75,0x82,0xCC,0x82,0xB5,0x82,0xC1,0x82,0xDB,0x92,0xD0,0x82,0xAF)
xi.synth_result_id_to_name_cp932[5922] = string.char(0x83,0x4E,0x83,0x8B,0x83,0x7E,0x83,0x4E,0x83,0x62,0x83,0x4C,0x81,0x5B)
xi.synth_result_id_to_name_cp932[5924] = string.char(0x83,0x77,0x83,0x8B,0x83,0x59,0x83,0x6F,0x81,0x5B,0x83,0x4F)
xi.synth_result_id_to_name_cp932[5926] = string.char(0x83,0x66,0x81,0x5B,0x83,0x63,0x83,0x65,0x83,0x42,0x81,0x5B)
xi.synth_result_id_to_name_cp932[5928] = string.char(0x95,0x50,0x97,0x6C,0x82,0xA8,0x82,0xC9,0x82,0xAC,0x82,0xE8)
xi.synth_result_id_to_name_cp932[5930] = string.char(0x83,0x5F,0x83,0x93,0x83,0x56,0x83,0x93,0x83,0x4F,0x83,0x58,0x81,0x5B,0x83,0x76)
xi.synth_result_id_to_name_cp932[5932] = string.char(0x83,0x4C,0x83,0x67,0x83,0x8D,0x83,0x93,0x83,0x57,0x83,0x85,0x81,0x5B,0x83,0x58)
xi.synth_result_id_to_name_cp932[5933] = string.char(0x83,0x68,0x83,0x89,0x83,0x53,0x83,0x93,0x81,0x45,0x83,0x49,0x83,0x8C)
xi.synth_result_id_to_name_cp932[5948] = string.char(0x83,0x75,0x83,0x89,0x83,0x62,0x83,0x4E,0x83,0x76,0x83,0x8D,0x81,0x5B,0x83,0x93)
xi.synth_result_id_to_name_cp932[5949] = string.char(0x83,0x80,0x83,0x5A,0x83,0x8B)
xi.synth_result_id_to_name_cp932[5952] = string.char(0x83,0x8C,0x83,0x62,0x83,0x68,0x83,0x56,0x81,0x5B,0x83,0x7D)
xi.synth_result_id_to_name_cp932[5953] = string.char(0x83,0x84,0x83,0x7D,0x83,0x81)
xi.synth_result_id_to_name_cp932[5954] = string.char(0x83,0x6F,0x81,0x5B,0x83,0x69,0x83,0x4E,0x83,0x8B)
xi.synth_result_id_to_name_cp932[5961] = string.char(0x83,0x52,0x83,0x82,0x83,0x93,0x83,0x49,0x83,0x4E,0x83,0x67,0x83,0x70,0x83,0x58)
xi.synth_result_id_to_name_cp932[5962] = string.char(0x83,0x49,0x83,0x4E,0x83,0x67,0x83,0x70,0x83,0x58,0x82,0xCC,0x91,0xAB)
xi.synth_result_id_to_name_cp932[5963] = string.char(0x83,0x5A,0x83,0x93,0x83,0x8D,0x81,0x5B,0x83,0x54,0x81,0x5B,0x83,0x66,0x83,0x42,0x83,0x93)
xi.synth_result_id_to_name_cp932[5964] = string.char(0x83,0x74,0x83,0x42,0x83,0x4E,0x83,0x8A,0x83,0x4A)
xi.synth_result_id_to_name_cp932[5965] = string.char(0x83,0x60,0x83,0x87,0x83,0x43)
xi.synth_result_id_to_name_cp932[5966] = string.char(0x83,0x45,0x83,0x8B,0x83,0x75,0x83,0x4A,0x83,0x70,0x81,0x5B,0x83,0x80,0x82,0xCC,0x8E,0xC0)
xi.synth_result_id_to_name_cp932[5967] = string.char(0x83,0x56,0x83,0x83,0x83,0x78,0x83,0x8A,0x83,0x5E,0x83,0x50)
xi.synth_result_id_to_name_cp932[5968] = string.char(0x83,0x56,0x81,0x5B,0x83,0x74,0x81,0x5B,0x83,0x68,0x83,0x70,0x83,0x47,0x83,0x8A,0x83,0x41)
xi.synth_result_id_to_name_cp932[5970] = string.char(0x83,0x4C,0x83,0x6D,0x83,0x52,0x83,0x70,0x83,0x47,0x83,0x8A,0x83,0x41)
xi.synth_result_id_to_name_cp932[5972] = string.char(0x8B,0x8D,0x93,0xF7,0x82,0xCC,0x83,0x70,0x83,0x47,0x83,0x8A,0x83,0x41)
xi.synth_result_id_to_name_cp932[5974] = string.char(0x83,0x6F,0x81,0x5B,0x83,0x69,0x83,0x4E,0x83,0x8B,0x83,0x70,0x83,0x47,0x83,0x8A,0x83,0x41)
xi.synth_result_id_to_name_cp932[5976] = string.char(0x83,0x70,0x81,0x5B,0x83,0x80,0x83,0x57,0x83,0x85,0x81,0x5B,0x83,0x58)
xi.synth_result_id_to_name_cp932[5978] = string.char(0x83,0x74,0x83,0x42,0x83,0x4E,0x83,0x8A,0x83,0x4A,0x83,0x5B,0x83,0x8A,0x81,0x5B)
xi.synth_result_id_to_name_cp932[5980] = string.char(0x83,0x7B,0x83,0x43,0x83,0x8B,0x83,0x6F,0x81,0x5B,0x83,0x69,0x83,0x4E,0x83,0x8B)
xi.synth_result_id_to_name_cp932[5982] = string.char(0x83,0x5A,0x83,0x93,0x83,0x8D,0x81,0x5B,0x95,0x97,0x8A,0x43,0x82,0xCC,0x8B,0xF8,0x8F,0xC4)
xi.synth_result_id_to_name_cp932[5984] = string.char(0x83,0x69,0x83,0x62,0x83,0x67,0x83,0x78,0x83,0x43,0x83,0x93)
xi.synth_result_id_to_name_cp932[5993] = string.char(0x83,0x5A,0x83,0x93,0x83,0x8D,0x81,0x5B,0x83,0x74,0x83,0x8D,0x83,0x62,0x83,0x4F)
xi.synth_result_id_to_name_cp932[5998] = string.char(0x83,0x41,0x83,0x68,0x83,0x44,0x83,0x8A,0x83,0x93,0x83,0x58,0x81,0x5B,0x83,0x76)
xi.synth_result_id_to_name_cp932[6063] = string.char(0x83,0x74,0x83,0x8B,0x81,0x5B,0x83,0x63,0x83,0x70,0x83,0x74,0x83,0x46)
xi.synth_result_id_to_name_cp932[6068] = string.char(0x83,0x4D,0x83,0x83,0x83,0x75,0x83,0x89,0x83,0x58,0x82,0xCC,0x93,0xF7)
xi.synth_result_id_to_name_cp932[6069] = string.char(0x83,0x74,0x83,0x4A,0x83,0x71,0x83,0x8C,0x8E,0x70,0x8E,0xCF)
xi.synth_result_id_to_name_cp932[6071] = string.char(0x83,0x7D,0x83,0x4F,0x83,0x7D,0x83,0x58,0x83,0x65,0x81,0x5B,0x83,0x4C)
xi.synth_result_id_to_name_cp932[6211] = string.char(0x82,0x72,0x81,0x44,0x83,0x7D,0x83,0x8A,0x83,0x69,0x81,0x5B,0x83,0x89,0x83,0x73,0x83,0x55)
xi.synth_result_id_to_name_cp932[6213] = string.char(0x82,0x72,0x81,0x44,0x83,0x7D,0x83,0x8B,0x83,0x51,0x83,0x8A,0x81,0x5B,0x83,0x5E)
xi.synth_result_id_to_name_cp932[6215] = string.char(0x82,0x72,0x81,0x44,0x83,0x79,0x83,0x70,0x83,0x8D,0x83,0x6A,0x83,0x73,0x83,0x55)
xi.synth_result_id_to_name_cp932[6217] = string.char(0x82,0x72,0x81,0x44,0x83,0x41,0x83,0x93,0x83,0x60,0x83,0x87,0x83,0x72,0x83,0x73,0x83,0x55)
xi.synth_result_id_to_name_cp932[6219] = string.char(0x92,0x96,0x93,0xE7)
xi.synth_result_id_to_name_cp932[6222] = string.char(0x96,0xEC,0x92,0x96,0x82,0xCC,0x93,0xF7)
xi.synth_result_id_to_name_cp932[6223] = string.char(0x90,0xE1,0x8E,0x52,0x82,0xCC,0x8C,0x87,0x95,0x58)
xi.synth_result_id_to_name_cp932[6258] = string.char(0x94,0x92,0x96,0xDD)
xi.synth_result_id_to_name_cp932[6260] = string.char(0x90,0xD4,0x96,0xDD)
xi.synth_result_id_to_name_cp932[6262] = string.char(0x91,0x90,0x96,0xDD)
xi.synth_result_id_to_name_cp932[6272] = string.char(0x83,0x7C,0x83,0x7C,0x83,0x67,0x83,0x74,0x83,0x89,0x83,0x43)
xi.synth_result_id_to_name_cp932[6274] = string.char(0x83,0x58,0x83,0x52,0x83,0x62,0x83,0x60,0x83,0x47,0x83,0x62,0x83,0x4F)
xi.synth_result_id_to_name_cp932[6276] = string.char(0x83,0x47,0x83,0x72,0x83,0x74,0x83,0x89,0x83,0x43)
xi.synth_result_id_to_name_cp932[6339] = string.char(0x83,0x78,0x83,0x8A,0x81,0x5B,0x91,0xE5,0x95,0x9F)
xi.synth_result_id_to_name_cp932[6341] = string.char(0x93,0xA4,0x91,0xE5,0x95,0x9F)
xi.synth_result_id_to_name_cp932[6343] = string.char(0x83,0x75,0x83,0x68,0x83,0x45,0x91,0xE5,0x95,0x9F)
xi.synth_result_id_to_name_cp932[6381] = string.char(0x92,0xDE,0x82,0xE8,0x90,0x6C,0x95,0xD9,0x93,0x96)
xi.synth_result_id_to_name_cp932[6393] = string.char(0x83,0x7C,0x81,0x5B,0x83,0x4E,0x83,0x56,0x81,0x5B,0x82,0xCC,0x93,0xF7)
xi.synth_result_id_to_name_cp932[6394] = string.char(0x83,0x7C,0x81,0x5B,0x83,0x4E,0x83,0x4A,0x83,0x63)
xi.synth_result_id_to_name_cp932[6396] = string.char(0x83,0x4A,0x83,0x63,0x83,0x54,0x83,0x93,0x83,0x68)
xi.synth_result_id_to_name_cp932[6406] = string.char(0x83,0x7C,0x81,0x5B,0x83,0x4E,0x83,0x4A,0x83,0x63,0x98,0xA5)
xi.synth_result_id_to_name_cp932[6416] = string.char(0x83,0x78,0x83,0x71,0x81,0x5B,0x83,0x82,0x83,0x58,0x82,0xCC,0x93,0xF7)
xi.synth_result_id_to_name_cp932[6458] = string.char(0x8F,0xDD,0x96,0xFB,0x83,0x89,0x81,0x5B,0x83,0x81,0x83,0x93)
xi.synth_result_id_to_name_cp932[6460] = string.char(0x96,0xA1,0x91,0x58,0x83,0x89,0x81,0x5B,0x83,0x81,0x83,0x93)
xi.synth_result_id_to_name_cp932[6462] = string.char(0x89,0x96,0x83,0x89,0x81,0x5B,0x83,0x81,0x83,0x93)
xi.synth_result_id_to_name_cp932[6464] = string.char(0x83,0x78,0x83,0x71,0x81,0x5B,0x83,0x82,0x83,0x58,0x83,0x65,0x81,0x5B,0x83,0x4C)
xi.synth_result_id_to_name_cp932[6466] = string.char(0x96,0xA1,0x91,0x58,0x8F,0x60)
xi.synth_result_id_to_name_cp932[6468] = string.char(0x93,0xC1,0x8F,0xE3,0x83,0x58,0x83,0x56)
xi.synth_result_id_to_name_cp932[6470] = string.char(0x82,0xA8,0x82,0xC5,0x82,0xF1)
xi.synth_result_id_to_name_cp932[6501] = string.char(0x82,0xB1,0x82,0xF1,0x82,0xC9,0x82,0xE1,0x82,0xAD,0x82,0xA2,0x82,0xE0)
xi.synth_result_id_to_name_cp932[6502] = string.char(0x82,0xB1,0x82,0xF1,0x82,0xC9,0x82,0xE1,0x82,0xAD)
xi.synth_result_id_to_name_cp932[6503] = string.char(0x82,0xBE,0x82,0xA2,0x82,0xB1,0x82,0xF1)
xi.synth_result_id_to_name_cp932[6505] = string.char(0x82,0xBF,0x82,0xAD,0x82,0xED)
xi.synth_result_id_to_name_cp932[6538] = string.char(0x83,0x41,0x83,0x8B,0x83,0x5E,0x83,0x69,0x91,0x53,0x90,0xC8)
xi.synth_result_id_to_name_cp932[6567] = string.char(0x83,0x67,0x83,0x8D,0x83,0x73,0x83,0x4A,0x83,0x8B,0x83,0x4E,0x83,0x8C,0x81,0x5B,0x83,0x76)
xi.synth_result_id_to_name_cp932[6583] = string.char(0x83,0x84,0x83,0x7D,0x83,0x81,0x82,0xCC,0x89,0x96,0x8F,0xC4,0x82,0xAB)
xi.synth_result_id_to_name_cp932[6599] = string.char(0x82,0xBD,0x82,0xDC,0x82,0xB2,0x83,0x54,0x83,0x93,0x83,0x68)
xi.synth_result_id_to_name_cp932[6601] = string.char(0x83,0x49,0x83,0x80,0x83,0x8C,0x83,0x63,0x83,0x54,0x83,0x93,0x83,0x68)
xi.synth_result_id_to_name_cp932[6609] = string.char(0x83,0x7C,0x83,0x7C,0x83,0x67,0x83,0x4F,0x83,0x89,0x83,0x5E,0x83,0x93)
xi.synth_result_id_to_name_cp932[8704] = string.char(0x83,0x72,0x83,0x58,0x83,0x7D,0x83,0x58,0x83,0x43,0x83,0x93,0x83,0x53,0x83,0x62,0x83,0x67)
xi.synth_result_id_to_name_cp932[8705] = string.char(0x83,0x72,0x83,0x58,0x83,0x7D,0x83,0x58,0x82,0xCC,0xE8,0x56)
xi.synth_result_id_to_name_cp932[8706] = string.char(0x83,0x89,0x83,0x59,0x82,0xCC,0x96,0xEE,0x90,0x4B)
xi.synth_result_id_to_name_cp932[8707] = string.char(0x83,0x89,0x83,0x59,0x82,0xCC,0x96,0xD1,0x94,0xE7)
xi.synth_result_id_to_name_cp932[8708] = string.char(0x83,0x89,0x83,0x59,0x82,0xCC,0x82,0xC8,0x82,0xDF,0x82,0xB5,0x8A,0x76)
xi.synth_result_id_to_name_cp932[8709] = string.char(0x83,0x89,0x83,0x59,0x82,0xCC,0x89,0xE5)
xi.synth_result_id_to_name_cp932[8710] = string.char(0x90,0x5B,0x91,0x77,0x82,0xCC,0x8E,0x63,0x9F,0xE6)
xi.synth_result_id_to_name_cp932[8719] = string.char(0x83,0x7D,0x83,0x8A,0x83,0x84,0x83,0x4A,0x83,0x8C,0x83,0x84,0x83,0x58,0x83,0x4C,0x83,0x93)
xi.synth_result_id_to_name_cp932[8720] = string.char(0x83,0x7D,0x83,0x8A,0x83,0x84,0x83,0x4A,0x83,0x8C,0x83,0x84,0x83,0x49,0x81,0x5B,0x83,0x75)
xi.synth_result_id_to_name_cp932[8721] = string.char(0x83,0x77,0x83,0x70,0x83,0x65,0x83,0x5D,0x8D,0x7A)
xi.synth_result_id_to_name_cp932[8722] = string.char(0x83,0x77,0x83,0x70,0x83,0x65,0x83,0x5D,0x83,0x43,0x83,0x93,0x83,0x53,0x83,0x62,0x83,0x67)
xi.synth_result_id_to_name_cp932[8723] = string.char(0x83,0x78,0x83,0x8A,0x83,0x8A,0x83,0x80,0x8D,0x7A)
xi.synth_result_id_to_name_cp932[8724] = string.char(0x83,0x78,0x83,0x8A,0x83,0x8A,0x83,0x80,0x83,0x43,0x83,0x93,0x83,0x53,0x83,0x62,0x83,0x67)
xi.synth_result_id_to_name_cp932[8725] = string.char(0x90,0x5F,0x88,0xCB,0x96,0xD8)
xi.synth_result_id_to_name_cp932[8726] = string.char(0x90,0x5F,0x88,0xCB,0x8D,0xDE)
xi.synth_result_id_to_name_cp932[8727] = string.char(0x83,0x56,0x83,0x74,0x82,0xCC,0x94,0xAF)
xi.synth_result_id_to_name_cp932[8728] = string.char(0x83,0x56,0x83,0x74,0x83,0x7D,0x83,0x4E,0x83,0x89,0x83,0x81)
xi.synth_result_id_to_name_cp932[8739] = string.char(0x8C,0xC3,0x97,0xB4,0x82,0xCC,0x8C,0x8C)
xi.synth_result_id_to_name_cp932[8740] = string.char(0x83,0x73,0x83,0x55,0x83,0x4A,0x83,0x62,0x83,0x5E,0x81,0x5B)
xi.synth_result_id_to_name_cp932[8747] = string.char(0x83,0x4A,0x83,0x55,0x83,0x69,0x83,0x8B,0x8D,0x7A)
xi.synth_result_id_to_name_cp932[8748] = string.char(0x83,0x4A,0x83,0x55,0x83,0x69,0x83,0x8B,0x83,0x43,0x83,0x93,0x83,0x53,0x83,0x62,0x83,0x67)
xi.synth_result_id_to_name_cp932[8749] = string.char(0x83,0x4A,0x83,0x55,0x83,0x69,0x83,0x8B,0x82,0xCC,0xE8,0x56)
xi.synth_result_id_to_name_cp932[8750] = string.char(0x83,0x4A,0x83,0x55,0x83,0x69,0x83,0x8B,0x82,0xCC,0x96,0xEE,0x90,0x4B)
xi.synth_result_id_to_name_cp932[8752] = string.char(0x83,0x5A,0x83,0x74,0x83,0x47,0x83,0x57,0x82,0xCC,0x92,0xDC)
xi.synth_result_id_to_name_cp932[8753] = string.char(0x83,0x5A,0x83,0x74,0x83,0x47,0x83,0x57,0x83,0x41,0x83,0x43,0x83,0x58)
xi.synth_result_id_to_name_cp932[8754] = string.char(0x83,0x5A,0x83,0x74,0x83,0x47,0x83,0x57,0x82,0xCC,0x94,0xE7)
xi.synth_result_id_to_name_cp932[8800] = string.char(0x8F,0xAC,0x93,0xA4)
xi.synth_result_id_to_name_cp932[8803] = string.char(0x97,0x90,0x89,0xD4)
xi.synth_result_id_to_name_cp932[8805] = string.char(0x96,0xD8,0x8D,0x48,0x83,0x4C,0x83,0x62,0x83,0x67,0x35)
xi.synth_result_id_to_name_cp932[8806] = string.char(0x96,0xD8,0x8D,0x48,0x83,0x4C,0x83,0x62,0x83,0x67,0x31,0x30)
xi.synth_result_id_to_name_cp932[8807] = string.char(0x96,0xD8,0x8D,0x48,0x83,0x4C,0x83,0x62,0x83,0x67,0x31,0x35)
xi.synth_result_id_to_name_cp932[8808] = string.char(0x96,0xD8,0x8D,0x48,0x83,0x4C,0x83,0x62,0x83,0x67,0x32,0x30)
xi.synth_result_id_to_name_cp932[8809] = string.char(0x96,0xD8,0x8D,0x48,0x83,0x4C,0x83,0x62,0x83,0x67,0x32,0x35)
xi.synth_result_id_to_name_cp932[8810] = string.char(0x96,0xD8,0x8D,0x48,0x83,0x4C,0x83,0x62,0x83,0x67,0x33,0x30)
xi.synth_result_id_to_name_cp932[8811] = string.char(0x96,0xD8,0x8D,0x48,0x83,0x4C,0x83,0x62,0x83,0x67,0x33,0x35)
xi.synth_result_id_to_name_cp932[8812] = string.char(0x96,0xD8,0x8D,0x48,0x83,0x4C,0x83,0x62,0x83,0x67,0x34,0x30)
xi.synth_result_id_to_name_cp932[8813] = string.char(0x96,0xD8,0x8D,0x48,0x83,0x4C,0x83,0x62,0x83,0x67,0x34,0x35)
xi.synth_result_id_to_name_cp932[8814] = string.char(0x96,0xD8,0x8D,0x48,0x83,0x4C,0x83,0x62,0x83,0x67,0x35,0x30)
xi.synth_result_id_to_name_cp932[8815] = string.char(0x96,0xD8,0x8D,0x48,0x83,0x4C,0x83,0x62,0x83,0x67,0x35,0x35)
xi.synth_result_id_to_name_cp932[8816] = string.char(0x96,0xD8,0x8D,0x48,0x83,0x4C,0x83,0x62,0x83,0x67,0x36,0x30)
xi.synth_result_id_to_name_cp932[8817] = string.char(0x96,0xD8,0x8D,0x48,0x83,0x4C,0x83,0x62,0x83,0x67,0x36,0x35)
xi.synth_result_id_to_name_cp932[8818] = string.char(0x96,0xD8,0x8D,0x48,0x83,0x4C,0x83,0x62,0x83,0x67,0x37,0x31)
xi.synth_result_id_to_name_cp932[8819] = string.char(0x92,0x62,0x96,0xE8,0x83,0x4C,0x83,0x62,0x83,0x67,0x35)
xi.synth_result_id_to_name_cp932[8820] = string.char(0x92,0x62,0x96,0xE8,0x83,0x4C,0x83,0x62,0x83,0x67,0x31,0x30)
xi.synth_result_id_to_name_cp932[8821] = string.char(0x92,0x62,0x96,0xE8,0x83,0x4C,0x83,0x62,0x83,0x67,0x31,0x35)
xi.synth_result_id_to_name_cp932[8822] = string.char(0x92,0x62,0x96,0xE8,0x83,0x4C,0x83,0x62,0x83,0x67,0x32,0x30)
xi.synth_result_id_to_name_cp932[8823] = string.char(0x92,0x62,0x96,0xE8,0x83,0x4C,0x83,0x62,0x83,0x67,0x32,0x35)
xi.synth_result_id_to_name_cp932[8824] = string.char(0x92,0x62,0x96,0xE8,0x83,0x4C,0x83,0x62,0x83,0x67,0x33,0x30)
xi.synth_result_id_to_name_cp932[8825] = string.char(0x92,0x62,0x96,0xE8,0x83,0x4C,0x83,0x62,0x83,0x67,0x33,0x35)
xi.synth_result_id_to_name_cp932[8826] = string.char(0x92,0x62,0x96,0xE8,0x83,0x4C,0x83,0x62,0x83,0x67,0x34,0x30)
xi.synth_result_id_to_name_cp932[8827] = string.char(0x92,0x62,0x96,0xE8,0x83,0x4C,0x83,0x62,0x83,0x67,0x34,0x35)
xi.synth_result_id_to_name_cp932[8828] = string.char(0x92,0x62,0x96,0xE8,0x83,0x4C,0x83,0x62,0x83,0x67,0x35,0x30)
xi.synth_result_id_to_name_cp932[8829] = string.char(0x92,0x62,0x96,0xE8,0x83,0x4C,0x83,0x62,0x83,0x67,0x35,0x35)
xi.synth_result_id_to_name_cp932[8830] = string.char(0x92,0x62,0x96,0xE8,0x83,0x4C,0x83,0x62,0x83,0x67,0x36,0x30)
xi.synth_result_id_to_name_cp932[8831] = string.char(0x92,0x62,0x96,0xE8,0x83,0x4C,0x83,0x62,0x83,0x67,0x36,0x35)
xi.synth_result_id_to_name_cp932[8832] = string.char(0x92,0x62,0x96,0xE8,0x83,0x4C,0x83,0x62,0x83,0x67,0x37,0x30)
xi.synth_result_id_to_name_cp932[8833] = string.char(0x92,0xA4,0x8B,0xE0,0x83,0x4C,0x83,0x62,0x83,0x67,0x35)
xi.synth_result_id_to_name_cp932[8834] = string.char(0x92,0xA4,0x8B,0xE0,0x83,0x4C,0x83,0x62,0x83,0x67,0x31,0x30)
xi.synth_result_id_to_name_cp932[8835] = string.char(0x92,0xA4,0x8B,0xE0,0x83,0x4C,0x83,0x62,0x83,0x67,0x31,0x35)
xi.synth_result_id_to_name_cp932[8836] = string.char(0x92,0xA4,0x8B,0xE0,0x83,0x4C,0x83,0x62,0x83,0x67,0x32,0x30)
xi.synth_result_id_to_name_cp932[8837] = string.char(0x92,0xA4,0x8B,0xE0,0x83,0x4C,0x83,0x62,0x83,0x67,0x32,0x35)
xi.synth_result_id_to_name_cp932[8838] = string.char(0x92,0xA4,0x8B,0xE0,0x83,0x4C,0x83,0x62,0x83,0x67,0x33,0x30)
xi.synth_result_id_to_name_cp932[8839] = string.char(0x92,0xA4,0x8B,0xE0,0x83,0x4C,0x83,0x62,0x83,0x67,0x33,0x35)
xi.synth_result_id_to_name_cp932[8840] = string.char(0x92,0xA4,0x8B,0xE0,0x83,0x4C,0x83,0x62,0x83,0x67,0x34,0x30)
xi.synth_result_id_to_name_cp932[8841] = string.char(0x92,0xA4,0x8B,0xE0,0x83,0x4C,0x83,0x62,0x83,0x67,0x34,0x35)
xi.synth_result_id_to_name_cp932[8842] = string.char(0x92,0xA4,0x8B,0xE0,0x83,0x4C,0x83,0x62,0x83,0x67,0x35,0x30)
xi.synth_result_id_to_name_cp932[8843] = string.char(0x92,0xA4,0x8B,0xE0,0x83,0x4C,0x83,0x62,0x83,0x67,0x35,0x35)
xi.synth_result_id_to_name_cp932[8844] = string.char(0x92,0xA4,0x8B,0xE0,0x83,0x4C,0x83,0x62,0x83,0x67,0x36,0x30)
xi.synth_result_id_to_name_cp932[8845] = string.char(0x92,0xA4,0x8B,0xE0,0x83,0x4C,0x83,0x62,0x83,0x67,0x36,0x35)
xi.synth_result_id_to_name_cp932[8846] = string.char(0x92,0xA4,0x8B,0xE0,0x83,0x4C,0x83,0x62,0x83,0x67,0x37,0x30)
xi.synth_result_id_to_name_cp932[8847] = string.char(0x8D,0xD9,0x96,0x44,0x83,0x4C,0x83,0x62,0x83,0x67,0x35)
xi.synth_result_id_to_name_cp932[8848] = string.char(0x8D,0xD9,0x96,0x44,0x83,0x4C,0x83,0x62,0x83,0x67,0x31,0x30)
xi.synth_result_id_to_name_cp932[8849] = string.char(0x8D,0xD9,0x96,0x44,0x83,0x4C,0x83,0x62,0x83,0x67,0x31,0x35)
xi.synth_result_id_to_name_cp932[8850] = string.char(0x8D,0xD9,0x96,0x44,0x83,0x4C,0x83,0x62,0x83,0x67,0x32,0x30)
xi.synth_result_id_to_name_cp932[8851] = string.char(0x8D,0xD9,0x96,0x44,0x83,0x4C,0x83,0x62,0x83,0x67,0x32,0x35)
xi.synth_result_id_to_name_cp932[8852] = string.char(0x8D,0xD9,0x96,0x44,0x83,0x4C,0x83,0x62,0x83,0x67,0x33,0x30)
xi.synth_result_id_to_name_cp932[8853] = string.char(0x8D,0xD9,0x96,0x44,0x83,0x4C,0x83,0x62,0x83,0x67,0x33,0x35)
xi.synth_result_id_to_name_cp932[8854] = string.char(0x8D,0xD9,0x96,0x44,0x83,0x4C,0x83,0x62,0x83,0x67,0x34,0x30)
xi.synth_result_id_to_name_cp932[8855] = string.char(0x8D,0xD9,0x96,0x44,0x83,0x4C,0x83,0x62,0x83,0x67,0x34,0x35)
xi.synth_result_id_to_name_cp932[8856] = string.char(0x8D,0xD9,0x96,0x44,0x83,0x4C,0x83,0x62,0x83,0x67,0x35,0x30)
xi.synth_result_id_to_name_cp932[8857] = string.char(0x8D,0xD9,0x96,0x44,0x83,0x4C,0x83,0x62,0x83,0x67,0x35,0x35)
xi.synth_result_id_to_name_cp932[8858] = string.char(0x8D,0xD9,0x96,0x44,0x83,0x4C,0x83,0x62,0x83,0x67,0x36,0x30)
xi.synth_result_id_to_name_cp932[8859] = string.char(0x8D,0xD9,0x96,0x44,0x83,0x4C,0x83,0x62,0x83,0x67,0x36,0x34)
xi.synth_result_id_to_name_cp932[8860] = string.char(0x8D,0xD9,0x96,0x44,0x83,0x4C,0x83,0x62,0x83,0x67,0x37,0x30)
xi.synth_result_id_to_name_cp932[8861] = string.char(0x8A,0x76,0x8D,0xD7,0x8D,0x48,0x83,0x4C,0x83,0x62,0x83,0x67,0x35)
xi.synth_result_id_to_name_cp932[8862] = string.char(0x8A,0x76,0x8D,0xD7,0x8D,0x48,0x83,0x4C,0x83,0x62,0x83,0x67,0x31,0x30)
xi.synth_result_id_to_name_cp932[8863] = string.char(0x8A,0x76,0x8D,0xD7,0x8D,0x48,0x83,0x4C,0x83,0x62,0x83,0x67,0x31,0x35)
xi.synth_result_id_to_name_cp932[8864] = string.char(0x8A,0x76,0x8D,0xD7,0x8D,0x48,0x83,0x4C,0x83,0x62,0x83,0x67,0x32,0x30)
xi.synth_result_id_to_name_cp932[8865] = string.char(0x8A,0x76,0x8D,0xD7,0x8D,0x48,0x83,0x4C,0x83,0x62,0x83,0x67,0x32,0x35)
xi.synth_result_id_to_name_cp932[8866] = string.char(0x8A,0x76,0x8D,0xD7,0x8D,0x48,0x83,0x4C,0x83,0x62,0x83,0x67,0x33,0x30)
xi.synth_result_id_to_name_cp932[8867] = string.char(0x8A,0x76,0x8D,0xD7,0x8D,0x48,0x83,0x4C,0x83,0x62,0x83,0x67,0x33,0x35)
xi.synth_result_id_to_name_cp932[8868] = string.char(0x8A,0x76,0x8D,0xD7,0x8D,0x48,0x83,0x4C,0x83,0x62,0x83,0x67,0x34,0x30)
xi.synth_result_id_to_name_cp932[8869] = string.char(0x8A,0x76,0x8D,0xD7,0x8D,0x48,0x83,0x4C,0x83,0x62,0x83,0x67,0x34,0x35)
xi.synth_result_id_to_name_cp932[8870] = string.char(0x8A,0x76,0x8D,0xD7,0x8D,0x48,0x83,0x4C,0x83,0x62,0x83,0x67,0x35,0x30)
xi.synth_result_id_to_name_cp932[8871] = string.char(0x8A,0x76,0x8D,0xD7,0x8D,0x48,0x83,0x4C,0x83,0x62,0x83,0x67,0x35,0x35)
xi.synth_result_id_to_name_cp932[8872] = string.char(0x8A,0x76,0x8D,0xD7,0x8D,0x48,0x83,0x4C,0x83,0x62,0x83,0x67,0x36,0x30)
xi.synth_result_id_to_name_cp932[8873] = string.char(0x8A,0x76,0x8D,0xD7,0x8D,0x48,0x83,0x4C,0x83,0x62,0x83,0x67,0x36,0x36)
xi.synth_result_id_to_name_cp932[8874] = string.char(0x8A,0x76,0x8D,0xD7,0x8D,0x48,0x83,0x4C,0x83,0x62,0x83,0x67,0x37,0x30)
xi.synth_result_id_to_name_cp932[8875] = string.char(0x8D,0x9C,0x8D,0xD7,0x8D,0x48,0x83,0x4C,0x83,0x62,0x83,0x67,0x35)
xi.synth_result_id_to_name_cp932[8876] = string.char(0x8D,0x9C,0x8D,0xD7,0x8D,0x48,0x83,0x4C,0x83,0x62,0x83,0x67,0x31,0x30)
xi.synth_result_id_to_name_cp932[8877] = string.char(0x8D,0x9C,0x8D,0xD7,0x8D,0x48,0x83,0x4C,0x83,0x62,0x83,0x67,0x31,0x35)
xi.synth_result_id_to_name_cp932[8878] = string.char(0x8D,0x9C,0x8D,0xD7,0x8D,0x48,0x83,0x4C,0x83,0x62,0x83,0x67,0x32,0x30)
xi.synth_result_id_to_name_cp932[8879] = string.char(0x8D,0x9C,0x8D,0xD7,0x8D,0x48,0x83,0x4C,0x83,0x62,0x83,0x67,0x32,0x35)
xi.synth_result_id_to_name_cp932[8880] = string.char(0x8D,0x9C,0x8D,0xD7,0x8D,0x48,0x83,0x4C,0x83,0x62,0x83,0x67,0x33,0x30)
xi.synth_result_id_to_name_cp932[8881] = string.char(0x8D,0x9C,0x8D,0xD7,0x8D,0x48,0x83,0x4C,0x83,0x62,0x83,0x67,0x33,0x35)
xi.synth_result_id_to_name_cp932[8882] = string.char(0x8D,0x9C,0x8D,0xD7,0x8D,0x48,0x83,0x4C,0x83,0x62,0x83,0x67,0x34,0x30)
xi.synth_result_id_to_name_cp932[8883] = string.char(0x8D,0x9C,0x8D,0xD7,0x8D,0x48,0x83,0x4C,0x83,0x62,0x83,0x67,0x34,0x35)
xi.synth_result_id_to_name_cp932[8884] = string.char(0x8D,0x9C,0x8D,0xD7,0x8D,0x48,0x83,0x4C,0x83,0x62,0x83,0x67,0x35,0x30)
xi.synth_result_id_to_name_cp932[8885] = string.char(0x8D,0x9C,0x8D,0xD7,0x8D,0x48,0x83,0x4C,0x83,0x62,0x83,0x67,0x35,0x35)
xi.synth_result_id_to_name_cp932[8886] = string.char(0x8D,0x9C,0x8D,0xD7,0x8D,0x48,0x83,0x4C,0x83,0x62,0x83,0x67,0x36,0x30)
xi.synth_result_id_to_name_cp932[8887] = string.char(0x8D,0x9C,0x8D,0xD7,0x8D,0x48,0x83,0x4C,0x83,0x62,0x83,0x67,0x36,0x35)
xi.synth_result_id_to_name_cp932[8888] = string.char(0x8D,0x9C,0x8D,0xD7,0x8D,0x48,0x83,0x4C,0x83,0x62,0x83,0x67,0x37,0x30)
xi.synth_result_id_to_name_cp932[8889] = string.char(0x98,0x42,0x8B,0xE0,0x8F,0x70,0x83,0x4C,0x83,0x62,0x83,0x67,0x35)
xi.synth_result_id_to_name_cp932[8890] = string.char(0x98,0x42,0x8B,0xE0,0x8F,0x70,0x83,0x4C,0x83,0x62,0x83,0x67,0x31,0x30)
xi.synth_result_id_to_name_cp932[8891] = string.char(0x98,0x42,0x8B,0xE0,0x8F,0x70,0x83,0x4C,0x83,0x62,0x83,0x67,0x31,0x35)
xi.synth_result_id_to_name_cp932[8892] = string.char(0x98,0x42,0x8B,0xE0,0x8F,0x70,0x83,0x4C,0x83,0x62,0x83,0x67,0x32,0x30)
xi.synth_result_id_to_name_cp932[8893] = string.char(0x98,0x42,0x8B,0xE0,0x8F,0x70,0x83,0x4C,0x83,0x62,0x83,0x67,0x32,0x35)
xi.synth_result_id_to_name_cp932[8894] = string.char(0x98,0x42,0x8B,0xE0,0x8F,0x70,0x83,0x4C,0x83,0x62,0x83,0x67,0x33,0x30)
xi.synth_result_id_to_name_cp932[8895] = string.char(0x98,0x42,0x8B,0xE0,0x8F,0x70,0x83,0x4C,0x83,0x62,0x83,0x67,0x33,0x35)
xi.synth_result_id_to_name_cp932[8896] = string.char(0x98,0x42,0x8B,0xE0,0x8F,0x70,0x83,0x4C,0x83,0x62,0x83,0x67,0x34,0x30)
xi.synth_result_id_to_name_cp932[8897] = string.char(0x98,0x42,0x8B,0xE0,0x8F,0x70,0x83,0x4C,0x83,0x62,0x83,0x67,0x34,0x35)
xi.synth_result_id_to_name_cp932[8898] = string.char(0x98,0x42,0x8B,0xE0,0x8F,0x70,0x83,0x4C,0x83,0x62,0x83,0x67,0x35,0x30)
xi.synth_result_id_to_name_cp932[8899] = string.char(0x98,0x42,0x8B,0xE0,0x8F,0x70,0x83,0x4C,0x83,0x62,0x83,0x67,0x35,0x35)
xi.synth_result_id_to_name_cp932[8900] = string.char(0x98,0x42,0x8B,0xE0,0x8F,0x70,0x83,0x4C,0x83,0x62,0x83,0x67,0x36,0x30)
xi.synth_result_id_to_name_cp932[8901] = string.char(0x98,0x42,0x8B,0xE0,0x8F,0x70,0x83,0x4C,0x83,0x62,0x83,0x67,0x36,0x35)
xi.synth_result_id_to_name_cp932[8902] = string.char(0x98,0x42,0x8B,0xE0,0x8F,0x70,0x83,0x4C,0x83,0x62,0x83,0x67,0x37,0x30)
xi.synth_result_id_to_name_cp932[8903] = string.char(0x92,0xB2,0x97,0x9D,0x83,0x4C,0x83,0x62,0x83,0x67,0x35)
xi.synth_result_id_to_name_cp932[8904] = string.char(0x92,0xB2,0x97,0x9D,0x83,0x4C,0x83,0x62,0x83,0x67,0x31,0x30)
xi.synth_result_id_to_name_cp932[8905] = string.char(0x92,0xB2,0x97,0x9D,0x83,0x4C,0x83,0x62,0x83,0x67,0x31,0x35)
xi.synth_result_id_to_name_cp932[8906] = string.char(0x92,0xB2,0x97,0x9D,0x83,0x4C,0x83,0x62,0x83,0x67,0x32,0x30)
xi.synth_result_id_to_name_cp932[8907] = string.char(0x92,0xB2,0x97,0x9D,0x83,0x4C,0x83,0x62,0x83,0x67,0x32,0x35)
xi.synth_result_id_to_name_cp932[8908] = string.char(0x92,0xB2,0x97,0x9D,0x83,0x4C,0x83,0x62,0x83,0x67,0x33,0x30)
xi.synth_result_id_to_name_cp932[8909] = string.char(0x92,0xB2,0x97,0x9D,0x83,0x4C,0x83,0x62,0x83,0x67,0x33,0x35)
xi.synth_result_id_to_name_cp932[8910] = string.char(0x92,0xB2,0x97,0x9D,0x83,0x4C,0x83,0x62,0x83,0x67,0x34,0x30)
xi.synth_result_id_to_name_cp932[8911] = string.char(0x92,0xB2,0x97,0x9D,0x83,0x4C,0x83,0x62,0x83,0x67,0x34,0x35)
xi.synth_result_id_to_name_cp932[8912] = string.char(0x92,0xB2,0x97,0x9D,0x83,0x4C,0x83,0x62,0x83,0x67,0x35,0x30)
xi.synth_result_id_to_name_cp932[8913] = string.char(0x92,0xB2,0x97,0x9D,0x83,0x4C,0x83,0x62,0x83,0x67,0x35,0x35)
xi.synth_result_id_to_name_cp932[8914] = string.char(0x92,0xB2,0x97,0x9D,0x83,0x4C,0x83,0x62,0x83,0x67,0x36,0x30)
xi.synth_result_id_to_name_cp932[8915] = string.char(0x92,0xB2,0x97,0x9D,0x83,0x4C,0x83,0x62,0x83,0x67,0x36,0x35)
xi.synth_result_id_to_name_cp932[8916] = string.char(0x92,0xB2,0x97,0x9D,0x83,0x4C,0x83,0x62,0x83,0x67,0x37,0x30)
xi.synth_result_id_to_name_cp932[8917] = string.char(0x8C,0x8E,0x89,0xBA,0x94,0xFC,0x90,0x6C)
xi.synth_result_id_to_name_cp932[8929] = string.char(0x82,0xD3,0x82,0xF1)
xi.synth_result_id_to_name_cp932[8971] = string.char(0x91,0xCD,0x94,0xEC)
xi.synth_result_id_to_name_cp932[8975] = string.char(0x83,0x78,0x83,0x8A,0x83,0x93,0x83,0x5F,0x82,0xCC,0x94,0xE7)
xi.synth_result_id_to_name_cp932[8982] = string.char(0x83,0x43,0x83,0x93,0x83,0x63,0x83,0x8A,0x83,0x41,0x82,0xCC,0x94,0xE7)
xi.synth_result_id_to_name_cp932[8983] = string.char(0x8D,0x63,0x92,0xE9,0x83,0x41,0x81,0x5B,0x83,0x58,0x83,0x8D,0x82,0xCC,0x8D,0x62,0x8A,0x6B)
xi.synth_result_id_to_name_cp932[8985] = string.char(0x83,0x57,0x83,0x8B,0x82,0xCC,0x91,0xCC,0x89,0x74)
xi.synth_result_id_to_name_cp932[8988] = string.char(0x83,0x45,0x83,0x48,0x81,0x5B,0x83,0x75,0x83,0x8C,0x83,0x43,0x83,0x68,0x82,0xCC,0x94,0xE7)
xi.synth_result_id_to_name_cp932[8990] = string.char(0x83,0x89,0x83,0x4B,0x83,0x93,0x83,0x60,0x83,0x85,0x83,0x41,0x82,0xCC,0x94,0x6A,0x95,0xD0)
xi.synth_result_id_to_name_cp932[8992] = string.char(0x83,0x7D,0x83,0x89,0x83,0x67,0x83,0x8A,0x83,0x4E,0x83,0x58,0x82,0xCC,0x94,0x6A,0x95,0xD0)
xi.synth_result_id_to_name_cp932[9002] = string.char(0x83,0x76,0x83,0x8D,0x83,0x72,0x83,0x62,0x83,0x68,0x82,0xCC,0x91,0xCC,0x89,0x74)
xi.synth_result_id_to_name_cp932[9003] = string.char(0x83,0x76,0x83,0x8D,0x83,0x72,0x83,0x62,0x83,0x68,0x82,0xCC,0x94,0xE7)
xi.synth_result_id_to_name_cp932[9004] = string.char(0x83,0x7D,0x83,0x58,0x83,0x43,0x83,0x8B,0x82,0xCC,0x91,0x95,0x8D,0x62)
xi.synth_result_id_to_name_cp932[9005] = string.char(0x83,0x7D,0x83,0x58,0x83,0x43,0x83,0x8B,0x82,0xCC,0x8A,0x70)
xi.synth_result_id_to_name_cp932[9006] = string.char(0x83,0x66,0x83,0x74,0x83,0x42,0x83,0x41,0x83,0x93,0x83,0x67,0x82,0xCC,0x8B,0xDD,0x8A,0xAA)
xi.synth_result_id_to_name_cp932[9007] = string.char(0x83,0x66,0x83,0x74,0x83,0x42,0x83,0x41,0x83,0x93,0x83,0x67,0x82,0xCC,0x91,0xCC,0x89,0x74)
xi.synth_result_id_to_name_cp932[9027] = string.char(0x83,0x54,0x83,0x7D,0x83,0x93,0x83,0x54,0x82,0xCC,0x82,0xC2,0x82,0xE9)
xi.synth_result_id_to_name_cp932[9029] = string.char(0x83,0x68,0x83,0x45,0x83,0x7D,0x82,0xCC,0x94,0x6A,0x95,0xD0)
xi.synth_result_id_to_name_cp932[9032] = string.char(0x83,0x58,0x83,0x67,0x83,0x8D,0x83,0x7B,0x49,0x49)
xi.synth_result_id_to_name_cp932[9033] = string.char(0x82,0x73,0x81,0x44,0x83,0x58,0x83,0x76,0x83,0x8A,0x83,0x93,0x83,0x4F,0x49,0x49,0x49)
xi.synth_result_id_to_name_cp932[9035] = string.char(0x83,0x67,0x83,0x89,0x83,0x93,0x83,0x4C,0x83,0x89,0x83,0x43,0x83,0x55,0x81,0x5B,0x49,0x49)
xi.synth_result_id_to_name_cp932[9041] = string.char(0x83,0x52,0x83,0x43,0x83,0x89,0x81,0x5B,0x49,0x49)
xi.synth_result_id_to_name_cp932[9043] = string.char(0x82,0x72,0x81,0x44,0x83,0x58,0x83,0x4E,0x83,0x8A,0x81,0x5B,0x83,0x93,0x49,0x49)
xi.synth_result_id_to_name_cp932[9047] = string.char(0x83,0x43,0x83,0x7D,0x83,0x6A,0x83,0x75,0x83,0x4B,0x81,0x5B,0x83,0x68,0x82,0xCC,0x94,0xE7)
xi.synth_result_id_to_name_cp932[9048] = string.char(0x83,0x80,0x81,0x5B,0x83,0x67,0x82,0xCC,0x96,0x40,0x88,0xDF)
xi.synth_result_id_to_name_cp932[9052] = string.char(0x83,0x53,0x81,0x5B,0x83,0x8B,0x83,0x68,0x83,0x52,0x83,0x43,0x83,0x8B)
xi.synth_result_id_to_name_cp932[9053] = string.char(0x83,0x76,0x83,0x89,0x83,0x60,0x83,0x69,0x83,0x4D,0x83,0x41)
xi.synth_result_id_to_name_cp932[9058] = string.char(0x83,0x58,0x83,0x79,0x83,0x4E,0x83,0x5E,0x81,0x5B,0x82,0xCC,0x8D,0x7A,0x90,0xCE)
xi.synth_result_id_to_name_cp932[9061] = string.char(0x96,0xBB,0x89,0xA4,0x82,0xCC,0x92,0xDC)
xi.synth_result_id_to_name_cp932[9062] = string.char(0x83,0x5F,0x81,0x5B,0x83,0x4E,0x83,0x7D,0x83,0x5E,0x81,0x5B)
xi.synth_result_id_to_name_cp932[9063] = string.char(0x96,0xBB,0x8A,0x45,0x82,0xCC,0x8D,0xB0)
xi.synth_result_id_to_name_cp932[9064] = string.char(0x96,0xBB,0x8A,0x45,0x82,0xCC,0x8D,0xBD)
xi.synth_result_id_to_name_cp932[9065] = string.char(0x83,0x43,0x83,0x93,0x83,0x71,0x83,0x72,0x83,0x5E,0x81,0x5B,0x49,0x49)
xi.synth_result_id_to_name_cp932[9066] = string.char(0x83,0x41,0x83,0x93,0x83,0x76,0x83,0x8A,0x83,0x74,0x83,0x40,0x83,0x43,0x83,0x41,0x81,0x5B)
xi.synth_result_id_to_name_cp932[9067] = string.char(0x83,0x8A,0x83,0x73,0x81,0x5B,0x83,0x5E,0x81,0x5B)
xi.synth_result_id_to_name_cp932[9074] = string.char(0x83,0x8C,0x83,0x4D,0x83,0x85,0x83,0x8C,0x81,0x5B,0x83,0x5E,0x81,0x5B)
xi.synth_result_id_to_name_cp932[9075] = string.char(0x83,0x94,0x83,0x40,0x83,0x8B,0x83,0x4A,0x83,0x93,0x8D,0x7A)
xi.synth_result_id_to_name_cp932[9099] = string.char(0x83,0x5C,0x83,0x45,0x83,0x8A,0x83,0x85,0x83,0x45,0x82,0xCC,0x8A,0xCC)
xi.synth_result_id_to_name_cp932[9100] = string.char(0x83,0x5A,0x83,0x4C,0x83,0x8A,0x83,0x85,0x83,0x45,0x82,0xCC,0x8A,0xCC)
xi.synth_result_id_to_name_cp932[9101] = string.char(0x83,0x6E,0x83,0x4E,0x83,0x8A,0x83,0x85,0x83,0x45,0x82,0xCC,0x8A,0xCC)
xi.synth_result_id_to_name_cp932[9102] = string.char(0x83,0x52,0x83,0x4E,0x83,0x8A,0x83,0x85,0x83,0x45,0x82,0xCC,0x8A,0xCC)
xi.synth_result_id_to_name_cp932[9130] = string.char(0x83,0x47,0x83,0x58,0x83,0x4A,0x83,0x43,0x83,0x67,0x8D,0x7A,0x90,0xCE)
xi.synth_result_id_to_name_cp932[9131] = string.char(0x82,0x73,0x81,0x44,0x83,0x58,0x83,0x76,0x83,0x8A,0x83,0x93,0x83,0x4F,0x49,0x56)
xi.synth_result_id_to_name_cp932[9132] = string.char(0x82,0x67,0x81,0x44,0x83,0x4C,0x83,0x83,0x83,0x70,0x83,0x56,0x83,0x5E,0x81,0x5B,0x49,0x49)
xi.synth_result_id_to_name_cp932[9134] = string.char(0x83,0x67,0x83,0x89,0x83,0x93,0x83,0x4C,0x83,0x89,0x83,0x43,0x83,0x55,0x81,0x5B,0x49,0x49,0x49)
xi.synth_result_id_to_name_cp932[9135] = string.char(0x83,0x41,0x83,0x93,0x83,0x76,0x83,0x8A,0x83,0x74,0x83,0x40,0x83,0x43,0x83,0x41,0x49,0x49)
xi.synth_result_id_to_name_cp932[9145] = string.char(0x83,0x49,0x83,0x8A,0x83,0x6E,0x83,0x8B,0x83,0x52,0x83,0x93,0x83,0x4D,0x83,0x41)
xi.synth_result_id_to_name_cp932[9147] = string.char(0x83,0x7C,0x81,0x5B,0x83,0x4E,0x83,0x56,0x81,0x5B,0x82,0xCC,0xE3,0xC0)
xi.synth_result_id_to_name_cp932[9172] = string.char(0x83,0x7C,0x81,0x5B,0x83,0x4E,0x83,0x56,0x81,0x5B,0x82,0xCC,0x96,0xEE,0x89,0x48,0x8D,0xAA)
xi.synth_result_id_to_name_cp932[9193] = string.char(0x96,0xA1,0x91,0x58)
xi.synth_result_id_to_name_cp932[9194] = string.char(0x8F,0xDD,0x96,0xFB)
xi.synth_result_id_to_name_cp932[9195] = string.char(0x8A,0x8F,0x90,0xDF)
xi.synth_result_id_to_name_cp932[9196] = string.char(0x83,0x89,0x81,0x5B,0x83,0x81,0x83,0x93,0x82,0xCC,0x96,0xCB)
xi.synth_result_id_to_name_cp932[9197] = string.char(0x8F,0xDD,0x96,0xFB,0x83,0x58,0x81,0x5B,0x83,0x76)
xi.synth_result_id_to_name_cp932[9198] = string.char(0x96,0xA1,0x91,0x58,0x83,0x58,0x81,0x5B,0x83,0x76)
xi.synth_result_id_to_name_cp932[9199] = string.char(0x89,0x96,0x83,0x58,0x81,0x5B,0x83,0x76)
xi.synth_result_id_to_name_cp932[9200] = string.char(0x96,0x7B,0x83,0x8F,0x83,0x54,0x83,0x72)
xi.synth_result_id_to_name_cp932[9201] = string.char(0x83,0x5E,0x83,0x50,0x83,0x6D,0x83,0x52)
xi.synth_result_id_to_name_cp932[9245] = string.char(0x83,0x71,0x83,0x6D,0x83,0x4C,0x8C,0xB4,0x96,0xD8)
xi.synth_result_id_to_name_cp932[9246] = string.char(0x83,0x71,0x83,0x6D,0x83,0x4C,0x8D,0xDE)
xi.synth_result_id_to_name_cp932[9247] = string.char(0x83,0x6A,0x83,0x49,0x83,0x75,0x8D,0x7A)
xi.synth_result_id_to_name_cp932[9248] = string.char(0x83,0x6A,0x83,0x49,0x83,0x75,0x83,0x43,0x83,0x93,0x83,0x53,0x83,0x62,0x83,0x67)
xi.synth_result_id_to_name_cp932[9249] = string.char(0x83,0x8B,0x83,0x65,0x83,0x6A,0x83,0x80,0x8D,0x7A)
xi.synth_result_id_to_name_cp932[9250] = string.char(0x83,0x8B,0x83,0x65,0x83,0x6A,0x83,0x80,0x83,0x43,0x83,0x93,0x83,0x53,0x83,0x62,0x83,0x67)
xi.synth_result_id_to_name_cp932[9251] = string.char(0x83,0x52,0x81,0x5B,0x83,0x7D,0x8E,0x85)
xi.synth_result_id_to_name_cp932[9252] = string.char(0x83,0x52,0x81,0x5B,0x83,0x7D,0x83,0x4E,0x83,0x8D,0x83,0x58)
xi.synth_result_id_to_name_cp932[9253] = string.char(0x83,0x74,0x83,0x48,0x83,0x8B,0x83,0x73,0x82,0xCC,0x8D,0x87,0x90,0xAC,0x94,0xE7)
xi.synth_result_id_to_name_cp932[9254] = string.char(0x83,0x74,0x83,0x48,0x83,0x8B,0x83,0x73,0x82,0xCC,0x82,0xC8,0x82,0xDF,0x82,0xB5,0x8A,0x76)
xi.synth_result_id_to_name_cp932[9255] = string.char(0x83,0x56,0x83,0x41,0x83,0x93,0x83,0x58,0x83,0x4C,0x83,0x93)
xi.synth_result_id_to_name_cp932[9256] = string.char(0x83,0x56,0x83,0x41,0x83,0x93,0x83,0x49,0x81,0x5B,0x83,0x75)
xi.synth_result_id_to_name_cp932[9257] = string.char(0x90,0xC2,0x82,0xCC,0x97,0x74)
xi.synth_result_id_to_name_cp932[9258] = string.char(0x83,0x75,0x83,0x8B,0x81,0x5B,0x83,0x54,0x81,0x5B,0x83,0x81,0x83,0x62,0x83,0x67)
xi.synth_result_id_to_name_cp932[9484] = string.char(0x96,0xD8,0x8D,0x48,0x83,0x4C,0x83,0x62,0x83,0x67,0x37,0x34)
xi.synth_result_id_to_name_cp932[9485] = string.char(0x96,0xD8,0x8D,0x48,0x83,0x4C,0x83,0x62,0x83,0x67,0x38,0x31)
xi.synth_result_id_to_name_cp932[9486] = string.char(0x96,0xD8,0x8D,0x48,0x83,0x4C,0x83,0x62,0x83,0x67,0x38,0x34)
xi.synth_result_id_to_name_cp932[9487] = string.char(0x96,0xD8,0x8D,0x48,0x83,0x4C,0x83,0x62,0x83,0x67,0x39,0x30)
xi.synth_result_id_to_name_cp932[9488] = string.char(0x96,0xD8,0x8D,0x48,0x83,0x4C,0x83,0x62,0x83,0x67,0x39,0x34)
xi.synth_result_id_to_name_cp932[9489] = string.char(0x92,0x62,0x96,0xE8,0x83,0x4C,0x83,0x62,0x83,0x67,0x37,0x36)
xi.synth_result_id_to_name_cp932[9490] = string.char(0x92,0x62,0x96,0xE8,0x83,0x4C,0x83,0x62,0x83,0x67,0x38,0x30)
xi.synth_result_id_to_name_cp932[9491] = string.char(0x92,0x62,0x96,0xE8,0x83,0x4C,0x83,0x62,0x83,0x67,0x38,0x34)
xi.synth_result_id_to_name_cp932[9492] = string.char(0x92,0x62,0x96,0xE8,0x83,0x4C,0x83,0x62,0x83,0x67,0x39,0x31)
xi.synth_result_id_to_name_cp932[9493] = string.char(0x92,0x62,0x96,0xE8,0x83,0x4C,0x83,0x62,0x83,0x67,0x39,0x34)
xi.synth_result_id_to_name_cp932[9494] = string.char(0x92,0xA4,0x8B,0xE0,0x83,0x4C,0x83,0x62,0x83,0x67,0x37,0x35)
xi.synth_result_id_to_name_cp932[9495] = string.char(0x92,0xA4,0x8B,0xE0,0x83,0x4C,0x83,0x62,0x83,0x67,0x38,0x30)
xi.synth_result_id_to_name_cp932[9496] = string.char(0x92,0xA4,0x8B,0xE0,0x83,0x4C,0x83,0x62,0x83,0x67,0x38,0x35)
xi.synth_result_id_to_name_cp932[9497] = string.char(0x92,0xA4,0x8B,0xE0,0x83,0x4C,0x83,0x62,0x83,0x67,0x39,0x30)
xi.synth_result_id_to_name_cp932[9498] = string.char(0x92,0xA4,0x8B,0xE0,0x83,0x4C,0x83,0x62,0x83,0x67,0x39,0x34)
xi.synth_result_id_to_name_cp932[9499] = string.char(0x8D,0xD9,0x96,0x44,0x83,0x4C,0x83,0x62,0x83,0x67,0x37,0x35)
xi.synth_result_id_to_name_cp932[9500] = string.char(0x8D,0xD9,0x96,0x44,0x83,0x4C,0x83,0x62,0x83,0x67,0x38,0x30)
xi.synth_result_id_to_name_cp932[9501] = string.char(0x8D,0xD9,0x96,0x44,0x83,0x4C,0x83,0x62,0x83,0x67,0x38,0x35)
xi.synth_result_id_to_name_cp932[9502] = string.char(0x8D,0xD9,0x96,0x44,0x83,0x4C,0x83,0x62,0x83,0x67,0x39,0x30)
xi.synth_result_id_to_name_cp932[9503] = string.char(0x8D,0xD9,0x96,0x44,0x83,0x4C,0x83,0x62,0x83,0x67,0x39,0x35)
xi.synth_result_id_to_name_cp932[9504] = string.char(0x8A,0x76,0x8D,0xD7,0x8D,0x48,0x83,0x4C,0x83,0x62,0x83,0x67,0x37,0x35)
xi.synth_result_id_to_name_cp932[9505] = string.char(0x8A,0x76,0x8D,0xD7,0x8D,0x48,0x83,0x4C,0x83,0x62,0x83,0x67,0x37,0x39)
xi.synth_result_id_to_name_cp932[9506] = string.char(0x8A,0x76,0x8D,0xD7,0x8D,0x48,0x83,0x4C,0x83,0x62,0x83,0x67,0x38,0x35)
xi.synth_result_id_to_name_cp932[9507] = string.char(0x8A,0x76,0x8D,0xD7,0x8D,0x48,0x83,0x4C,0x83,0x62,0x83,0x67,0x39,0x30)
xi.synth_result_id_to_name_cp932[9508] = string.char(0x8A,0x76,0x8D,0xD7,0x8D,0x48,0x83,0x4C,0x83,0x62,0x83,0x67,0x39,0x35)
xi.synth_result_id_to_name_cp932[9509] = string.char(0x8D,0x9C,0x8D,0xD7,0x8D,0x48,0x83,0x4C,0x83,0x62,0x83,0x67,0x37,0x35)
xi.synth_result_id_to_name_cp932[9510] = string.char(0x8D,0x9C,0x8D,0xD7,0x8D,0x48,0x83,0x4C,0x83,0x62,0x83,0x67,0x38,0x30)
xi.synth_result_id_to_name_cp932[9511] = string.char(0x8D,0x9C,0x8D,0xD7,0x8D,0x48,0x83,0x4C,0x83,0x62,0x83,0x67,0x38,0x35)
xi.synth_result_id_to_name_cp932[9512] = string.char(0x8D,0x9C,0x8D,0xD7,0x8D,0x48,0x83,0x4C,0x83,0x62,0x83,0x67,0x39,0x30)
xi.synth_result_id_to_name_cp932[9513] = string.char(0x8D,0x9C,0x8D,0xD7,0x8D,0x48,0x83,0x4C,0x83,0x62,0x83,0x67,0x39,0x35)
xi.synth_result_id_to_name_cp932[9514] = string.char(0x98,0x42,0x8B,0xE0,0x8F,0x70,0x83,0x4C,0x83,0x62,0x83,0x67,0x37,0x35)
xi.synth_result_id_to_name_cp932[9515] = string.char(0x98,0x42,0x8B,0xE0,0x8F,0x70,0x83,0x4C,0x83,0x62,0x83,0x67,0x38,0x30)
xi.synth_result_id_to_name_cp932[9516] = string.char(0x98,0x42,0x8B,0xE0,0x8F,0x70,0x83,0x4C,0x83,0x62,0x83,0x67,0x38,0x35)
xi.synth_result_id_to_name_cp932[9517] = string.char(0x98,0x42,0x8B,0xE0,0x8F,0x70,0x83,0x4C,0x83,0x62,0x83,0x67,0x39,0x30)
xi.synth_result_id_to_name_cp932[9518] = string.char(0x98,0x42,0x8B,0xE0,0x8F,0x70,0x83,0x4C,0x83,0x62,0x83,0x67,0x39,0x35)
xi.synth_result_id_to_name_cp932[9519] = string.char(0x92,0xB2,0x97,0x9D,0x83,0x4C,0x83,0x62,0x83,0x67,0x37,0x35)
xi.synth_result_id_to_name_cp932[9520] = string.char(0x92,0xB2,0x97,0x9D,0x83,0x4C,0x83,0x62,0x83,0x67,0x38,0x30)
xi.synth_result_id_to_name_cp932[9521] = string.char(0x92,0xB2,0x97,0x9D,0x83,0x4C,0x83,0x62,0x83,0x67,0x38,0x35)
xi.synth_result_id_to_name_cp932[9522] = string.char(0x92,0xB2,0x97,0x9D,0x83,0x4C,0x83,0x62,0x83,0x67,0x39,0x30)
xi.synth_result_id_to_name_cp932[9523] = string.char(0x92,0xB2,0x97,0x9D,0x83,0x4C,0x83,0x62,0x83,0x67,0x39,0x35)
xi.synth_result_id_to_name_cp932[9774] = string.char(0x83,0x49,0x81,0x5B,0x83,0x4E,0x82,0xCC,0x8B,0x9F,0x95,0xA8)
xi.synth_result_id_to_name_cp932[9775] = string.char(0x83,0x4E,0x83,0x44,0x83,0x5F,0x83,0x74,0x82,0xCC,0x8B,0x9F,0x95,0xA8)
xi.synth_result_id_to_name_cp932[9776] = string.char(0x83,0x84,0x83,0x4F,0x81,0x5B,0x83,0x68,0x82,0xCC,0x8B,0x9F,0x95,0xA8)
xi.synth_result_id_to_name_cp932[9777] = string.char(0x83,0x53,0x83,0x75,0x83,0x8A,0x83,0x93,0x82,0xCC,0x8B,0x9F,0x95,0xA8)
xi.synth_result_id_to_name_cp932[9846] = string.char(0x8D,0x67,0x8B,0xCA,0x82,0xCC,0x8C,0x8B,0x8F,0xBB)
xi.synth_result_id_to_name_cp932[9847] = string.char(0x91,0x93,0x8B,0xCA,0x82,0xCC,0x8C,0x8B,0x8F,0xBB)
xi.synth_result_id_to_name_cp932[9848] = string.char(0x97,0x95,0x8B,0xCA,0x82,0xCC,0x8C,0x8B,0x8F,0xBB)
xi.synth_result_id_to_name_cp932[9849] = string.char(0xE4,0xBF,0x90,0xC2,0x82,0xCC,0x8C,0x8B,0x8F,0xBB)
xi.synth_result_id_to_name_cp932[9850] = string.char(0x8D,0x67,0x9E,0xD6,0x82,0xCC,0x8C,0x8B,0x8F,0xBB)
xi.synth_result_id_to_name_cp932[9851] = string.char(0x9E,0xEB,0x9F,0x53,0x82,0xCC,0x8C,0x8B,0x8F,0xBB)
xi.synth_result_id_to_name_cp932[9852] = string.char(0x8B,0xE0,0x8D,0x84,0x82,0xCC,0x8C,0x8B,0x8F,0xBB)
xi.synth_result_id_to_name_cp932[9853] = string.char(0x8D,0x95,0x97,0x6A,0x82,0xCC,0x8C,0x8B,0x8F,0xBB)
xi.synth_result_id_to_name_cp932[9854] = string.char(0x89,0xA9,0x8B,0xCA,0x82,0xCC,0x8C,0x8B,0x8F,0xBB)
xi.synth_result_id_to_name_cp932[9855] = string.char(0x8B,0xE0,0x97,0xCE,0x82,0xCC,0x8C,0x8B,0x8F,0xBB)
xi.synth_result_id_to_name_cp932[9856] = string.char(0x8D,0x45,0x90,0x9D,0x82,0xCC,0x8C,0x8B,0x8F,0xBB)
xi.synth_result_id_to_name_cp932[9857] = string.char(0xE0,0xE6,0xE0,0xDF,0x82,0xCC,0x8C,0x8B,0x8F,0xBB)
xi.synth_result_id_to_name_cp932[9858] = string.char(0x8A,0x44,0x97,0xFA,0x82,0xCC,0x8C,0x8B,0x8F,0xBB)
xi.synth_result_id_to_name_cp932[9859] = string.char(0x8D,0x67,0x92,0x8C,0x82,0xCC,0x8C,0x8B,0x8F,0xBB)
xi.synth_result_id_to_name_cp932[9860] = string.char(0x8B,0xE0,0x8D,0x67,0x82,0xCC,0x8C,0x8B,0x8F,0xBB)
xi.synth_result_id_to_name_cp932[9861] = string.char(0x97,0xDA,0x97,0x9E,0x82,0xCC,0x8C,0x8B,0x8F,0xBB)
xi.synth_result_id_to_name_cp932[9862] = string.char(0xE3,0xC5,0x90,0x89,0x82,0xCC,0x8C,0x8B,0x8F,0xBB)
xi.synth_result_id_to_name_cp932[9863] = string.char(0xE0,0xF3,0xE0,0xED,0x82,0xCC,0x8C,0x8B,0x8F,0xBB)
xi.synth_result_id_to_name_cp932[9864] = string.char(0x93,0xFA,0x92,0xB7,0x82,0xCC,0x8C,0x8B,0x8F,0xBB)
xi.synth_result_id_to_name_cp932[9865] = string.char(0x8C,0x8E,0x92,0xB7,0x82,0xCC,0x8C,0x8B,0x8F,0xBB)
xi.synth_result_id_to_name_cp932[9866] = string.char(0x90,0x89,0x8B,0xCA,0x82,0xCC,0x8C,0x8B,0x8F,0xBB)
xi.synth_result_id_to_name_cp932[9867] = string.char(0x97,0xD3,0x8A,0x44,0x82,0xCC,0x8C,0x8B,0x8F,0xBB)
xi.synth_result_id_to_name_cp932[9868] = string.char(0x8B,0x80,0x82,0xBF,0x82,0xBD,0x8D,0x41,0x97,0xD6)
xi.synth_result_id_to_name_cp932[9869] = string.char(0x8B,0x80,0x82,0xBF,0x82,0xBD,0x83,0x58,0x83,0x67,0x81,0x5B,0x83,0x8B)
xi.synth_result_id_to_name_cp932[9870] = string.char(0x8B,0x80,0x82,0xBF,0x82,0xBD,0x90,0x94,0x8E,0xEC)
xi.synth_result_id_to_name_cp932[9871] = string.char(0x8B,0x80,0x82,0xBF,0x82,0xBD,0x83,0x53,0x83,0x8B,0x83,0x51,0x83,0x62,0x83,0x67)
xi.synth_result_id_to_name_cp932[9872] = string.char(0x8B,0x80,0x82,0xBF,0x82,0xBD,0x83,0x67,0x83,0x8B,0x83,0x4E)
xi.synth_result_id_to_name_cp932[9873] = string.char(0x8B,0x80,0x82,0xBF,0x82,0xBD,0x8E,0xF1,0x97,0xD6)
xi.synth_result_id_to_name_cp932[9874] = string.char(0x8B,0x80,0x82,0xBF,0x82,0xBD,0x83,0x60,0x83,0x83,0x81,0x5B,0x83,0x80)
xi.synth_result_id_to_name_cp932[9880] = string.char(0x82,0x73,0x81,0x44,0x83,0x58,0x83,0x76,0x83,0x8A,0x83,0x93,0x83,0x4F,0x56)
xi.synth_result_id_to_name_cp932[9882] = string.char(0x83,0x67,0x83,0x89,0x83,0x93,0x83,0x4C,0x83,0x89,0x83,0x43,0x83,0x55,0x81,0x5B,0x49,0x56)
xi.synth_result_id_to_name_cp932[9885] = string.char(0x83,0x7D,0x83,0x4F,0x83,0x6A,0x83,0x76,0x83,0x89,0x83,0x62,0x83,0x4F)
xi.synth_result_id_to_name_cp932[9886] = string.char(0x83,0x7D,0x83,0x4F,0x83,0x6A,0x83,0x76,0x83,0x89,0x83,0x62,0x83,0x4F,0x49,0x49)
xi.synth_result_id_to_name_cp932[9887] = string.char(0x83,0x41,0x83,0x8B,0x83,0x4A,0x83,0x6D,0x83,0x4E,0x83,0x89,0x83,0x62,0x83,0x60)
xi.synth_result_id_to_name_cp932[9888] = string.char(0x83,0x41,0x83,0x8B,0x83,0x4A,0x83,0x6D,0x83,0x4E,0x83,0x89,0x83,0x62,0x83,0x60,0x49,0x49)
xi.synth_result_id_to_name_cp932[9889] = string.char(0x83,0x67,0x83,0x44,0x83,0x8B,0x81,0x5B,0x83,0x54,0x83,0x43,0x83,0x63)
xi.synth_result_id_to_name_cp932[10240] = string.char(0x89,0x85,0x82,0xDC,0x82,0xEA,0x82,0xBD,0x8B,0xB9,0x8D,0x62)
xi.synth_result_id_to_name_cp932[10241] = string.char(0x89,0x85,0x82,0xDC,0x82,0xEA,0x82,0xBD,0x93,0xB7,0x8A,0xDB)
xi.synth_result_id_to_name_cp932[10242] = string.char(0x89,0x85,0x82,0xDC,0x82,0xEA,0x82,0xBD,0x8A,0x76,0x8A,0x5A)
xi.synth_result_id_to_name_cp932[10243] = string.char(0x89,0x85,0x82,0xDC,0x82,0xEA,0x82,0xBD,0x8D,0xEC,0x96,0xB1,0x88,0xDF)
xi.synth_result_id_to_name_cp932[10244] = string.char(0x89,0x85,0x82,0xDC,0x82,0xEA,0x82,0xBD,0x8A,0x4F,0x88,0xDF)
xi.synth_result_id_to_name_cp932[10245] = string.char(0x91,0x9E,0x82,0xDC,0x82,0xEA,0x82,0xBD,0x8B,0xB9,0x8D,0x62)
xi.synth_result_id_to_name_cp932[10246] = string.char(0x91,0x9E,0x82,0xDC,0x82,0xEA,0x82,0xBD,0x93,0xB7,0x8A,0xDB)
xi.synth_result_id_to_name_cp932[10247] = string.char(0x91,0x9E,0x82,0xDC,0x82,0xEA,0x82,0xBD,0x8A,0x76,0x8A,0x5A)
xi.synth_result_id_to_name_cp932[10248] = string.char(0x91,0x9E,0x82,0xDC,0x82,0xEA,0x82,0xBD,0x8D,0xEC,0x96,0xB1,0x88,0xDF)
xi.synth_result_id_to_name_cp932[10249] = string.char(0x91,0x9E,0x82,0xDC,0x82,0xEA,0x82,0xBD,0x8A,0x4F,0x88,0xDF)
xi.synth_result_id_to_name_cp932[10272] = string.char(0x83,0x66,0x83,0x85,0x83,0x4E,0x83,0x58,0x83,0x58,0x83,0x50,0x83,0x43,0x83,0x8B)
xi.synth_result_id_to_name_cp932[10274] = string.char(0x83,0x50,0x83,0x8D,0x83,0x69,0x83,0x75,0x83,0x8C,0x83,0x55)
xi.synth_result_id_to_name_cp932[10303] = string.char(0x89,0x85,0x82,0xDC,0x82,0xEA,0x82,0xBD,0x98,0x55,0x8E,0xE8)
xi.synth_result_id_to_name_cp932[10304] = string.char(0x89,0x85,0x82,0xDC,0x82,0xEA,0x82,0xBD,0x8E,0xC2,0x98,0x55,0x8E,0xE8)
xi.synth_result_id_to_name_cp932[10305] = string.char(0x89,0x85,0x82,0xDC,0x82,0xEA,0x82,0xBD,0x8E,0xE8,0x8D,0x62)
xi.synth_result_id_to_name_cp932[10306] = string.char(0x89,0x85,0x82,0xDC,0x82,0xEA,0x82,0xBD,0x91,0xB3,0x8F,0xFC,0x82,0xE8)
xi.synth_result_id_to_name_cp932[10307] = string.char(0x89,0x85,0x82,0xDC,0x82,0xEA,0x82,0xBD,0x8E,0xE8,0x91,0xDC)
xi.synth_result_id_to_name_cp932[10308] = string.char(0x91,0x9E,0x82,0xDC,0x82,0xEA,0x82,0xBD,0x98,0x55,0x8E,0xE8)
xi.synth_result_id_to_name_cp932[10309] = string.char(0x91,0x9E,0x82,0xDC,0x82,0xEA,0x82,0xBD,0x8E,0xC2,0x98,0x55,0x8E,0xE8)
xi.synth_result_id_to_name_cp932[10310] = string.char(0x91,0x9E,0x82,0xDC,0x82,0xEA,0x82,0xBD,0x8E,0xE8,0x8D,0x62)
xi.synth_result_id_to_name_cp932[10311] = string.char(0x91,0x9E,0x82,0xDC,0x82,0xEA,0x82,0xBD,0x91,0xB3,0x8F,0xFC,0x82,0xE8)
xi.synth_result_id_to_name_cp932[10312] = string.char(0x91,0x9E,0x82,0xDC,0x82,0xEA,0x82,0xBD,0x8E,0xE8,0x91,0xDC)
xi.synth_result_id_to_name_cp932[10316] = string.char(0x83,0x66,0x83,0x85,0x83,0x4E,0x83,0x58,0x83,0x74,0x83,0x42,0x83,0x93,0x83,0x4B,0x81,0x5B)
xi.synth_result_id_to_name_cp932[10318] = string.char(0x83,0x50,0x83,0x8D,0x83,0x69,0x83,0x4F,0x83,0x8D,0x81,0x5B,0x83,0x75)
xi.synth_result_id_to_name_cp932[10346] = string.char(0x83,0x66,0x83,0x85,0x83,0x4E,0x83,0x58,0x83,0x4E,0x83,0x45,0x83,0x42,0x83,0x58)
xi.synth_result_id_to_name_cp932[10348] = string.char(0x83,0x50,0x83,0x8D,0x83,0x69,0x83,0x70,0x83,0x93,0x83,0x63)
xi.synth_result_id_to_name_cp932[10353] = string.char(0x89,0x85,0x82,0xDC,0x82,0xEA,0x82,0xBD,0x93,0x53,0x8C,0x43)
xi.synth_result_id_to_name_cp932[10354] = string.char(0x89,0x85,0x82,0xDC,0x82,0xEA,0x82,0xBD,0x8E,0xC2,0xE3,0xF8,0x93,0x96)
xi.synth_result_id_to_name_cp932[10355] = string.char(0x89,0x85,0x82,0xDC,0x82,0xEA,0x82,0xBD,0x91,0xAB,0x8D,0x62)
xi.synth_result_id_to_name_cp932[10356] = string.char(0x89,0x85,0x82,0xDC,0x82,0xEA,0x82,0xBD,0x8D,0x62,0x8C,0x9C)
xi.synth_result_id_to_name_cp932[10357] = string.char(0x89,0x85,0x82,0xDC,0x82,0xEA,0x82,0xBD,0x8C,0x43)
xi.synth_result_id_to_name_cp932[10358] = string.char(0x91,0x9E,0x82,0xDC,0x82,0xEA,0x82,0xBD,0x93,0x53,0x8C,0x43)
xi.synth_result_id_to_name_cp932[10359] = string.char(0x91,0x9E,0x82,0xDC,0x82,0xEA,0x82,0xBD,0x8E,0xC2,0xE3,0xF8,0x93,0x96)
xi.synth_result_id_to_name_cp932[10360] = string.char(0x91,0x9E,0x82,0xDC,0x82,0xEA,0x82,0xBD,0x91,0xAB,0x8D,0x62)
xi.synth_result_id_to_name_cp932[10361] = string.char(0x91,0x9E,0x82,0xDC,0x82,0xEA,0x82,0xBD,0x8D,0x62,0x8C,0x9C)
xi.synth_result_id_to_name_cp932[10362] = string.char(0x91,0x9E,0x82,0xDC,0x82,0xEA,0x82,0xBD,0x8C,0x43)
xi.synth_result_id_to_name_cp932[10363] = string.char(0x83,0x66,0x83,0x85,0x83,0x4E,0x83,0x58,0x83,0x4F,0x83,0x8A,0x81,0x5B,0x83,0x94)
xi.synth_result_id_to_name_cp932[10365] = string.char(0x83,0x50,0x83,0x8D,0x83,0x69,0x83,0x75,0x81,0x5B,0x83,0x63)
xi.synth_result_id_to_name_cp932[10392] = string.char(0x83,0x7D,0x83,0x8A,0x83,0x5C,0x83,0x93,0x83,0x81,0x83,0x5F,0x83,0x8B)
xi.synth_result_id_to_name_cp932[10410] = string.char(0x83,0x45,0x83,0x53,0x83,0x8B,0x83,0x54,0x83,0x89,0x83,0x68)
xi.synth_result_id_to_name_cp932[10412] = string.char(0x83,0x45,0x83,0x8B,0x83,0x57,0x83,0x83,0x83,0x77,0x83,0x8B,0x83,0x80)
xi.synth_result_id_to_name_cp932[10414] = string.char(0x83,0x58,0x83,0x7C,0x83,0x8A,0x83,0x41,0x83,0x56,0x83,0x83,0x83,0x7C,0x81,0x5B)
xi.synth_result_id_to_name_cp932[10419] = string.char(0x89,0x85,0x82,0xDC,0x82,0xEA,0x82,0xBD,0x8A,0xA5)
xi.synth_result_id_to_name_cp932[10420] = string.char(0x89,0x85,0x82,0xDC,0x82,0xEA,0x82,0xBD,0x91,0x8D,0x96,0xCA)
xi.synth_result_id_to_name_cp932[10421] = string.char(0x89,0x85,0x82,0xDC,0x82,0xEA,0x82,0xBD,0x93,0xAA,0x88,0xDF)
xi.synth_result_id_to_name_cp932[10422] = string.char(0x89,0x85,0x82,0xDC,0x82,0xEA,0x82,0xBD,0x93,0xAA,0x8B,0xD0)
xi.synth_result_id_to_name_cp932[10423] = string.char(0x89,0x85,0x82,0xDC,0x82,0xEA,0x82,0xBD,0x96,0x58,0x8E,0x71)
xi.synth_result_id_to_name_cp932[10424] = string.char(0x91,0x9E,0x82,0xDC,0x82,0xEA,0x82,0xBD,0x8A,0xA5)
xi.synth_result_id_to_name_cp932[10425] = string.char(0x91,0x9E,0x82,0xDC,0x82,0xEA,0x82,0xBD,0x91,0x8D,0x96,0xCA)
xi.synth_result_id_to_name_cp932[10426] = string.char(0x91,0x9E,0x82,0xDC,0x82,0xEA,0x82,0xBD,0x93,0xAA,0x88,0xDF)
xi.synth_result_id_to_name_cp932[10427] = string.char(0x91,0x9E,0x82,0xDC,0x82,0xEA,0x82,0xBD,0x93,0xAA,0x8B,0xD0)
xi.synth_result_id_to_name_cp932[10428] = string.char(0x91,0x9E,0x82,0xDC,0x82,0xEA,0x82,0xBD,0x96,0x58,0x8E,0x71)
xi.synth_result_id_to_name_cp932[10434] = string.char(0x83,0x66,0x83,0x85,0x83,0x4E,0x83,0x58,0x83,0x6F,0x83,0x43,0x83,0x55,0x81,0x5B)
xi.synth_result_id_to_name_cp932[10436] = string.char(0x83,0x50,0x83,0x8D,0x83,0x69,0x83,0x6E,0x83,0x62,0x83,0x67)
xi.synth_result_id_to_name_cp932[10494] = string.char(0x83,0x45,0x83,0x53,0x83,0x8B,0x83,0x49,0x81,0x5B,0x83,0x78,0x81,0x5B,0x83,0x8B)
xi.synth_result_id_to_name_cp932[10496] = string.char(0x83,0x45,0x83,0x8B,0x83,0x57,0x83,0x83,0x83,0x57,0x83,0x83,0x81,0x5B,0x83,0x4C,0x83,0x93)
xi.synth_result_id_to_name_cp932[10498] = string.char(0x83,0x58,0x83,0x7C,0x83,0x8A,0x83,0x41,0x83,0x54,0x83,0x43,0x83,0x49)
xi.synth_result_id_to_name_cp932[10544] = string.char(0x83,0x45,0x83,0x53,0x83,0x8B,0x83,0x80,0x83,0x74,0x83,0x8B)
xi.synth_result_id_to_name_cp932[10546] = string.char(0x83,0x45,0x83,0x8B,0x83,0x57,0x83,0x83,0x83,0x4F,0x83,0x8D,0x81,0x5B,0x83,0x75)
xi.synth_result_id_to_name_cp932[10548] = string.char(0x83,0x58,0x83,0x7C,0x83,0x8A,0x83,0x41,0x83,0x4A,0x83,0x74,0x83,0x58)
xi.synth_result_id_to_name_cp932[10575] = string.char(0x83,0x45,0x83,0x53,0x83,0x8B,0x83,0x75,0x83,0x8C,0x83,0x47,0x83,0x62,0x83,0x67)
xi.synth_result_id_to_name_cp932[10577] = string.char(0x83,0x45,0x83,0x8B,0x83,0x57,0x83,0x83,0x83,0x67,0x83,0x89,0x83,0x45,0x83,0x55)
xi.synth_result_id_to_name_cp932[10579] = string.char(0x83,0x58,0x83,0x7C,0x83,0x8A,0x83,0x41,0x83,0x67,0x83,0x8B,0x81,0x5B,0x83,0x59)
xi.synth_result_id_to_name_cp932[10583] = string.char(0x89,0x85,0x82,0xDC,0x82,0xEA,0x82,0xBD,0x8C,0xD2,0x93,0x96)
xi.synth_result_id_to_name_cp932[10584] = string.char(0x89,0x85,0x82,0xDC,0x82,0xEA,0x82,0xBD,0x93,0x9B,0x8C,0xD1)
xi.synth_result_id_to_name_cp932[10585] = string.char(0x89,0x85,0x82,0xDC,0x82,0xEA,0x82,0xBD,0x8D,0x98,0x88,0xDF)
xi.synth_result_id_to_name_cp932[10586] = string.char(0x89,0x85,0x82,0xDC,0x82,0xEA,0x82,0xBD,0xE5,0xE3,0x8E,0x71)
xi.synth_result_id_to_name_cp932[10587] = string.char(0x89,0x85,0x82,0xDC,0x82,0xEA,0x82,0xBD,0x89,0xBA,0x88,0xDF)
xi.synth_result_id_to_name_cp932[10588] = string.char(0x91,0x9E,0x82,0xDC,0x82,0xEA,0x82,0xBD,0x8C,0xD2,0x93,0x96)
xi.synth_result_id_to_name_cp932[10589] = string.char(0x91,0x9E,0x82,0xDC,0x82,0xEA,0x82,0xBD,0x93,0x9B,0x8C,0xD1)
xi.synth_result_id_to_name_cp932[10590] = string.char(0x91,0x9E,0x82,0xDC,0x82,0xEA,0x82,0xBD,0x8D,0x98,0x88,0xDF)
xi.synth_result_id_to_name_cp932[10591] = string.char(0x91,0x9E,0x82,0xDC,0x82,0xEA,0x82,0xBD,0xE5,0xE3,0x8E,0x71)
xi.synth_result_id_to_name_cp932[10592] = string.char(0x91,0x9E,0x82,0xDC,0x82,0xEA,0x82,0xBD,0x89,0xBA,0x88,0xDF)
xi.synth_result_id_to_name_cp932[10641] = string.char(0x83,0x45,0x83,0x53,0x83,0x8B,0x83,0x5C,0x83,0x8B,0x83,0x8C)
xi.synth_result_id_to_name_cp932[10643] = string.char(0x83,0x45,0x83,0x8B,0x83,0x57,0x83,0x83,0x83,0x8C,0x83,0x66,0x83,0x8B,0x83,0x5A,0x83,0x93)
xi.synth_result_id_to_name_cp932[10645] = string.char(0x83,0x58,0x83,0x7C,0x83,0x8A,0x83,0x41,0x83,0x73,0x83,0x4B,0x83,0x62,0x83,0x56,0x83,0x85)
xi.synth_result_id_to_name_cp932[10647] = string.char(0x83,0x41,0x83,0x8C,0x83,0x43,0x83,0x49,0x83,0x93,0x83,0x75,0x81,0x5B,0x83,0x63)
xi.synth_result_id_to_name_cp932[10790] = string.char(0x83,0x47,0x83,0x74,0x83,0x46,0x83,0x68,0x83,0x89,0x83,0x8A,0x83,0x93,0x83,0x4F)
xi.synth_result_id_to_name_cp932[10792] = string.char(0x83,0x54,0x83,0x43,0x83,0x5F,0x83,0x8A,0x83,0x93,0x83,0x4F)
xi.synth_result_id_to_name_cp932[10794] = string.char(0x83,0x75,0x83,0x8C,0x83,0x93,0x83,0x82,0x83,0x68,0x83,0x8A,0x83,0x93,0x83,0x4F)
xi.synth_result_id_to_name_cp932[10836] = string.char(0x83,0x74,0x83,0x48,0x83,0x58,0x83,0x78,0x83,0x8B,0x83,0x67)
xi.synth_result_id_to_name_cp932[10875] = string.char(0x83,0x58,0x83,0x6D,0x81,0x5B,0x83,0x7D,0x83,0x93,0x83,0x4C,0x83,0x83,0x83,0x62,0x83,0x76)
xi.synth_result_id_to_name_cp932[10961] = string.char(0x83,0x89,0x83,0x6F,0x83,0x8A,0x83,0x47,0x81,0x5B,0x83,0x8B)
xi.synth_result_id_to_name_cp932[10963] = string.char(0x83,0x47,0x83,0x41,0x83,0x7E,0x83,0x68,0x83,0x53,0x83,0x8B,0x83,0x51,0x83,0x62,0x83,0x67)
xi.synth_result_id_to_name_cp932[10996] = string.char(0x83,0x65,0x83,0x58,0x83,0x65,0x83,0x85,0x83,0x68,0x83,0x7D,0x83,0x93,0x83,0x67)
xi.synth_result_id_to_name_cp932[10998] = string.char(0x83,0x41,0x83,0x5E,0x83,0x62,0x83,0x4A,0x81,0x5B,0x83,0x7D,0x83,0x93,0x83,0x67)
xi.synth_result_id_to_name_cp932[11000] = string.char(0x83,0x58,0x83,0x43,0x83,0x58,0x83,0x50,0x81,0x5B,0x83,0x76)
xi.synth_result_id_to_name_cp932[11002] = string.char(0x83,0x68,0x83,0x89,0x83,0x53,0x83,0x93,0x82,0x60,0x83,0x5E,0x83,0x93,0x83,0x4E)
xi.synth_result_id_to_name_cp932[11056] = string.char(0x83,0x4D,0x83,0x8A,0x81,0x5B,0x83,0x73,0x83,0x41,0x83,0x58)
xi.synth_result_id_to_name_cp932[11058] = string.char(0x83,0x6E,0x83,0x43,0x83,0x68,0x83,0x44,0x83,0x4E,0x83,0x8A,0x83,0x93,0x83,0x4F)
xi.synth_result_id_to_name_cp932[11060] = string.char(0x83,0x43,0x83,0x78,0x83,0x43,0x83,0x5F,0x81,0x5B,0x83,0x73,0x83,0x41,0x83,0x58)
xi.synth_result_id_to_name_cp932[11310] = string.char(0x83,0x41,0x83,0x8B,0x83,0x57,0x83,0x46,0x83,0x93,0x83,0x67,0x83,0x52,0x81,0x5B,0x83,0x67)
xi.synth_result_id_to_name_cp932[11340] = string.char(0x83,0x54,0x83,0x8A,0x83,0x85,0x83,0x5E,0x83,0x8A,0x83,0x8D,0x81,0x5B,0x83,0x75)
xi.synth_result_id_to_name_cp932[11341] = string.char(0x83,0x72,0x83,0x6F,0x83,0x56,0x83,0x65,0x83,0x42,0x83,0x52,0x81,0x5B,0x83,0x67)
xi.synth_result_id_to_name_cp932[11344] = string.char(0x83,0x58,0x83,0x5E,0x81,0x5B,0x83,0x93,0x83,0x6F,0x81,0x5B,0x83,0x6A,0x81,0x5B)
xi.synth_result_id_to_name_cp932[11345] = string.char(0x83,0x41,0x83,0x89,0x83,0x50,0x83,0x8B,0x83,0x41,0x83,0x4E,0x83,0x67,0x83,0x93)
xi.synth_result_id_to_name_cp932[11346] = string.char(0x83,0x78,0x83,0x89,0x83,0x57,0x83,0x85,0x83,0x58,0x83,0x67,0x83,0x52,0x83,0x8B)
xi.synth_result_id_to_name_cp932[11347] = string.char(0x83,0x81,0x83,0x6C,0x83,0x67,0x83,0x8A,0x83,0x47,0x83,0x41,0x83,0x8B,0x83,0x75)
xi.synth_result_id_to_name_cp932[11370] = string.char(0x8F,0x79,0x8C,0x9D,0x8E,0x6D,0xE3,0xF8,0x8B,0xD0)
xi.synth_result_id_to_name_cp932[11372] = string.char(0x8F,0x79,0x98,0x42,0x8E,0x6D,0xE3,0xF8,0x8B,0xD0)
xi.synth_result_id_to_name_cp932[11374] = string.char(0x8F,0x79,0x94,0xCD,0x8E,0x6D,0xE3,0xF8,0x8B,0xD0)
xi.synth_result_id_to_name_cp932[11379] = string.char(0x83,0x47,0x83,0x8B,0x83,0x81,0x83,0x58,0x83,0x54,0x83,0x93,0x83,0x5F,0x83,0x8B)
xi.synth_result_id_to_name_cp932[11407] = string.char(0x83,0x81,0x83,0x67,0x83,0x8B,0x83,0x8C,0x83,0x4D,0x83,0x93,0x83,0x58)
xi.synth_result_id_to_name_cp932[11495] = string.char(0x83,0x57,0x81,0x5B,0x83,0x8B,0x83,0x4C,0x83,0x83,0x83,0x62,0x83,0x76)
xi.synth_result_id_to_name_cp932[11530] = string.char(0x83,0x47,0x83,0x4F,0x83,0x55,0x83,0x4E,0x83,0x67,0x83,0x7D,0x83,0x93,0x83,0x67)
xi.synth_result_id_to_name_cp932[11532] = string.char(0x83,0x41,0x83,0x4C,0x83,0x85,0x83,0x89,0x83,0x50,0x81,0x5B,0x83,0x76)
xi.synth_result_id_to_name_cp932[11535] = string.char(0x83,0x74,0x83,0x40,0x83,0x45,0x83,0x89,0x81,0x5B,0x83,0x7D,0x83,0x93,0x83,0x67)
xi.synth_result_id_to_name_cp932[11537] = string.char(0x83,0x4C,0x83,0x6C,0x83,0x56,0x83,0x58,0x83,0x7D,0x83,0x93,0x83,0x67)
xi.synth_result_id_to_name_cp932[11664] = string.char(0x83,0x74,0x83,0x8A,0x83,0x4D,0x83,0x41,0x83,0x8A,0x83,0x93,0x83,0x4F)
xi.synth_result_id_to_name_cp932[11725] = string.char(0x83,0x74,0x83,0x8A,0x83,0x4D,0x83,0x41,0x83,0x73,0x83,0x41,0x83,0x58)
xi.synth_result_id_to_name_cp932[12117] = string.char(0x83,0x47,0x83,0x7B,0x83,0x93,0x83,0x41,0x81,0x5B,0x83,0x81,0x83,0x62,0x83,0x67)
xi.synth_result_id_to_name_cp932[12120] = string.char(0x83,0x47,0x83,0x7B,0x83,0x93,0x83,0x7D,0x83,0x58,0x83,0x4E)
xi.synth_result_id_to_name_cp932[12141] = string.char(0x83,0x47,0x83,0x7B,0x83,0x93,0x83,0x78,0x83,0x8C,0x81,0x5B)
xi.synth_result_id_to_name_cp932[12153] = string.char(0x83,0x47,0x83,0x7B,0x83,0x93,0x83,0x75,0x83,0x8C,0x83,0x58,0x83,0x67)
xi.synth_result_id_to_name_cp932[12156] = string.char(0x83,0x47,0x83,0x7B,0x83,0x93,0x83,0x6E,0x81,0x5B,0x83,0x6C,0x83,0x58)
xi.synth_result_id_to_name_cp932[12177] = string.char(0x83,0x47,0x83,0x7B,0x83,0x93,0x83,0x74,0x83,0x8D,0x83,0x62,0x83,0x4E)
xi.synth_result_id_to_name_cp932[12189] = string.char(0x83,0x47,0x83,0x7B,0x83,0x93,0x83,0x4B,0x83,0x93,0x83,0x67,0x83,0x8C)
xi.synth_result_id_to_name_cp932[12192] = string.char(0x83,0x47,0x83,0x7B,0x83,0x93,0x83,0x4F,0x83,0x8D,0x81,0x5B,0x83,0x75)
xi.synth_result_id_to_name_cp932[12213] = string.char(0x83,0x47,0x83,0x7B,0x83,0x93,0x83,0x7E,0x83,0x67,0x83,0x93)
xi.synth_result_id_to_name_cp932[12225] = string.char(0x83,0x47,0x83,0x7B,0x83,0x93,0x83,0x7A,0x81,0x5B,0x83,0x59)
xi.synth_result_id_to_name_cp932[12228] = string.char(0x83,0x47,0x83,0x7B,0x83,0x93,0x83,0x75,0x83,0x8C,0x81,0x5B)
xi.synth_result_id_to_name_cp932[12249] = string.char(0x83,0x47,0x83,0x7B,0x83,0x93,0x83,0x58,0x83,0x8D,0x83,0x62,0x83,0x76,0x83,0x58)
xi.synth_result_id_to_name_cp932[12261] = string.char(0x83,0x47,0x83,0x7B,0x83,0x93,0x83,0x8C,0x83,0x4D,0x83,0x93,0x83,0x58)
xi.synth_result_id_to_name_cp932[12264] = string.char(0x83,0x47,0x83,0x7B,0x83,0x93,0x83,0x75,0x81,0x5B,0x83,0x63)
xi.synth_result_id_to_name_cp932[12285] = string.char(0x83,0x47,0x83,0x7B,0x83,0x93,0x83,0x4E,0x83,0x8D,0x83,0x62,0x83,0x4F)
xi.synth_result_id_to_name_cp932[12289] = string.char(0x83,0x89,0x83,0x8F,0x83,0x93,0x83,0x56,0x81,0x5B,0x83,0x8B,0x83,0x68)
xi.synth_result_id_to_name_cp932[12290] = string.char(0x83,0x81,0x81,0x5B,0x83,0x76,0x83,0x8B,0x83,0x56,0x81,0x5B,0x83,0x8B,0x83,0x68)
xi.synth_result_id_to_name_cp932[12291] = string.char(0x83,0x47,0x83,0x8B,0x83,0x80,0x83,0x56,0x81,0x5B,0x83,0x8B,0x83,0x68)
xi.synth_result_id_to_name_cp932[12292] = string.char(0x83,0x7D,0x83,0x7A,0x83,0x4B,0x83,0x6A,0x81,0x5B,0x83,0x56,0x81,0x5B,0x83,0x8B,0x83,0x68)
xi.synth_result_id_to_name_cp932[12293] = string.char(0x83,0x49,0x81,0x5B,0x83,0x4E,0x83,0x56,0x81,0x5B,0x83,0x8B,0x83,0x68)
xi.synth_result_id_to_name_cp932[12294] = string.char(0x8A,0x76,0x82,0xCC,0x8F,0x82)
xi.synth_result_id_to_name_cp932[12295] = string.char(0x83,0x89,0x83,0x45,0x83,0x93,0x83,0x68,0x83,0x56,0x81,0x5B,0x83,0x8B,0x83,0x68)
xi.synth_result_id_to_name_cp932[12299] = string.char(0x83,0x41,0x83,0x58,0x83,0x73,0x83,0x58)
xi.synth_result_id_to_name_cp932[12300] = string.char(0x83,0x5E,0x81,0x5B,0x83,0x57,0x83,0x46)
xi.synth_result_id_to_name_cp932[12301] = string.char(0x83,0x6F,0x83,0x62,0x83,0x4E,0x83,0x89,0x81,0x5B)
xi.synth_result_id_to_name_cp932[12302] = string.char(0x83,0x5F,0x81,0x5B,0x83,0x4E,0x83,0x6F,0x83,0x62,0x83,0x4E,0x83,0x89,0x81,0x5B)
xi.synth_result_id_to_name_cp932[12303] = string.char(0x83,0x53,0x81,0x5B,0x83,0x8B,0x83,0x68,0x83,0x6F,0x83,0x62,0x83,0x4E,0x83,0x89,0x81,0x5B)
xi.synth_result_id_to_name_cp932[12305] = string.char(0x83,0x41,0x83,0x43,0x83,0x58,0x83,0x56,0x81,0x5B,0x83,0x8B,0x83,0x68)
xi.synth_result_id_to_name_cp932[12306] = string.char(0x83,0x4A,0x83,0x43,0x83,0x67,0x83,0x56,0x81,0x5B,0x83,0x8B,0x83,0x68)
xi.synth_result_id_to_name_cp932[12307] = string.char(0x83,0x71,0x81,0x5B,0x83,0x5E,0x81,0x5B,0x83,0x56,0x81,0x5B,0x83,0x8B,0x83,0x68)
xi.synth_result_id_to_name_cp932[12308] = string.char(0x83,0x5F,0x81,0x5B,0x83,0x4E,0x83,0x56,0x81,0x5B,0x83,0x8B,0x83,0x68)
xi.synth_result_id_to_name_cp932[12309] = string.char(0x83,0x8A,0x83,0x62,0x83,0x5E,0x81,0x5B,0x83,0x56,0x83,0x8B,0x83,0x67)
xi.synth_result_id_to_name_cp932[12310] = string.char(0x83,0x5F,0x83,0x43,0x83,0x41,0x83,0x56,0x81,0x5B,0x83,0x8B,0x83,0x68)
xi.synth_result_id_to_name_cp932[12311] = string.char(0x83,0x7A,0x83,0x76,0x83,0x8D,0x83,0x93)
xi.synth_result_id_to_name_cp932[12312] = string.char(0x89,0xA4,0x97,0xA7,0x8B,0x52,0x8E,0x6D,0x92,0x63,0x90,0xA7,0x8E,0xAE,0x8F,0x82)
xi.synth_result_id_to_name_cp932[12313] = string.char(0x90,0x5F,0x93,0x61,0x8B,0x52,0x8E,0x6D,0x92,0x63,0x90,0xA7,0x8E,0xAE,0x8F,0x82)
xi.synth_result_id_to_name_cp932[12323] = string.char(0x83,0x58,0x83,0x4E,0x83,0x67,0x83,0x44,0x83,0x80)
xi.synth_result_id_to_name_cp932[12324] = string.char(0x83,0x5E,0x83,0x8F,0x81,0x5B,0x83,0x56,0x81,0x5B,0x83,0x8B,0x83,0x68)
xi.synth_result_id_to_name_cp932[12336] = string.char(0x89,0xA4,0x8D,0x91,0x8F,0x5D,0x8E,0x6D,0x90,0xA7,0x8E,0xAE,0x8F,0x82)
xi.synth_result_id_to_name_cp932[12337] = string.char(0x8F,0x5C,0x90,0x6C,0x91,0xE0,0x92,0xB7,0x90,0xA7,0x8E,0xAE,0x8F,0x82)
xi.synth_result_id_to_name_cp932[12343] = string.char(0x83,0x74,0x83,0x46,0x83,0x41,0x83,0x8A,0x81,0x5B,0x83,0x56,0x81,0x5B,0x83,0x8B,0x83,0x68)
xi.synth_result_id_to_name_cp932[12359] = string.char(0x83,0x71,0x83,0x62,0x83,0x52,0x83,0x8A,0x81,0x5B,0x83,0x56,0x81,0x5B,0x83,0x8B,0x83,0x68)
xi.synth_result_id_to_name_cp932[12364] = string.char(0x83,0x6A,0x83,0x93,0x83,0x74,0x83,0x56,0x81,0x5B,0x83,0x8B,0x83,0x68)
xi.synth_result_id_to_name_cp932[12366] = string.char(0x89,0xA4,0x8D,0x91,0x8F,0x5D,0x8E,0x6D,0x8F,0x82,0x2B,0x31)
xi.synth_result_id_to_name_cp932[12368] = string.char(0x89,0xA4,0x97,0xA7,0x8B,0x52,0x8E,0x6D,0x92,0x63,0x8F,0x82,0x2B,0x31)
xi.synth_result_id_to_name_cp932[12372] = string.char(0x8F,0x5C,0x90,0x6C,0x91,0xE0,0x92,0xB7,0x8F,0x82,0x2B,0x31)
xi.synth_result_id_to_name_cp932[12376] = string.char(0x90,0x5F,0x93,0x61,0x8B,0x52,0x8E,0x6D,0x92,0x63,0x8F,0x82,0x2B,0x31)
xi.synth_result_id_to_name_cp932[12378] = string.char(0x83,0x6E,0x81,0x5B,0x83,0x68,0x83,0x56,0x81,0x5B,0x83,0x8B,0x83,0x68)
xi.synth_result_id_to_name_cp932[12379] = string.char(0x83,0x7A,0x81,0x5B,0x83,0x8A,0x81,0x5B,0x83,0x56,0x81,0x5B,0x83,0x8B,0x83,0x68)
xi.synth_result_id_to_name_cp932[12383] = string.char(0x83,0x57,0x83,0x46,0x83,0x6C,0x83,0x89,0x83,0x8B,0x83,0x56,0x81,0x5B,0x83,0x8B,0x83,0x68)
xi.synth_result_id_to_name_cp932[12385] = string.char(0x83,0x41,0x83,0x50,0x83,0x8D,0x83,0x93,0x83,0x56,0x81,0x5B,0x83,0x8B,0x83,0x68)
xi.synth_result_id_to_name_cp932[12387] = string.char(0x83,0x50,0x81,0x5B,0x83,0x6A,0x83,0x71,0x83,0x56,0x81,0x5B,0x83,0x8B,0x83,0x68)
xi.synth_result_id_to_name_cp932[12406] = string.char(0x83,0x52,0x81,0x5B,0x83,0x65,0x83,0x62,0x83,0x68,0x83,0x56,0x81,0x5B,0x83,0x8B,0x83,0x68)
xi.synth_result_id_to_name_cp932[12409] = string.char(0x83,0x6B,0x83,0x7E,0x83,0x69,0x83,0x58,0x83,0x56,0x81,0x5B,0x83,0x8B,0x83,0x68)
xi.synth_result_id_to_name_cp932[12411] = string.char(0x83,0x68,0x83,0x7E,0x83,0x69,0x83,0x58,0x83,0x56,0x81,0x5B,0x83,0x8B,0x83,0x68)
xi.synth_result_id_to_name_cp932[12414] = string.char(0x83,0x5E,0x81,0x5B,0x83,0x67,0x83,0x8B,0x83,0x56,0x81,0x5B,0x83,0x8B,0x83,0x68)
xi.synth_result_id_to_name_cp932[12416] = string.char(0x83,0x54,0x83,0x8A,0x83,0x62,0x83,0x67)
xi.synth_result_id_to_name_cp932[12417] = string.char(0x83,0x7E,0x83,0x58,0x83,0x8A,0x83,0x8B,0x83,0x54,0x83,0x8A,0x83,0x62,0x83,0x67)
xi.synth_result_id_to_name_cp932[12418] = string.char(0x83,0x53,0x81,0x5B,0x83,0x8B,0x83,0x68,0x83,0x41,0x81,0x5B,0x83,0x81,0x83,0x62,0x83,0x67)
xi.synth_result_id_to_name_cp932[12419] = string.char(0x83,0x5F,0x81,0x5B,0x83,0x4E,0x83,0x41,0x81,0x5B,0x83,0x81,0x83,0x62,0x83,0x67)
xi.synth_result_id_to_name_cp932[12420] = string.char(0x83,0x41,0x83,0x5F,0x83,0x7D,0x83,0x93,0x83,0x6F,0x83,0x8B,0x83,0x75,0x81,0x5B,0x83,0x5E)
xi.synth_result_id_to_name_cp932[12422] = string.char(0x8D,0x7C,0x93,0x53,0x8F,0x65,0x8E,0x6D,0x91,0xE0,0x90,0xA7,0x8E,0xAE,0x99,0x68)
xi.synth_result_id_to_name_cp932[12424] = string.char(0x83,0x41,0x83,0x43,0x83,0x41,0x83,0x93,0x83,0x7D,0x83,0x58,0x83,0x4E)
xi.synth_result_id_to_name_cp932[12425] = string.char(0x83,0x56,0x83,0x8B,0x83,0x6F,0x81,0x5B,0x83,0x7D,0x83,0x58,0x83,0x4E)
xi.synth_result_id_to_name_cp932[12426] = string.char(0x83,0x6F,0x83,0x93,0x83,0x66,0x83,0x62,0x83,0x68,0x83,0x77,0x83,0x8B,0x83,0x80)
xi.synth_result_id_to_name_cp932[12427] = string.char(0x83,0x6F,0x83,0x56,0x83,0x6A,0x83,0x62,0x83,0x67)
xi.synth_result_id_to_name_cp932[12428] = string.char(0x83,0x60,0x83,0x46,0x83,0x89,0x81,0x5B,0x83,0x5E)
xi.synth_result_id_to_name_cp932[12431] = string.char(0x89,0xA4,0x8D,0x91,0x8F,0x5D,0x8E,0x6D,0x90,0xA7,0x8E,0xAE,0x99,0x68)
xi.synth_result_id_to_name_cp932[12432] = string.char(0x83,0x74,0x83,0x46,0x83,0x43,0x83,0x58,0x83,0x4B,0x81,0x5B,0x83,0x68)
xi.synth_result_id_to_name_cp932[12433] = string.char(0x83,0x75,0x83,0x89,0x83,0x58,0x83,0x7D,0x83,0x58,0x83,0x4E)
xi.synth_result_id_to_name_cp932[12435] = string.char(0x83,0x52,0x81,0x5B,0x83,0x89,0x83,0x8B,0x83,0x6F,0x83,0x43,0x83,0x55,0x81,0x5B)
xi.synth_result_id_to_name_cp932[12436] = string.char(0x83,0x68,0x83,0x89,0x83,0x53,0x83,0x93,0x83,0x7D,0x83,0x58,0x83,0x4E)
xi.synth_result_id_to_name_cp932[12437] = string.char(0x83,0x4B,0x83,0x72,0x83,0x41,0x83,0x8B,0x83,0x7D,0x83,0x58,0x83,0x4E)
xi.synth_result_id_to_name_cp932[12438] = string.char(0x95,0x53,0x90,0x6C,0x91,0xE0,0x92,0xB7,0x96,0xCA,0x8B,0xEF)
xi.synth_result_id_to_name_cp932[12440] = string.char(0x83,0x8C,0x83,0x55,0x81,0x5B,0x83,0x6F,0x83,0x93,0x83,0x5F,0x83,0x69)
xi.synth_result_id_to_name_cp932[12441] = string.char(0x83,0x8A,0x83,0x55,0x81,0x5B,0x83,0x68,0x83,0x77,0x83,0x8B,0x83,0x80)
xi.synth_result_id_to_name_cp932[12442] = string.char(0x83,0x58,0x83,0x5E,0x83,0x66,0x83,0x62,0x83,0x68,0x83,0x6F,0x83,0x93,0x83,0x5F,0x83,0x69)
xi.synth_result_id_to_name_cp932[12443] = string.char(0x83,0x4E,0x83,0x43,0x83,0x8B,0x83,0x6F,0x83,0x93,0x83,0x5F,0x83,0x69)
xi.synth_result_id_to_name_cp932[12444] = string.char(0x83,0x89,0x83,0x76,0x83,0x67,0x83,0x8B,0x83,0x77,0x83,0x8B,0x83,0x80)
xi.synth_result_id_to_name_cp932[12445] = string.char(0x83,0x5F,0x83,0x58,0x83,0x4E,0x83,0x7D,0x83,0x58,0x83,0x4E)
xi.synth_result_id_to_name_cp932[12446] = string.char(0x83,0x5E,0x83,0x43,0x83,0x4B,0x81,0x5B,0x83,0x77,0x83,0x8B,0x83,0x80)
xi.synth_result_id_to_name_cp932[12447] = string.char(0x83,0x4E,0x83,0x40,0x81,0x5B,0x83,0x8B,0x83,0x7D,0x83,0x58,0x83,0x4E)
xi.synth_result_id_to_name_cp932[12448] = string.char(0x83,0x75,0x83,0x8D,0x83,0x93,0x83,0x59,0x83,0x4C,0x83,0x83,0x83,0x62,0x83,0x76)
xi.synth_result_id_to_name_cp932[12449] = string.char(0x83,0x75,0x83,0x89,0x83,0x58,0x83,0x4C,0x83,0x83,0x83,0x62,0x83,0x76)
xi.synth_result_id_to_name_cp932[12450] = string.char(0x83,0x70,0x83,0x62,0x83,0x66,0x83,0x62,0x83,0x68,0x83,0x4C,0x83,0x83,0x83,0x62,0x83,0x76)
xi.synth_result_id_to_name_cp932[12451] = string.char(0x83,0x58,0x83,0x52,0x83,0x73,0x83,0x49,0x83,0x7D,0x83,0x58,0x83,0x4E)
xi.synth_result_id_to_name_cp932[12452] = string.char(0x83,0x5F,0x81,0x5B,0x83,0x4E,0x83,0x4C,0x83,0x83,0x83,0x62,0x83,0x76)
xi.synth_result_id_to_name_cp932[12453] = string.char(0x83,0x52,0x81,0x5B,0x83,0x89,0x83,0x8B,0x83,0x4C,0x83,0x83,0x83,0x62,0x83,0x76)
xi.synth_result_id_to_name_cp932[12454] = string.char(0x83,0x7B,0x81,0x5B,0x83,0x93,0x83,0x7D,0x83,0x58,0x83,0x4E)
xi.synth_result_id_to_name_cp932[12455] = string.char(0x83,0x72,0x81,0x5B,0x83,0x67,0x83,0x8B,0x83,0x7D,0x83,0x58,0x83,0x4E)
xi.synth_result_id_to_name_cp932[12456] = string.char(0x94,0xAB,0x8A,0xAA)
xi.synth_result_id_to_name_cp932[12457] = string.char(0x96,0xD8,0x96,0xC8,0x82,0xCC,0x94,0xAB,0x8A,0xAA)
xi.synth_result_id_to_name_cp932[12458] = string.char(0x91,0xE5,0x92,0x6E,0x82,0xCC,0x94,0xAB,0x8A,0xAA)
xi.synth_result_id_to_name_cp932[12459] = string.char(0x93,0xAA,0x90,0xAC,0x8A,0x95)
xi.synth_result_id_to_name_cp932[12460] = string.char(0x94,0x45,0x94,0xAB,0x8B,0xE0)
xi.synth_result_id_to_name_cp932[12464] = string.char(0x83,0x77,0x83,0x62,0x83,0x68,0x83,0x4D,0x83,0x41)
xi.synth_result_id_to_name_cp932[12465] = string.char(0x83,0x52,0x83,0x62,0x83,0x67,0x83,0x93,0x83,0x77,0x83,0x62,0x83,0x68,0x83,0x4D,0x83,0x41)
xi.synth_result_id_to_name_cp932[12466] = string.char(0x83,0x8C,0x83,0x62,0x83,0x68,0x83,0x4C,0x83,0x83,0x83,0x62,0x83,0x76)
xi.synth_result_id_to_name_cp932[12467] = string.char(0x83,0x45,0x81,0x5B,0x83,0x8B,0x83,0x4C,0x83,0x83,0x83,0x62,0x83,0x76)
xi.synth_result_id_to_name_cp932[12468] = string.char(0x83,0x4F,0x83,0x8A,0x81,0x5B,0x83,0x93,0x83,0x78,0x83,0x8C,0x81,0x5B)
xi.synth_result_id_to_name_cp932[12469] = string.char(0x83,0x45,0x83,0x48,0x81,0x5B,0x83,0x78,0x83,0x8C,0x81,0x5B)
xi.synth_result_id_to_name_cp932[12470] = string.char(0x97,0x62,0x95,0xBA,0x91,0xE0,0x92,0xB7,0x82,0xCC,0x96,0xCA,0x8B,0xEF)
xi.synth_result_id_to_name_cp932[12472] = string.char(0x83,0x54,0x81,0x5B,0x83,0x4E,0x83,0x8C,0x83,0x62,0x83,0x67)
xi.synth_result_id_to_name_cp932[12473] = string.char(0x8E,0x8D,0x90,0x6C,0x82,0xCC,0x83,0x54,0x81,0x5B,0x83,0x4E,0x83,0x8C,0x83,0x62,0x83,0x67)
xi.synth_result_id_to_name_cp932[12474] = string.char(0x83,0x45,0x81,0x5B,0x83,0x8B,0x83,0x6E,0x83,0x62,0x83,0x67)
xi.synth_result_id_to_name_cp932[12475] = string.char(0x83,0x72,0x83,0x8D,0x81,0x5B,0x83,0x68,0x83,0x6E,0x83,0x62,0x83,0x67)
xi.synth_result_id_to_name_cp932[12476] = string.char(0x83,0x56,0x83,0x8B,0x83,0x4E,0x83,0x6E,0x83,0x62,0x83,0x67)
xi.synth_result_id_to_name_cp932[12477] = string.char(0x83,0x6D,0x81,0x5B,0x83,0x75,0x83,0x8B,0x83,0x4E,0x83,0x89,0x83,0x45,0x83,0x93)
xi.synth_result_id_to_name_cp932[12478] = string.char(0x98,0x41,0x96,0x4D,0x8C,0x52,0x8E,0x74,0x90,0xA7,0x8E,0xAE,0x96,0x58,0x8E,0x71)
xi.synth_result_id_to_name_cp932[12484] = string.char(0x97,0x62,0x95,0xBA,0x82,0xCC,0x94,0xAB,0x8A,0xAA)
xi.synth_result_id_to_name_cp932[12490] = string.char(0x96,0xE9,0x8D,0xB3,0x90,0x77,0x94,0xAB)
xi.synth_result_id_to_name_cp932[12494] = string.char(0x8B,0xE0,0x82,0xCC,0x94,0xAF,0x8F,0xFC,0x82,0xE8)
xi.synth_result_id_to_name_cp932[12495] = string.char(0x8B,0xE2,0x82,0xCC,0x94,0xAF,0x8F,0xFC,0x82,0xE8)
xi.synth_result_id_to_name_cp932[12496] = string.char(0x93,0xBA,0x82,0xCC,0x94,0xAF,0x8F,0xFC,0x82,0xE8)
xi.synth_result_id_to_name_cp932[12497] = string.char(0x89,0xA9,0x93,0xBA,0x82,0xCC,0x94,0xAF,0x8F,0xFC,0x82,0xE8)
xi.synth_result_id_to_name_cp932[12498] = string.char(0x96,0xD8,0x96,0xC8,0x82,0xCC,0x83,0x77,0x83,0x62,0x83,0x68,0x83,0x6F,0x83,0x93,0x83,0x68)
xi.synth_result_id_to_name_cp932[12499] = string.char(0x88,0x9F,0x96,0x83,0x82,0xCC,0x83,0x77,0x83,0x62,0x83,0x68,0x83,0x6F,0x83,0x93,0x83,0x68)
xi.synth_result_id_to_name_cp932[12503] = string.char(0x8C,0xA6,0x82,0xCC,0x83,0x77,0x83,0x62,0x83,0x68,0x83,0x6F,0x83,0x93,0x83,0x68)
xi.synth_result_id_to_name_cp932[12504] = string.char(0x93,0xF8,0x82,0xCC,0x83,0x77,0x83,0x62,0x83,0x68,0x83,0x6F,0x83,0x93,0x83,0x68)
xi.synth_result_id_to_name_cp932[12505] = string.char(0x8D,0x9C,0x82,0xCC,0x94,0xAF,0x8F,0xFC,0x82,0xE8)
xi.synth_result_id_to_name_cp932[12506] = string.char(0x8D,0x62,0x97,0x85,0x82,0xCC,0x94,0xAF,0x8F,0xFC,0x82,0xE8)
xi.synth_result_id_to_name_cp932[12507] = string.char(0x8A,0x70,0x82,0xCC,0x94,0xAF,0x8F,0xFC,0x82,0xE8)
xi.synth_result_id_to_name_cp932[12508] = string.char(0x8E,0x58,0x8C,0xE8,0x82,0xCC,0x94,0xAF,0x8F,0xFC,0x82,0xE8)
xi.synth_result_id_to_name_cp932[12509] = string.char(0x8B,0xA4,0x98,0x61,0x8C,0x52,0x92,0x63,0x95,0xBA,0x90,0xA7,0x8E,0xAE,0x96,0x58)
xi.synth_result_id_to_name_cp932[12510] = string.char(0x89,0xA4,0x8D,0x91,0x95,0xBA,0x90,0xA7,0x8E,0xAE,0x94,0xAB,0x8B,0xE0)
xi.synth_result_id_to_name_cp932[12522] = string.char(0x8E,0x4B,0x82,0xD1,0x82,0xBD,0x83,0x4C,0x83,0x83,0x83,0x62,0x83,0x76)
xi.synth_result_id_to_name_cp932[12544] = string.char(0x83,0x75,0x83,0x8C,0x83,0x58,0x83,0x67,0x83,0x76,0x83,0x8C,0x81,0x5B,0x83,0x67)
xi.synth_result_id_to_name_cp932[12545] = string.char(0x83,0x7E,0x83,0x58,0x83,0x8A,0x83,0x8B,0x83,0x75,0x83,0x8C,0x83,0x58,0x83,0x67)
xi.synth_result_id_to_name_cp932[12546] = string.char(0x83,0x53,0x81,0x5B,0x83,0x8B,0x83,0x68,0x83,0x4C,0x83,0x85,0x83,0x43,0x83,0x89,0x83,0x58)
xi.synth_result_id_to_name_cp932[12547] = string.char(0x83,0x5F,0x81,0x5B,0x83,0x4E,0x83,0x4C,0x83,0x85,0x83,0x43,0x83,0x89,0x83,0x58)
xi.synth_result_id_to_name_cp932[12548] = string.char(0x83,0x41,0x83,0x5F,0x83,0x7D,0x83,0x93,0x83,0x4C,0x83,0x85,0x83,0x43,0x83,0x89,0x83,0x58)
xi.synth_result_id_to_name_cp932[12550] = string.char(0x8D,0x7C,0x93,0x53,0x8F,0x65,0x8E,0x6D,0x91,0xE0,0x90,0xA7,0x8E,0xAE,0x93,0xB7,0x8A,0x5A)
xi.synth_result_id_to_name_cp932[12552] = string.char(0x83,0x60,0x83,0x46,0x81,0x5B,0x83,0x93,0x83,0x81,0x83,0x43,0x83,0x8B)
xi.synth_result_id_to_name_cp932[12553] = string.char(0x83,0x56,0x83,0x8B,0x83,0x6F,0x81,0x5B,0x83,0x81,0x83,0x43,0x83,0x8B)
xi.synth_result_id_to_name_cp932[12554] = string.char(0x83,0x6F,0x83,0x93,0x83,0x66,0x83,0x62,0x83,0x68,0x83,0x81,0x83,0x43,0x83,0x8B)
xi.synth_result_id_to_name_cp932[12555] = string.char(0x83,0x7A,0x81,0x5B,0x83,0x6F,0x81,0x5B,0x83,0x57,0x83,0x87,0x83,0x93)
xi.synth_result_id_to_name_cp932[12556] = string.char(0x83,0x7A,0x81,0x5B,0x83,0x6F,0x81,0x5B,0x83,0x4E)
xi.synth_result_id_to_name_cp932[12559] = string.char(0x89,0xA4,0x8D,0x91,0x8F,0x5D,0x8E,0x6D,0x90,0xA7,0x8E,0xAE,0x8D,0xBD,0x9B,0xE7,0x8E,0x71)
xi.synth_result_id_to_name_cp932[12560] = string.char(0x83,0x58,0x83,0x50,0x83,0x43,0x83,0x8B,0x83,0x81,0x83,0x43,0x83,0x8B)
xi.synth_result_id_to_name_cp932[12561] = string.char(0x83,0x75,0x83,0x89,0x83,0x58,0x83,0x58,0x83,0x50,0x83,0x43,0x83,0x8B)
xi.synth_result_id_to_name_cp932[12563] = string.char(0x83,0x52,0x81,0x5B,0x83,0x89,0x83,0x8B,0x83,0x58,0x83,0x50,0x83,0x43,0x83,0x8B)
xi.synth_result_id_to_name_cp932[12564] = string.char(0x83,0x68,0x83,0x89,0x83,0x53,0x83,0x93,0x83,0x81,0x83,0x43,0x83,0x8B)
xi.synth_result_id_to_name_cp932[12565] = string.char(0x83,0x4B,0x83,0x72,0x83,0x41,0x83,0x8B,0x83,0x81,0x83,0x43,0x83,0x8B)
xi.synth_result_id_to_name_cp932[12566] = string.char(0x95,0x53,0x90,0x6C,0x91,0xE0,0x92,0xB7,0x8D,0xBD,0x9B,0xE7,0x8E,0x71)
xi.synth_result_id_to_name_cp932[12568] = string.char(0x83,0x8C,0x83,0x55,0x81,0x5B,0x83,0x78,0x83,0x58,0x83,0x67)
xi.synth_result_id_to_name_cp932[12569] = string.char(0x83,0x8A,0x83,0x55,0x81,0x5B,0x83,0x68,0x83,0x57,0x83,0x83,0x81,0x5B,0x83,0x4C,0x83,0x93)
xi.synth_result_id_to_name_cp932[12570] = string.char(0x83,0x58,0x83,0x5E,0x83,0x66,0x83,0x62,0x83,0x68,0x83,0x78,0x83,0x58,0x83,0x67)
xi.synth_result_id_to_name_cp932[12571] = string.char(0x83,0x4E,0x83,0x43,0x83,0x8B,0x83,0x75,0x83,0x44,0x83,0x43)
xi.synth_result_id_to_name_cp932[12572] = string.char(0x83,0x89,0x83,0x76,0x83,0x67,0x83,0x8B,0x83,0x57,0x83,0x83,0x81,0x5B,0x83,0x4C,0x83,0x93)
xi.synth_result_id_to_name_cp932[12573] = string.char(0x83,0x5F,0x83,0x58,0x83,0x4E,0x83,0x57,0x83,0x83,0x81,0x5B,0x83,0x4C,0x83,0x93)
xi.synth_result_id_to_name_cp932[12574] = string.char(0x83,0x5E,0x83,0x43,0x83,0x4B,0x81,0x5B,0x83,0x57,0x83,0x83,0x81,0x5B,0x83,0x4C,0x83,0x93)
xi.synth_result_id_to_name_cp932[12575] = string.char(0x83,0x4E,0x83,0x40,0x81,0x5B,0x83,0x8B,0x83,0x57,0x83,0x83,0x81,0x5B,0x83,0x4C,0x83,0x93)
xi.synth_result_id_to_name_cp932[12576] = string.char(0x83,0x75,0x83,0x8D,0x83,0x93,0x83,0x59,0x83,0x6E,0x81,0x5B,0x83,0x6C,0x83,0x58)
xi.synth_result_id_to_name_cp932[12577] = string.char(0x83,0x75,0x83,0x89,0x83,0x58,0x83,0x6E,0x81,0x5B,0x83,0x6C,0x83,0x58)
xi.synth_result_id_to_name_cp932[12578] = string.char(0x83,0x70,0x83,0x62,0x83,0x66,0x83,0x62,0x83,0x68,0x83,0x41,0x81,0x5B,0x83,0x7D,0x81,0x5B)
xi.synth_result_id_to_name_cp932[12579] = string.char(0x83,0x58,0x83,0x52,0x83,0x73,0x83,0x49,0x83,0x6E,0x81,0x5B,0x83,0x6C,0x83,0x58)
xi.synth_result_id_to_name_cp932[12580] = string.char(0x83,0x5F,0x81,0x5B,0x83,0x4E,0x83,0x6E,0x81,0x5B,0x83,0x6C,0x83,0x58)
xi.synth_result_id_to_name_cp932[12581] = string.char(0x83,0x52,0x81,0x5B,0x83,0x89,0x83,0x8B,0x83,0x6E,0x81,0x5B,0x83,0x6C,0x83,0x58)
xi.synth_result_id_to_name_cp932[12582] = string.char(0x83,0x7B,0x81,0x5B,0x83,0x93,0x83,0x6E,0x81,0x5B,0x83,0x6C,0x83,0x58)
xi.synth_result_id_to_name_cp932[12583] = string.char(0x83,0x72,0x81,0x5B,0x83,0x67,0x83,0x8B,0x83,0x6E,0x81,0x5B,0x83,0x6C,0x83,0x58)
xi.synth_result_id_to_name_cp932[12584] = string.char(0x8C,0x9D,0x96,0x40,0x92,0x85)
xi.synth_result_id_to_name_cp932[12585] = string.char(0x96,0xD8,0x96,0xC8,0x82,0xCC,0x93,0xB9,0x92,0x85)
xi.synth_result_id_to_name_cp932[12586] = string.char(0x91,0xE5,0x92,0x6E,0x82,0xCC,0x88,0xDF)
xi.synth_result_id_to_name_cp932[12587] = string.char(0x95,0xA0,0x93,0x96)
xi.synth_result_id_to_name_cp932[12588] = string.char(0x94,0x45,0x8F,0xE3,0x88,0xDF)
xi.synth_result_id_to_name_cp932[12592] = string.char(0x83,0x5F,0x83,0x75,0x83,0x8C,0x83,0x62,0x83,0x67)
xi.synth_result_id_to_name_cp932[12593] = string.char(0x83,0x52,0x83,0x62,0x83,0x67,0x83,0x93,0x83,0x5F,0x83,0x75,0x83,0x8C,0x83,0x62,0x83,0x67)
xi.synth_result_id_to_name_cp932[12594] = string.char(0x83,0x4B,0x83,0x93,0x83,0x72,0x83,0x58,0x83,0x93)
xi.synth_result_id_to_name_cp932[12595] = string.char(0x83,0x45,0x81,0x5B,0x83,0x8B,0x83,0x4B,0x83,0x93,0x83,0x72,0x83,0x58,0x83,0x93)
xi.synth_result_id_to_name_cp932[12596] = string.char(0x83,0x6F,0x83,0x67,0x83,0x8B,0x83,0x57,0x83,0x85,0x83,0x7C,0x83,0x93)
xi.synth_result_id_to_name_cp932[12597] = string.char(0x83,0x45,0x83,0x48,0x81,0x5B,0x83,0x41,0x83,0x4E,0x83,0x67,0x83,0x93)
xi.synth_result_id_to_name_cp932[12598] = string.char(0x97,0x62,0x95,0xBA,0x91,0xE0,0x92,0xB7,0x82,0xCC,0x96,0xC8,0x8A,0x5A)
xi.synth_result_id_to_name_cp932[12600] = string.char(0x83,0x8D,0x81,0x5B,0x83,0x75)
xi.synth_result_id_to_name_cp932[12601] = string.char(0x83,0x8A,0x83,0x6C,0x83,0x93,0x83,0x8D,0x81,0x5B,0x83,0x75)
xi.synth_result_id_to_name_cp932[12602] = string.char(0x83,0x45,0x81,0x5B,0x83,0x8B,0x83,0x8D,0x81,0x5B,0x83,0x75)
xi.synth_result_id_to_name_cp932[12603] = string.char(0x83,0x72,0x83,0x8D,0x81,0x5B,0x83,0x68,0x83,0x8D,0x81,0x5B,0x83,0x75)
xi.synth_result_id_to_name_cp932[12604] = string.char(0x83,0x56,0x83,0x8B,0x83,0x4E,0x83,0x52,0x81,0x5B,0x83,0x67)
xi.synth_result_id_to_name_cp932[12605] = string.char(0x83,0x6D,0x81,0x5B,0x83,0x75,0x83,0x8B,0x83,0x60,0x83,0x85,0x83,0x6A,0x83,0x62,0x83,0x4E)
xi.synth_result_id_to_name_cp932[12606] = string.char(0x98,0x41,0x96,0x4D,0x8C,0x52,0x8E,0x74,0x90,0xA7,0x8E,0xAE,0x83,0x52,0x81,0x5B,0x83,0x67)
xi.synth_result_id_to_name_cp932[12608] = string.char(0x83,0x60,0x83,0x85,0x83,0x6A,0x83,0x62,0x83,0x4E)
xi.synth_result_id_to_name_cp932[12609] = string.char(0x83,0x75,0x83,0x89,0x83,0x62,0x83,0x4E,0x83,0x60,0x83,0x85,0x83,0x6A,0x83,0x62,0x83,0x4E)
xi.synth_result_id_to_name_cp932[12610] = string.char(0x83,0x4E,0x83,0x8D,0x81,0x5B,0x83,0x4E)
xi.synth_result_id_to_name_cp932[12611] = string.char(0x83,0x7A,0x83,0x8F,0x83,0x43,0x83,0x67,0x83,0x4E,0x83,0x8D,0x81,0x5B,0x83,0x4E)
xi.synth_result_id_to_name_cp932[12612] = string.char(0x83,0x56,0x83,0x8B,0x83,0x4E,0x83,0x4E,0x83,0x8D,0x81,0x5B,0x83,0x4E)
xi.synth_result_id_to_name_cp932[12614] = string.char(0x98,0x41,0x96,0x4D,0x96,0x82,0x90,0xED,0x8E,0x6D,0x90,0xA7,0x8E,0xAE,0x8A,0x4F,0x93,0x85)
xi.synth_result_id_to_name_cp932[12617] = string.char(0x90,0xED,0x94,0x45,0x92,0x85)
xi.synth_result_id_to_name_cp932[12618] = string.char(0x96,0xE9,0x8D,0xB3,0x8D,0xEC,0x96,0xB1,0x88,0xDF)
xi.synth_result_id_to_name_cp932[12621] = string.char(0x83,0x58,0x83,0x52,0x83,0x73,0x83,0x49,0x83,0x75,0x83,0x8C,0x83,0x58,0x83,0x67)
xi.synth_result_id_to_name_cp932[12629] = string.char(0x8B,0xA4,0x98,0x61,0x8C,0x52,0x92,0x63,0x95,0xBA,0x90,0xA7,0x8E,0xAE,0x91,0xD1,0x8A,0x5A)
xi.synth_result_id_to_name_cp932[12630] = string.char(0x89,0xA4,0x8D,0x91,0x95,0xBA,0x90,0xA7,0x8E,0xAE,0x8A,0x76,0x8A,0x5A)
xi.synth_result_id_to_name_cp932[12653] = string.char(0x97,0x62,0x95,0xBA,0x82,0xCC,0x88,0xDF)
xi.synth_result_id_to_name_cp932[12672] = string.char(0x83,0x4B,0x83,0x93,0x83,0x67,0x83,0x8C,0x83,0x62,0x83,0x67)
xi.synth_result_id_to_name_cp932[12673] = string.char(0x83,0x7E,0x83,0x58,0x83,0x8A,0x83,0x8B,0x83,0x4B,0x83,0x93,0x83,0x67,0x83,0x8C)
xi.synth_result_id_to_name_cp932[12674] = string.char(0x83,0x53,0x81,0x5B,0x83,0x8B,0x83,0x68,0x83,0x4B,0x83,0x93,0x83,0x67,0x83,0x8C)
xi.synth_result_id_to_name_cp932[12675] = string.char(0x83,0x5F,0x81,0x5B,0x83,0x4E,0x83,0x4B,0x83,0x93,0x83,0x67,0x83,0x8C)
xi.synth_result_id_to_name_cp932[12676] = string.char(0x83,0x41,0x83,0x5F,0x83,0x7D,0x83,0x93,0x83,0x4B,0x83,0x93,0x83,0x67,0x83,0x8C)
xi.synth_result_id_to_name_cp932[12678] = string.char(0x8D,0x7C,0x93,0x53,0x8F,0x65,0x8E,0x6D,0x91,0xE0,0x90,0xA7,0x8E,0xAE,0x98,0x55,0x8E,0xE8)
xi.synth_result_id_to_name_cp932[12680] = string.char(0x83,0x60,0x83,0x46,0x81,0x5B,0x83,0x93,0x83,0x7E,0x83,0x67,0x83,0x93)
xi.synth_result_id_to_name_cp932[12681] = string.char(0x83,0x56,0x83,0x8B,0x83,0x6F,0x81,0x5B,0x83,0x7E,0x83,0x67,0x83,0x93)
xi.synth_result_id_to_name_cp932[12682] = string.char(0x83,0x7D,0x83,0x74,0x83,0x89)
xi.synth_result_id_to_name_cp932[12683] = string.char(0x83,0x5F,0x81,0x5B,0x83,0x4E,0x83,0x7D,0x83,0x74,0x83,0x89)
xi.synth_result_id_to_name_cp932[12684] = string.char(0x83,0x56,0x83,0x62,0x83,0x4E,0x83,0x7D,0x83,0x74,0x83,0x89)
xi.synth_result_id_to_name_cp932[12686] = string.char(0x89,0xA4,0x8D,0x91,0x8B,0x52,0x8E,0x6D,0x90,0xA7,0x8E,0xAE,0x8D,0xBD,0x8E,0xE8,0x91,0xDC)
xi.synth_result_id_to_name_cp932[12687] = string.char(0x89,0xA4,0x8D,0x91,0x8F,0x5D,0x8E,0x6D,0x90,0xA7,0x8E,0xAE,0x8D,0xBD,0x8E,0xE8,0x91,0xDC)
xi.synth_result_id_to_name_cp932[12688] = string.char(0x83,0x58,0x83,0x50,0x83,0x43,0x83,0x8B,0x83,0x74,0x83,0x42,0x83,0x93,0x83,0x4B,0x81,0x5B)
xi.synth_result_id_to_name_cp932[12689] = string.char(0x83,0x75,0x83,0x89,0x83,0x58,0x83,0x74,0x83,0x42,0x83,0x93,0x83,0x4B,0x81,0x5B)
xi.synth_result_id_to_name_cp932[12691] = string.char(0x83,0x52,0x81,0x5B,0x83,0x89,0x83,0x8B,0x83,0x74,0x83,0x42,0x83,0x93,0x83,0x4B,0x81,0x5B)
xi.synth_result_id_to_name_cp932[12692] = string.char(0x83,0x68,0x83,0x89,0x83,0x53,0x83,0x93,0x83,0x74,0x83,0x42,0x83,0x93,0x83,0x4B,0x81,0x5B)
xi.synth_result_id_to_name_cp932[12693] = string.char(0x83,0x4B,0x83,0x72,0x83,0x41,0x83,0x8B,0x83,0x74,0x83,0x42,0x83,0x93,0x83,0x4B,0x81,0x5B)
xi.synth_result_id_to_name_cp932[12694] = string.char(0x95,0x53,0x90,0x6C,0x91,0xE0,0x92,0xB7,0x98,0x55,0x8E,0xE8)
xi.synth_result_id_to_name_cp932[12696] = string.char(0x83,0x8C,0x83,0x55,0x81,0x5B,0x83,0x4F,0x83,0x8D,0x81,0x5B,0x83,0x75)
xi.synth_result_id_to_name_cp932[12697] = string.char(0x83,0x8A,0x83,0x55,0x81,0x5B,0x83,0x68,0x83,0x4F,0x83,0x8D,0x81,0x5B,0x83,0x75)
xi.synth_result_id_to_name_cp932[12698] = string.char(0x83,0x58,0x83,0x5E,0x83,0x66,0x83,0x62,0x83,0x68,0x83,0x4F,0x83,0x8D,0x81,0x5B,0x83,0x75)
xi.synth_result_id_to_name_cp932[12699] = string.char(0x83,0x4E,0x83,0x43,0x83,0x8B,0x83,0x4F,0x83,0x8D,0x81,0x5B,0x83,0x75)
xi.synth_result_id_to_name_cp932[12700] = string.char(0x83,0x89,0x83,0x76,0x83,0x67,0x83,0x8B,0x83,0x4F,0x83,0x8D,0x81,0x5B,0x83,0x75)
xi.synth_result_id_to_name_cp932[12701] = string.char(0x83,0x5F,0x83,0x58,0x83,0x4E,0x83,0x4F,0x83,0x8D,0x81,0x5B,0x83,0x75)
xi.synth_result_id_to_name_cp932[12702] = string.char(0x83,0x5E,0x83,0x43,0x83,0x4B,0x81,0x5B,0x83,0x4F,0x83,0x8D,0x81,0x5B,0x83,0x75)
xi.synth_result_id_to_name_cp932[12703] = string.char(0x83,0x4E,0x83,0x40,0x81,0x5B,0x83,0x8B,0x83,0x4F,0x83,0x8D,0x81,0x5B,0x83,0x75)
xi.synth_result_id_to_name_cp932[12704] = string.char(0x83,0x75,0x83,0x8D,0x83,0x93,0x83,0x59,0x83,0x7E,0x83,0x67,0x83,0x93)
xi.synth_result_id_to_name_cp932[12705] = string.char(0x83,0x75,0x83,0x89,0x83,0x58,0x83,0x7E,0x83,0x67,0x83,0x93)
xi.synth_result_id_to_name_cp932[12706] = string.char(0x83,0x41,0x83,0x43,0x83,0x41,0x83,0x93,0x83,0x7E,0x83,0x67,0x83,0x93)
xi.synth_result_id_to_name_cp932[12707] = string.char(0x83,0x58,0x83,0x52,0x83,0x73,0x83,0x49,0x83,0x7E,0x83,0x67,0x83,0x93)
xi.synth_result_id_to_name_cp932[12708] = string.char(0x83,0x5F,0x81,0x5B,0x83,0x4E,0x83,0x7E,0x83,0x67,0x83,0x93)
xi.synth_result_id_to_name_cp932[12709] = string.char(0x83,0x52,0x81,0x5B,0x83,0x89,0x83,0x8B,0x83,0x7E,0x83,0x67,0x83,0x93)
xi.synth_result_id_to_name_cp932[12710] = string.char(0x83,0x7B,0x81,0x5B,0x83,0x93,0x83,0x7E,0x83,0x67,0x83,0x93)
xi.synth_result_id_to_name_cp932[12711] = string.char(0x83,0x72,0x81,0x5B,0x83,0x67,0x83,0x8B,0x83,0x7E,0x83,0x67,0x83,0x93)
xi.synth_result_id_to_name_cp932[12712] = string.char(0x8E,0xE8,0x8D,0x62)
xi.synth_result_id_to_name_cp932[12713] = string.char(0x96,0xD8,0x96,0xC8,0x82,0xCC,0x8E,0xE8,0x8D,0x62)
xi.synth_result_id_to_name_cp932[12714] = string.char(0x91,0xE5,0x92,0x6E,0x82,0xCC,0x8E,0xE8,0x8D,0x62)
xi.synth_result_id_to_name_cp932[12715] = string.char(0x98,0x55,0x8E,0xE8)
xi.synth_result_id_to_name_cp932[12716] = string.char(0x94,0x45,0x8E,0xE8,0x8D,0x62)
xi.synth_result_id_to_name_cp932[12719] = string.char(0x97,0x62,0x95,0xBA,0x82,0xCC,0x8E,0xE8,0x8D,0x62)
xi.synth_result_id_to_name_cp932[12720] = string.char(0x83,0x4F,0x83,0x8D,0x81,0x5B,0x83,0x75)
xi.synth_result_id_to_name_cp932[12721] = string.char(0x83,0x52,0x83,0x62,0x83,0x67,0x83,0x93,0x83,0x4F,0x83,0x8D,0x81,0x5B,0x83,0x75)
xi.synth_result_id_to_name_cp932[12722] = string.char(0x83,0x75,0x83,0x8C,0x81,0x5B,0x83,0x54,0x81,0x5B)
xi.synth_result_id_to_name_cp932[12723] = string.char(0x83,0x45,0x81,0x5B,0x83,0x8B,0x83,0x75,0x83,0x8C,0x81,0x5B,0x83,0x54,0x81,0x5B)
xi.synth_result_id_to_name_cp932[12724] = string.char(0x83,0x6F,0x83,0x67,0x83,0x8B,0x83,0x75,0x83,0x8C,0x81,0x5B,0x83,0x54,0x81,0x5B)
xi.synth_result_id_to_name_cp932[12725] = string.char(0x83,0x45,0x83,0x48,0x81,0x5B,0x83,0x4F,0x83,0x8D,0x81,0x5B,0x83,0x75)
xi.synth_result_id_to_name_cp932[12726] = string.char(0x97,0x62,0x95,0xBA,0x91,0xE0,0x92,0xB7,0x82,0xCC,0x8C,0x52,0x8E,0xE8)
xi.synth_result_id_to_name_cp932[12728] = string.char(0x83,0x4A,0x83,0x74,0x83,0x58)
xi.synth_result_id_to_name_cp932[12729] = string.char(0x83,0x8A,0x83,0x6C,0x83,0x93,0x83,0x4A,0x83,0x74,0x83,0x58)
xi.synth_result_id_to_name_cp932[12730] = string.char(0x83,0x45,0x81,0x5B,0x83,0x8B,0x83,0x4A,0x83,0x74,0x83,0x58)
xi.synth_result_id_to_name_cp932[12731] = string.char(0x83,0x72,0x83,0x8D,0x81,0x5B,0x83,0x68,0x83,0x4A,0x83,0x74,0x83,0x58)
xi.synth_result_id_to_name_cp932[12732] = string.char(0x83,0x56,0x83,0x8B,0x83,0x4E,0x83,0x4A,0x83,0x74,0x83,0x58)
xi.synth_result_id_to_name_cp932[12733] = string.char(0x83,0x6D,0x81,0x5B,0x83,0x75,0x83,0x8B,0x83,0x7E,0x83,0x67,0x83,0x93)
xi.synth_result_id_to_name_cp932[12734] = string.char(0x98,0x41,0x96,0x4D,0x8C,0x52,0x8E,0x74,0x90,0xA7,0x8E,0xAE,0x91,0xB3,0x8F,0xFC,0x82,0xE8)
xi.synth_result_id_to_name_cp932[12736] = string.char(0x83,0x7E,0x83,0x67,0x83,0x93)
xi.synth_result_id_to_name_cp932[12737] = string.char(0x83,0x7A,0x83,0x8F,0x83,0x43,0x83,0x67,0x83,0x7E,0x83,0x67,0x83,0x93)
xi.synth_result_id_to_name_cp932[12738] = string.char(0x83,0x8A,0x83,0x6C,0x83,0x93,0x83,0x7E,0x83,0x67,0x83,0x93)
xi.synth_result_id_to_name_cp932[12739] = string.char(0x83,0x75,0x83,0x89,0x83,0x62,0x83,0x4E,0x83,0x7E,0x83,0x67,0x83,0x93)
xi.synth_result_id_to_name_cp932[12740] = string.char(0x83,0x56,0x83,0x8B,0x83,0x4E,0x83,0x7E,0x83,0x67,0x83,0x93)
xi.synth_result_id_to_name_cp932[12743] = string.char(0x98,0x41,0x96,0x4D,0x96,0x82,0x90,0xED,0x8E,0x6D,0x90,0xA7,0x8E,0xAE,0x8E,0xE8,0x91,0xDC)
xi.synth_result_id_to_name_cp932[12751] = string.char(0x83,0x58,0x83,0x52,0x83,0x73,0x83,0x49,0x83,0x4B,0x83,0x93,0x83,0x67,0x83,0x8C)
xi.synth_result_id_to_name_cp932[12752] = string.char(0x8B,0xA4,0x98,0x61,0x8C,0x52,0x92,0x63,0x95,0xBA,0x90,0xA7,0x8E,0xAE,0x98,0x55,0x8E,0xE8)
xi.synth_result_id_to_name_cp932[12753] = string.char(0x89,0xA4,0x8D,0x91,0x95,0xBA,0x90,0xA7,0x8E,0xAE,0x8A,0x76,0x8E,0xE8,0x91,0xDC)
xi.synth_result_id_to_name_cp932[12798] = string.char(0x83,0x57,0x81,0x5B,0x83,0x8D,0x83,0x62,0x83,0x67,0x83,0x7E,0x83,0x67,0x83,0x93)
xi.synth_result_id_to_name_cp932[12800] = string.char(0x83,0x4E,0x83,0x45,0x83,0x42,0x83,0x58)
xi.synth_result_id_to_name_cp932[12801] = string.char(0x83,0x7E,0x83,0x58,0x83,0x8A,0x83,0x8B,0x83,0x4E,0x83,0x45,0x83,0x42,0x83,0x58)
xi.synth_result_id_to_name_cp932[12802] = string.char(0x83,0x53,0x81,0x5B,0x83,0x8B,0x83,0x68,0x83,0x4E,0x83,0x45,0x83,0x42,0x83,0x58)
xi.synth_result_id_to_name_cp932[12803] = string.char(0x83,0x5F,0x81,0x5B,0x83,0x4E,0x83,0x4E,0x83,0x45,0x83,0x42,0x83,0x58)
xi.synth_result_id_to_name_cp932[12804] = string.char(0x83,0x41,0x83,0x5F,0x83,0x7D,0x83,0x93,0x83,0x4E,0x83,0x45,0x83,0x42,0x83,0x58)
xi.synth_result_id_to_name_cp932[12806] = string.char(0x8D,0x7C,0x93,0x53,0x8F,0x65,0x8E,0x6D,0x91,0xE0,0x90,0xA7,0x8E,0xAE,0x8C,0xD2,0x93,0x96)
xi.synth_result_id_to_name_cp932[12808] = string.char(0x83,0x60,0x83,0x46,0x81,0x5B,0x83,0x93,0x83,0x7A,0x81,0x5B,0x83,0x59)
xi.synth_result_id_to_name_cp932[12809] = string.char(0x83,0x56,0x83,0x8B,0x83,0x6F,0x81,0x5B,0x83,0x7A,0x81,0x5B,0x83,0x59)
xi.synth_result_id_to_name_cp932[12810] = string.char(0x83,0x75,0x83,0x8A,0x81,0x5B,0x83,0x60,0x83,0x59)
xi.synth_result_id_to_name_cp932[12811] = string.char(0x83,0x5F,0x81,0x5B,0x83,0x4E,0x83,0x75,0x83,0x8A,0x81,0x5B,0x83,0x60,0x83,0x59)
xi.synth_result_id_to_name_cp932[12812] = string.char(0x83,0x56,0x83,0x62,0x83,0x4E,0x83,0x75,0x83,0x8A,0x81,0x5B,0x83,0x60,0x83,0x59)
xi.synth_result_id_to_name_cp932[12815] = string.char(0x89,0xA4,0x8D,0x91,0x8F,0x5D,0x8E,0x6D,0x90,0xA7,0x8E,0xAE,0x89,0xBA,0x88,0xDF)
xi.synth_result_id_to_name_cp932[12816] = string.char(0x83,0x58,0x83,0x50,0x83,0x43,0x83,0x8B,0x83,0x4E,0x83,0x45,0x83,0x42,0x83,0x58)
xi.synth_result_id_to_name_cp932[12817] = string.char(0x83,0x75,0x83,0x89,0x83,0x58,0x83,0x4E,0x83,0x45,0x83,0x42,0x83,0x58)
xi.synth_result_id_to_name_cp932[12819] = string.char(0x83,0x52,0x81,0x5B,0x83,0x89,0x83,0x8B,0x83,0x4E,0x83,0x45,0x83,0x42,0x83,0x58)
xi.synth_result_id_to_name_cp932[12820] = string.char(0x83,0x68,0x83,0x89,0x83,0x53,0x83,0x93,0x83,0x4E,0x83,0x45,0x83,0x42,0x83,0x58)
xi.synth_result_id_to_name_cp932[12821] = string.char(0x83,0x4B,0x83,0x72,0x83,0x41,0x83,0x8B,0x83,0x4E,0x83,0x45,0x83,0x42,0x83,0x58)
xi.synth_result_id_to_name_cp932[12822] = string.char(0x95,0x53,0x90,0x6C,0x91,0xE0,0x92,0xB7,0x8C,0xD2,0x93,0x96)
xi.synth_result_id_to_name_cp932[12824] = string.char(0x83,0x8C,0x83,0x55,0x81,0x5B,0x83,0x67,0x83,0x89,0x83,0x45,0x83,0x55)
xi.synth_result_id_to_name_cp932[12825] = string.char(0x83,0x8A,0x83,0x55,0x81,0x5B,0x83,0x68,0x83,0x67,0x83,0x89,0x83,0x45,0x83,0x55)
xi.synth_result_id_to_name_cp932[12826] = string.char(0x83,0x58,0x83,0x5E,0x83,0x66,0x83,0x62,0x83,0x68,0x83,0x67,0x83,0x89,0x83,0x45,0x83,0x55)
xi.synth_result_id_to_name_cp932[12827] = string.char(0x83,0x4E,0x83,0x43,0x83,0x8B,0x83,0x67,0x83,0x89,0x83,0x45,0x83,0x55)
xi.synth_result_id_to_name_cp932[12828] = string.char(0x83,0x89,0x83,0x76,0x83,0x67,0x83,0x8B,0x83,0x67,0x83,0x89,0x83,0x45,0x83,0x55)
xi.synth_result_id_to_name_cp932[12829] = string.char(0x83,0x72,0x81,0x5B,0x83,0x4E,0x83,0x67,0x83,0x89,0x83,0x45,0x83,0x55)
xi.synth_result_id_to_name_cp932[12830] = string.char(0x83,0x5E,0x83,0x43,0x83,0x4B,0x81,0x5B,0x83,0x67,0x83,0x89,0x83,0x45,0x83,0x55)
xi.synth_result_id_to_name_cp932[12831] = string.char(0x83,0x4E,0x83,0x40,0x81,0x5B,0x83,0x8B,0x83,0x67,0x83,0x89,0x83,0x45,0x83,0x55)
xi.synth_result_id_to_name_cp932[12832] = string.char(0x83,0x75,0x83,0x8D,0x83,0x93,0x83,0x59,0x83,0x54,0x83,0x75,0x83,0x8A,0x83,0x4B)
xi.synth_result_id_to_name_cp932[12833] = string.char(0x83,0x75,0x83,0x89,0x83,0x58,0x83,0x54,0x83,0x75,0x83,0x8A,0x83,0x4B)
xi.synth_result_id_to_name_cp932[12834] = string.char(0x83,0x7B,0x81,0x5B,0x83,0x93,0x83,0x54,0x83,0x75,0x83,0x8A,0x83,0x4B)
xi.synth_result_id_to_name_cp932[12835] = string.char(0x83,0x72,0x81,0x5B,0x83,0x67,0x83,0x8B,0x83,0x54,0x83,0x75,0x83,0x8A,0x83,0x4B)
xi.synth_result_id_to_name_cp932[12836] = string.char(0x83,0x41,0x83,0x43,0x83,0x41,0x83,0x93,0x83,0x54,0x83,0x75,0x83,0x8A,0x83,0x4B)
xi.synth_result_id_to_name_cp932[12837] = string.char(0x83,0x4A,0x83,0x89,0x83,0x70,0x83,0x58,0x83,0x54,0x83,0x75,0x83,0x8A,0x83,0x4B)
xi.synth_result_id_to_name_cp932[12838] = string.char(0x83,0x58,0x83,0x52,0x83,0x73,0x83,0x49,0x83,0x54,0x83,0x75,0x83,0x8A,0x83,0x4B)
xi.synth_result_id_to_name_cp932[12839] = string.char(0x83,0x5F,0x81,0x5B,0x83,0x4E,0x83,0x54,0x83,0x75,0x83,0x8A,0x83,0x4B)
xi.synth_result_id_to_name_cp932[12840] = string.char(0x89,0xBA,0x82,0xCE,0x82,0xAB)
xi.synth_result_id_to_name_cp932[12841] = string.char(0x96,0xD8,0x96,0xC8,0x82,0xCC,0x89,0xBA,0x82,0xCE,0x82,0xAB)
xi.synth_result_id_to_name_cp932[12842] = string.char(0x91,0xE5,0x92,0x6E,0x82,0xCC,0x89,0xBA,0x82,0xCE,0x82,0xAB)
xi.synth_result_id_to_name_cp932[12843] = string.char(0x98,0xCE,0x8F,0x7C)
xi.synth_result_id_to_name_cp932[12844] = string.char(0x94,0x45,0x8C,0xD1)
xi.synth_result_id_to_name_cp932[12847] = string.char(0x96,0xE9,0x8D,0xB3,0x93,0x9B,0x8C,0xD1)
xi.synth_result_id_to_name_cp932[12848] = string.char(0x83,0x75,0x83,0x8C,0x81,0x5B)
xi.synth_result_id_to_name_cp932[12849] = string.char(0x83,0x52,0x83,0x62,0x83,0x67,0x83,0x93,0x83,0x75,0x83,0x8C,0x81,0x5B)
xi.synth_result_id_to_name_cp932[12850] = string.char(0x83,0x7A,0x81,0x5B,0x83,0x59)
xi.synth_result_id_to_name_cp932[12851] = string.char(0x83,0x45,0x81,0x5B,0x83,0x8B,0x83,0x7A,0x81,0x5B,0x83,0x59)
xi.synth_result_id_to_name_cp932[12852] = string.char(0x83,0x6F,0x83,0x67,0x83,0x8B,0x83,0x7A,0x81,0x5B,0x83,0x59)
xi.synth_result_id_to_name_cp932[12853] = string.char(0x83,0x45,0x83,0x48,0x81,0x5B,0x83,0x75,0x83,0x8C,0x81,0x5B)
xi.synth_result_id_to_name_cp932[12854] = string.char(0x97,0x62,0x95,0xBA,0x91,0xE0,0x92,0xB7,0x82,0xCC,0x89,0xBA,0x88,0xDF)
xi.synth_result_id_to_name_cp932[12855] = string.char(0x97,0x62,0x95,0xBA,0x82,0xCC,0x89,0xBA,0x82,0xCE,0x82,0xAB)
xi.synth_result_id_to_name_cp932[12856] = string.char(0x83,0x58,0x83,0x8D,0x83,0x62,0x83,0x76,0x83,0x58)
xi.synth_result_id_to_name_cp932[12857] = string.char(0x83,0x8A,0x83,0x6C,0x83,0x93,0x83,0x58,0x83,0x8D,0x83,0x62,0x83,0x76,0x83,0x58)
xi.synth_result_id_to_name_cp932[12858] = string.char(0x83,0x45,0x81,0x5B,0x83,0x8B,0x83,0x58,0x83,0x8D,0x83,0x62,0x83,0x76,0x83,0x58)
xi.synth_result_id_to_name_cp932[12859] = string.char(0x83,0x72,0x83,0x8D,0x81,0x5B,0x83,0x68,0x83,0x58,0x83,0x8D,0x83,0x62,0x83,0x76,0x83,0x58)
xi.synth_result_id_to_name_cp932[12860] = string.char(0x83,0x56,0x83,0x8B,0x83,0x4E,0x83,0x58,0x83,0x8D,0x83,0x62,0x83,0x76,0x83,0x58)
xi.synth_result_id_to_name_cp932[12861] = string.char(0x83,0x6D,0x81,0x5B,0x83,0x75,0x83,0x8B,0x83,0x59,0x83,0x7B,0x83,0x93)
xi.synth_result_id_to_name_cp932[12862] = string.char(0x98,0x41,0x96,0x4D,0x8C,0x52,0x8E,0x74,0x90,0xA7,0x8E,0xAE,0x89,0xBA,0x88,0xDF)
xi.synth_result_id_to_name_cp932[12864] = string.char(0x83,0x59,0x83,0x7B,0x83,0x93)
xi.synth_result_id_to_name_cp932[12865] = string.char(0x83,0x75,0x83,0x89,0x83,0x62,0x83,0x4E,0x83,0x59,0x83,0x7B,0x83,0x93)
xi.synth_result_id_to_name_cp932[12866] = string.char(0x83,0x8A,0x83,0x6C,0x83,0x93,0x83,0x59,0x83,0x7B,0x83,0x93)
xi.synth_result_id_to_name_cp932[12867] = string.char(0x83,0x7A,0x83,0x8F,0x83,0x43,0x83,0x67,0x83,0x59,0x83,0x7B,0x83,0x93)
xi.synth_result_id_to_name_cp932[12868] = string.char(0x83,0x56,0x83,0x8B,0x83,0x4E,0x83,0x59,0x83,0x7B,0x83,0x93)
xi.synth_result_id_to_name_cp932[12870] = string.char(0x98,0x41,0x96,0x4D,0x96,0x82,0x90,0xED,0x8E,0x6D,0x90,0xA7,0x8E,0xAE,0x89,0xBA,0x88,0xDF)
xi.synth_result_id_to_name_cp932[12878] = string.char(0x83,0x52,0x81,0x5B,0x83,0x89,0x83,0x8B,0x83,0x54,0x83,0x75,0x83,0x8A,0x83,0x4B)
xi.synth_result_id_to_name_cp932[12879] = string.char(0x83,0x5F,0x83,0x58,0x83,0x4E,0x83,0x67,0x83,0x89,0x83,0x45,0x83,0x55)
xi.synth_result_id_to_name_cp932[12880] = string.char(0x83,0x49,0x81,0x5B,0x83,0x4B,0x83,0x67,0x83,0x89,0x83,0x45,0x83,0x55)
xi.synth_result_id_to_name_cp932[12881] = string.char(0x8B,0xA4,0x98,0x61,0x8C,0x52,0x92,0x63,0x95,0xBA,0x90,0xA7,0x8E,0xAE,0x8D,0x98,0x88,0xDF)
xi.synth_result_id_to_name_cp932[12882] = string.char(0x89,0xA4,0x8D,0x91,0x95,0xBA,0x90,0xA7,0x8E,0xAE,0x8D,0x98,0x88,0xDF)
xi.synth_result_id_to_name_cp932[12915] = string.char(0x8B,0x60,0x97,0x45,0x95,0xBA,0x82,0xCC,0x89,0xBA,0x88,0xDF)
xi.synth_result_id_to_name_cp932[12923] = string.char(0x8F,0x5F,0x8F,0x70,0x89,0xBA,0x82,0xCE,0x82,0xAB)
xi.synth_result_id_to_name_cp932[12928] = string.char(0x83,0x76,0x83,0x8C,0x81,0x5B,0x83,0x67,0x83,0x8C,0x83,0x4D,0x83,0x93,0x83,0x58)
xi.synth_result_id_to_name_cp932[12929] = string.char(0x83,0x7E,0x83,0x58,0x83,0x8A,0x83,0x8B,0x83,0x8C,0x83,0x4D,0x83,0x93,0x83,0x58)
xi.synth_result_id_to_name_cp932[12930] = string.char(0x83,0x53,0x81,0x5B,0x83,0x8B,0x83,0x68,0x83,0x54,0x83,0x6F,0x83,0x67,0x83,0x93)
xi.synth_result_id_to_name_cp932[12931] = string.char(0x83,0x5F,0x81,0x5B,0x83,0x4E,0x83,0x54,0x83,0x6F,0x83,0x67,0x83,0x93)
xi.synth_result_id_to_name_cp932[12932] = string.char(0x83,0x41,0x83,0x5F,0x83,0x7D,0x83,0x93,0x83,0x54,0x83,0x6F,0x83,0x67,0x83,0x93)
xi.synth_result_id_to_name_cp932[12934] = string.char(0x8D,0x7C,0x93,0x53,0x8F,0x65,0x8E,0x6D,0x91,0xE0,0x90,0xA7,0x8E,0xAE,0x93,0x53,0x8C,0x43)
xi.synth_result_id_to_name_cp932[12936] = string.char(0x83,0x4F,0x83,0x8A,0x81,0x5B,0x83,0x94)
xi.synth_result_id_to_name_cp932[12937] = string.char(0x83,0x56,0x83,0x8B,0x83,0x6F,0x81,0x5B,0x83,0x4F,0x83,0x8A,0x81,0x5B,0x83,0x94)
xi.synth_result_id_to_name_cp932[12938] = string.char(0x83,0x5C,0x83,0x8B,0x83,0x8C,0x83,0x62,0x83,0x67)
xi.synth_result_id_to_name_cp932[12939] = string.char(0x83,0x5F,0x81,0x5B,0x83,0x4E,0x83,0x5C,0x83,0x8B,0x83,0x8C,0x83,0x62,0x83,0x67)
xi.synth_result_id_to_name_cp932[12940] = string.char(0x83,0x56,0x83,0x62,0x83,0x4E,0x83,0x5C,0x83,0x8B,0x83,0x8C,0x83,0x62,0x83,0x67)
xi.synth_result_id_to_name_cp932[12942] = string.char(0x89,0xA4,0x8D,0x91,0x8B,0x52,0x8E,0x6D,0x90,0xA7,0x8E,0xAE,0x8D,0xBD,0x8C,0x43)
xi.synth_result_id_to_name_cp932[12943] = string.char(0x89,0xA4,0x8D,0x91,0x8F,0x5D,0x8E,0x6D,0x90,0xA7,0x8E,0xAE,0x8D,0xBD,0x8C,0x43)
xi.synth_result_id_to_name_cp932[12944] = string.char(0x83,0x58,0x83,0x50,0x83,0x43,0x83,0x8B,0x83,0x4F,0x83,0x8A,0x81,0x5B,0x83,0x94)
xi.synth_result_id_to_name_cp932[12945] = string.char(0x83,0x75,0x83,0x89,0x83,0x58,0x83,0x4F,0x83,0x8A,0x81,0x5B,0x83,0x94)
xi.synth_result_id_to_name_cp932[12947] = string.char(0x83,0x52,0x81,0x5B,0x83,0x89,0x83,0x8B,0x83,0x4F,0x83,0x8A,0x81,0x5B,0x83,0x94)
xi.synth_result_id_to_name_cp932[12948] = string.char(0x83,0x68,0x83,0x89,0x83,0x53,0x83,0x93,0x83,0x4F,0x83,0x8A,0x81,0x5B,0x83,0x94)
xi.synth_result_id_to_name_cp932[12949] = string.char(0x83,0x4B,0x83,0x72,0x83,0x41,0x83,0x8B,0x83,0x4F,0x83,0x8A,0x81,0x5B,0x83,0x94)
xi.synth_result_id_to_name_cp932[12950] = string.char(0x95,0x53,0x90,0x6C,0x91,0xE0,0x92,0xB7,0xE3,0xF8,0x93,0x96)
xi.synth_result_id_to_name_cp932[12952] = string.char(0x83,0x8C,0x83,0x55,0x81,0x5B,0x83,0x6E,0x83,0x43,0x83,0x75,0x81,0x5B,0x83,0x63)
xi.synth_result_id_to_name_cp932[12953] = string.char(0x83,0x8A,0x83,0x55,0x81,0x5B,0x83,0x68,0x83,0x8C,0x83,0x66,0x83,0x8B,0x83,0x5A,0x83,0x93)
xi.synth_result_id_to_name_cp932[12954] = string.char(0x83,0x58,0x83,0x5E,0x83,0x66,0x83,0x62,0x83,0x68,0x83,0x75,0x81,0x5B,0x83,0x63)
xi.synth_result_id_to_name_cp932[12955] = string.char(0x83,0x4E,0x83,0x43,0x83,0x8B,0x83,0x6E,0x83,0x43,0x83,0x75,0x81,0x5B,0x83,0x63)
xi.synth_result_id_to_name_cp932[12956] = string.char(0x83,0x89,0x83,0x76,0x83,0x67,0x83,0x8B,0x83,0x8C,0x83,0x66,0x83,0x8B,0x83,0x5A,0x83,0x93)
xi.synth_result_id_to_name_cp932[12957] = string.char(0x83,0x5F,0x83,0x58,0x83,0x4E,0x83,0x8C,0x83,0x66,0x83,0x8B,0x83,0x5A,0x83,0x93)
xi.synth_result_id_to_name_cp932[12958] = string.char(0x83,0x5E,0x83,0x43,0x83,0x4B,0x81,0x5B,0x83,0x8C,0x83,0x66,0x83,0x8B,0x83,0x5A,0x83,0x93)
xi.synth_result_id_to_name_cp932[12959] = string.char(0x83,0x4E,0x83,0x40,0x81,0x5B,0x83,0x8B,0x83,0x8C,0x83,0x66,0x83,0x8B,0x83,0x5A,0x83,0x93)
xi.synth_result_id_to_name_cp932[12960] = string.char(0x83,0x75,0x83,0x8D,0x83,0x93,0x83,0x59,0x83,0x8C,0x83,0x4D,0x83,0x93,0x83,0x58)
xi.synth_result_id_to_name_cp932[12961] = string.char(0x83,0x75,0x83,0x89,0x83,0x58,0x83,0x8C,0x83,0x4D,0x83,0x93,0x83,0x58)
xi.synth_result_id_to_name_cp932[12962] = string.char(0x83,0x8C,0x83,0x4D,0x83,0x93,0x83,0x58)
xi.synth_result_id_to_name_cp932[12963] = string.char(0x83,0x58,0x83,0x52,0x83,0x73,0x83,0x49,0x83,0x8C,0x83,0x4D,0x83,0x93,0x83,0x58)
xi.synth_result_id_to_name_cp932[12964] = string.char(0x83,0x5F,0x81,0x5B,0x83,0x4E,0x83,0x8C,0x83,0x4D,0x83,0x93,0x83,0x58)
xi.synth_result_id_to_name_cp932[12965] = string.char(0x83,0x52,0x81,0x5B,0x83,0x89,0x83,0x8B,0x83,0x8C,0x83,0x4D,0x83,0x93,0x83,0x58)
xi.synth_result_id_to_name_cp932[12966] = string.char(0x83,0x7B,0x81,0x5B,0x83,0x93,0x83,0x8C,0x83,0x4D,0x83,0x93,0x83,0x58)
xi.synth_result_id_to_name_cp932[12967] = string.char(0x83,0x72,0x81,0x5B,0x83,0x67,0x83,0x8B,0x83,0x8C,0x83,0x4D,0x83,0x93,0x83,0x58)
xi.synth_result_id_to_name_cp932[12968] = string.char(0x8B,0x72,0xE3,0x4A)
xi.synth_result_id_to_name_cp932[12969] = string.char(0x96,0xD8,0x96,0xC8,0x82,0xCC,0x8B,0x72,0xE3,0x4A)
xi.synth_result_id_to_name_cp932[12970] = string.char(0x91,0xE5,0x92,0x6E,0x82,0xCC,0x8B,0x72,0xE3,0x4A)
xi.synth_result_id_to_name_cp932[12972] = string.char(0x94,0x45,0x8B,0x72,0xE3,0x4A)
xi.synth_result_id_to_name_cp932[12974] = string.char(0xE3,0xF8,0x93,0x96)
xi.synth_result_id_to_name_cp932[12975] = string.char(0x97,0x62,0x95,0xBA,0x82,0xCC,0x8B,0x72,0xE3,0x4A)
xi.synth_result_id_to_name_cp932[12976] = string.char(0x83,0x51,0x81,0x5B,0x83,0x67,0x83,0x8B)
xi.synth_result_id_to_name_cp932[12977] = string.char(0x83,0x52,0x83,0x62,0x83,0x67,0x83,0x93,0x83,0x51,0x81,0x5B,0x83,0x67,0x83,0x8B)
xi.synth_result_id_to_name_cp932[12978] = string.char(0x83,0x5C,0x83,0x62,0x83,0x4E,0x83,0x58)
xi.synth_result_id_to_name_cp932[12979] = string.char(0x83,0x45,0x81,0x5B,0x83,0x8B,0x83,0x5C,0x83,0x62,0x83,0x4E,0x83,0x58)
xi.synth_result_id_to_name_cp932[12980] = string.char(0x83,0x6F,0x83,0x67,0x83,0x8B,0x83,0x75,0x81,0x5B,0x83,0x63)
xi.synth_result_id_to_name_cp932[12981] = string.char(0x83,0x45,0x83,0x48,0x81,0x5B,0x83,0x75,0x81,0x5B,0x83,0x63)
xi.synth_result_id_to_name_cp932[12982] = string.char(0x97,0x62,0x95,0xBA,0x91,0xE0,0x92,0xB7,0x82,0xCC,0x8B,0x72,0xE3,0x4A)
xi.synth_result_id_to_name_cp932[12984] = string.char(0x83,0x41,0x83,0x62,0x83,0x56,0x83,0x85,0x83,0x4E,0x83,0x8D,0x83,0x62,0x83,0x4F)
xi.synth_result_id_to_name_cp932[12985] = string.char(0x83,0x7A,0x83,0x8A,0x81,0x5B,0x83,0x4E,0x83,0x8D,0x83,0x62,0x83,0x4F)
xi.synth_result_id_to_name_cp932[12986] = string.char(0x83,0x60,0x83,0x46,0x83,0x58,0x83,0x69,0x83,0x62,0x83,0x67,0x83,0x54,0x83,0x7B)
xi.synth_result_id_to_name_cp932[12987] = string.char(0x83,0x47,0x83,0x7B,0x83,0x6A,0x81,0x5B,0x83,0x54,0x83,0x7B)
xi.synth_result_id_to_name_cp932[12988] = string.char(0x83,0x73,0x83,0x4B,0x83,0x62,0x83,0x56,0x83,0x85)
xi.synth_result_id_to_name_cp932[12989] = string.char(0x83,0x6D,0x81,0x5B,0x83,0x75,0x83,0x8B,0x83,0x70,0x83,0x93,0x83,0x76,0x83,0x58)
xi.synth_result_id_to_name_cp932[12990] = string.char(0x98,0x41,0x96,0x4D,0x8C,0x52,0x8E,0x74,0x90,0xA7,0x8E,0xAE,0x8C,0x43)
xi.synth_result_id_to_name_cp932[12992] = string.char(0x83,0x5C,0x83,0x8C,0x83,0x41)
xi.synth_result_id_to_name_cp932[12993] = string.char(0x83,0x54,0x83,0x93,0x83,0x5F,0x83,0x8B)
xi.synth_result_id_to_name_cp932[12994] = string.char(0x83,0x56,0x83,0x85,0x81,0x5B,0x83,0x59)
xi.synth_result_id_to_name_cp932[12995] = string.char(0x83,0x82,0x83,0x4A,0x83,0x56,0x83,0x93)
xi.synth_result_id_to_name_cp932[12996] = string.char(0x83,0x56,0x83,0x8B,0x83,0x4E,0x83,0x70,0x83,0x93,0x83,0x76,0x83,0x58)
xi.synth_result_id_to_name_cp932[12998] = string.char(0x98,0x41,0x96,0x4D,0x96,0x82,0x90,0xED,0x8E,0x6D,0x90,0xA7,0x8E,0xAE,0x8A,0x76,0x8C,0x43)
xi.synth_result_id_to_name_cp932[13002] = string.char(0x96,0xE9,0x8D,0xB3,0xE3,0xF8,0x93,0x96)
xi.synth_result_id_to_name_cp932[13003] = string.char(0x8B,0xA4,0x98,0x61,0x8C,0x52,0x92,0x63,0x95,0xBA,0x90,0xA7,0x8E,0xAE,0x91,0xAB,0x8A,0x5A)
xi.synth_result_id_to_name_cp932[13004] = string.char(0x89,0xA4,0x8D,0x91,0x95,0xBA,0x90,0xA7,0x8E,0xAE,0x92,0xB7,0x8C,0x43)
xi.synth_result_id_to_name_cp932[13014] = string.char(0x83,0x8A,0x81,0x5B,0x83,0x73,0x83,0x93,0x83,0x4F,0x83,0x75,0x81,0x5B,0x83,0x63)
xi.synth_result_id_to_name_cp932[13045] = string.char(0x89,0xA4,0x8D,0x91,0x95,0xBA,0x90,0xA7,0x8E,0xAE,0x8C,0x43)
xi.synth_result_id_to_name_cp932[13052] = string.char(0x83,0x89,0x83,0x43,0x83,0x67,0x83,0x5C,0x83,0x8C,0x83,0x41)
xi.synth_result_id_to_name_cp932[13075] = string.char(0x83,0x74,0x83,0x46,0x83,0x55,0x81,0x5B,0x83,0x4A,0x83,0x89,0x81,0x5B)
xi.synth_result_id_to_name_cp932[13076] = string.char(0x83,0x74,0x83,0x40,0x83,0x93,0x83,0x4F,0x83,0x6C,0x83,0x62,0x83,0x4E,0x83,0x8C,0x83,0x58)
xi.synth_result_id_to_name_cp932[13079] = string.char(0x83,0x5F,0x81,0x5B,0x83,0x4E,0x83,0x53,0x83,0x8B,0x83,0x51,0x83,0x62,0x83,0x67)
xi.synth_result_id_to_name_cp932[13080] = string.char(0x83,0x53,0x83,0x8B,0x83,0x51,0x83,0x62,0x83,0x67)
xi.synth_result_id_to_name_cp932[13081] = string.char(0x83,0x8C,0x83,0x55,0x81,0x5B,0x83,0x53,0x83,0x8B,0x83,0x51,0x83,0x62,0x83,0x67)
xi.synth_result_id_to_name_cp932[13082] = string.char(0x83,0x60,0x83,0x46,0x81,0x5B,0x83,0x93,0x83,0x53,0x83,0x8B,0x83,0x51,0x83,0x62,0x83,0x67)
xi.synth_result_id_to_name_cp932[13083] = string.char(0x83,0x60,0x83,0x46,0x81,0x5B,0x83,0x93,0x83,0x60,0x83,0x87,0x81,0x5B,0x83,0x4A,0x81,0x5B)
xi.synth_result_id_to_name_cp932[13084] = string.char(0x83,0x7E,0x83,0x58,0x83,0x8A,0x83,0x8B,0x83,0x53,0x83,0x8B,0x83,0x51,0x83,0x62,0x83,0x67)
xi.synth_result_id_to_name_cp932[13085] = string.char(0x83,0x77,0x83,0x93,0x83,0x76,0x83,0x53,0x83,0x8B,0x83,0x51,0x83,0x62,0x83,0x67)
xi.synth_result_id_to_name_cp932[13087] = string.char(0x83,0x57,0x83,0x85,0x83,0x47,0x83,0x8B,0x83,0x68,0x83,0x4A,0x83,0x89,0x81,0x5B)
xi.synth_result_id_to_name_cp932[13088] = string.char(0x8D,0x95,0x93,0x53,0x82,0xCC,0x8D,0x41,0x97,0xD6)
xi.synth_result_id_to_name_cp932[13089] = string.char(0x83,0x45,0x83,0x8B,0x83,0x74,0x83,0x53,0x83,0x8B,0x83,0x51,0x83,0x62,0x83,0x67)
xi.synth_result_id_to_name_cp932[13090] = string.char(0x83,0x72,0x81,0x5B,0x83,0x67,0x83,0x8B,0x83,0x53,0x83,0x8B,0x83,0x51,0x83,0x62,0x83,0x67)
xi.synth_result_id_to_name_cp932[13091] = string.char(0x83,0x4A,0x83,0x89,0x83,0x70,0x83,0x58,0x83,0x53,0x83,0x8B,0x83,0x51,0x83,0x62,0x83,0x67)
xi.synth_result_id_to_name_cp932[13092] = string.char(0x83,0x4E,0x83,0x40,0x81,0x5B,0x83,0x8B,0x83,0x53,0x83,0x8B,0x83,0x51,0x83,0x62,0x83,0x67)
xi.synth_result_id_to_name_cp932[13097] = string.char(0x83,0x75,0x83,0x8A,0x83,0x56,0x83,0x93,0x83,0x4B,0x83,0x81,0x83,0x93)
xi.synth_result_id_to_name_cp932[13108] = string.char(0x83,0x52,0x81,0x5B,0x83,0x89,0x83,0x8B,0x83,0x53,0x83,0x8B,0x83,0x51,0x83,0x62,0x83,0x67)
xi.synth_result_id_to_name_cp932[13111] = string.char(0x8D,0x41,0x97,0xD6)
xi.synth_result_id_to_name_cp932[13125] = string.char(0x83,0x67,0x83,0x8B,0x83,0x4E)
xi.synth_result_id_to_name_cp932[13144] = string.char(0x83,0x45,0x83,0x42,0x83,0x93,0x83,0x4F,0x83,0x53,0x83,0x8B,0x83,0x51,0x83,0x62,0x83,0x67)
xi.synth_result_id_to_name_cp932[13170] = string.char(0x83,0x58,0x83,0x67,0x83,0x93,0x83,0x58,0x83,0x4C,0x83,0x93,0x83,0x67,0x83,0x8B,0x83,0x4E)
xi.synth_result_id_to_name_cp932[13171] = string.char(0x83,0x8A,0x83,0x8C,0x83,0x43,0x83,0x59,0x83,0x53,0x83,0x8B,0x83,0x51,0x83,0x62,0x83,0x67)
xi.synth_result_id_to_name_cp932[13185] = string.char(0x83,0x7D,0x83,0x62,0x83,0x58,0x83,0x8B,0x83,0x78,0x83,0x8B,0x83,0x67)
xi.synth_result_id_to_name_cp932[13189] = string.char(0x83,0x58,0x83,0x73,0x81,0x5B,0x83,0x68,0x83,0x78,0x83,0x8B,0x83,0x67)
xi.synth_result_id_to_name_cp932[13192] = string.char(0x83,0x8C,0x83,0x55,0x81,0x5B,0x83,0x78,0x83,0x8B,0x83,0x67)
xi.synth_result_id_to_name_cp932[13193] = string.char(0x83,0x8A,0x83,0x55,0x81,0x5B,0x83,0x68,0x83,0x78,0x83,0x8B,0x83,0x67)
xi.synth_result_id_to_name_cp932[13194] = string.char(0x90,0xED,0x8E,0x6D,0x82,0xCC,0x83,0x78,0x83,0x8B,0x83,0x67)
xi.synth_result_id_to_name_cp932[13195] = string.char(0x83,0x7D,0x83,0x57,0x83,0x62,0x83,0x4E,0x83,0x78,0x83,0x8B,0x83,0x67)
xi.synth_result_id_to_name_cp932[13196] = string.char(0x83,0x56,0x83,0x8B,0x83,0x6F,0x81,0x5B,0x83,0x78,0x83,0x8B,0x83,0x67)
xi.synth_result_id_to_name_cp932[13197] = string.char(0x83,0x50,0x81,0x5B,0x83,0x6A,0x83,0x71,0x83,0x58,0x83,0x78,0x83,0x8B,0x83,0x67)
xi.synth_result_id_to_name_cp932[13198] = string.char(0x83,0x5C,0x81,0x5B,0x83,0x68,0x83,0x78,0x83,0x8B,0x83,0x67)
xi.synth_result_id_to_name_cp932[13199] = string.char(0x83,0x75,0x83,0x89,0x83,0x62,0x83,0x68,0x83,0x58,0x83,0x67,0x81,0x5B,0x83,0x93)
xi.synth_result_id_to_name_cp932[13200] = string.char(0x83,0x45,0x83,0x47,0x83,0x58,0x83,0x67,0x83,0x78,0x83,0x8B,0x83,0x67)
xi.synth_result_id_to_name_cp932[13203] = string.char(0x83,0x6F,0x81,0x5B,0x83,0x6F,0x83,0x8A,0x83,0x41,0x83,0x93,0x83,0x78,0x83,0x8B,0x83,0x67)
xi.synth_result_id_to_name_cp932[13204] = string.char(0x95,0xBA,0x8E,0x99,0x91,0xD1)
xi.synth_result_id_to_name_cp932[13205] = string.char(0x8B,0xE2,0x82,0xCC,0x91,0xD1)
xi.synth_result_id_to_name_cp932[13206] = string.char(0x8B,0xE0,0x82,0xCC,0x91,0xD1)
xi.synth_result_id_to_name_cp932[13207] = string.char(0x8B,0xD1,0x82,0xCC,0x91,0xD1)
xi.synth_result_id_to_name_cp932[13208] = string.char(0x93,0xF8,0x82,0xCC,0x91,0xD1)
xi.synth_result_id_to_name_cp932[13209] = string.char(0x83,0x60,0x83,0x46,0x81,0x5B,0x83,0x93,0x83,0x78,0x83,0x8B,0x83,0x67)
xi.synth_result_id_to_name_cp932[13212] = string.char(0x83,0x5E,0x83,0x8B,0x83,0x5E,0x83,0x8B,0x83,0x54,0x83,0x62,0x83,0x56,0x83,0x85)
xi.synth_result_id_to_name_cp932[13220] = string.char(0x89,0xA4,0x8D,0x91,0x8B,0x52,0x8E,0x6D,0x90,0xA7,0x8E,0xAE,0x83,0x78,0x83,0x8B,0x83,0x67)
xi.synth_result_id_to_name_cp932[13249] = string.char(0x83,0x5C,0x83,0x6A,0x83,0x62,0x83,0x4E,0x83,0x78,0x83,0x8B,0x83,0x67)
xi.synth_result_id_to_name_cp932[13271] = string.char(0x83,0x52,0x83,0x8B,0x83,0x5A,0x83,0x62,0x83,0x67)
xi.synth_result_id_to_name_cp932[13273] = string.char(0x8B,0xCA,0x8E,0x85,0x92,0xDB,0x82,0xCC,0x91,0xD1)
xi.synth_result_id_to_name_cp932[13275] = string.char(0x83,0x41,0x83,0x89,0x83,0x4E,0x83,0x6C,0x82,0xCC,0x91,0xD1)
xi.synth_result_id_to_name_cp932[13277] = string.char(0x89,0xA4,0x8D,0x91,0x8B,0x52,0x8E,0x6D,0x83,0x78,0x83,0x8B,0x83,0x67,0x2B,0x31)
xi.synth_result_id_to_name_cp932[13280] = string.char(0x83,0x58,0x83,0x69,0x83,0x43,0x83,0x70,0x81,0x5B,0x83,0x8A,0x83,0x93,0x83,0x4F)
xi.synth_result_id_to_name_cp932[13282] = string.char(0x83,0x5A,0x83,0x43,0x83,0x93,0x83,0x67,0x83,0x8A,0x83,0x93,0x83,0x4F)
xi.synth_result_id_to_name_cp932[13284] = string.char(0x83,0x47,0x83,0x8C,0x83,0x7D,0x83,0x43,0x83,0x67,0x83,0x8A,0x83,0x93,0x83,0x4F)
xi.synth_result_id_to_name_cp932[13312] = string.char(0x83,0x52,0x81,0x5B,0x83,0x89,0x83,0x8B,0x83,0x43,0x83,0x84,0x83,0x8A,0x83,0x93,0x83,0x4F)
xi.synth_result_id_to_name_cp932[13313] = string.char(0x83,0x56,0x83,0x46,0x83,0x8B,0x83,0x43,0x83,0x84,0x83,0x8A,0x83,0x93,0x83,0x4F)
xi.synth_result_id_to_name_cp932[13315] = string.char(0x83,0x53,0x81,0x5B,0x83,0x8B,0x83,0x68,0x83,0x73,0x83,0x41,0x83,0x58)
xi.synth_result_id_to_name_cp932[13316] = string.char(0x83,0x76,0x83,0x89,0x83,0x60,0x83,0x69,0x83,0x73,0x83,0x41,0x83,0x58)
xi.synth_result_id_to_name_cp932[13317] = string.char(0x83,0x70,0x81,0x5B,0x83,0x8B,0x83,0x73,0x83,0x41,0x83,0x58)
xi.synth_result_id_to_name_cp932[13318] = string.char(0x83,0x67,0x83,0x70,0x81,0x5B,0x83,0x59,0x83,0x73,0x83,0x41,0x83,0x58)
xi.synth_result_id_to_name_cp932[13319] = string.char(0x83,0x79,0x83,0x8A,0x83,0x68,0x83,0x62,0x83,0x67,0x83,0x73,0x83,0x41,0x83,0x58)
xi.synth_result_id_to_name_cp932[13320] = string.char(0x83,0x75,0x83,0x89,0x83,0x62,0x83,0x4E,0x83,0x73,0x83,0x41,0x83,0x58)
xi.synth_result_id_to_name_cp932[13321] = string.char(0x83,0x7B,0x81,0x5B,0x83,0x93,0x83,0x43,0x83,0x84,0x83,0x8A,0x83,0x93,0x83,0x4F)
xi.synth_result_id_to_name_cp932[13322] = string.char(0x83,0x45,0x83,0x42,0x83,0x93,0x83,0x4F,0x83,0x43,0x83,0x84,0x83,0x8A,0x83,0x93,0x83,0x4F)
xi.synth_result_id_to_name_cp932[13323] = string.char(0x83,0x72,0x81,0x5B,0x83,0x67,0x83,0x8B,0x83,0x73,0x83,0x41,0x83,0x58)
xi.synth_result_id_to_name_cp932[13324] = string.char(0x83,0x5E,0x81,0x5B,0x83,0x67,0x83,0x8B,0x83,0x73,0x83,0x41,0x83,0x58)
xi.synth_result_id_to_name_cp932[13325] = string.char(0x83,0x74,0x83,0x40,0x83,0x93,0x83,0x4F,0x83,0x43,0x83,0x84,0x83,0x8A,0x83,0x93,0x83,0x4F)
xi.synth_result_id_to_name_cp932[13327] = string.char(0x83,0x56,0x83,0x8B,0x83,0x6F,0x81,0x5B,0x83,0x73,0x83,0x41,0x83,0x58)
xi.synth_result_id_to_name_cp932[13328] = string.char(0x83,0x7E,0x83,0x58,0x83,0x8A,0x83,0x8B,0x83,0x73,0x83,0x41,0x83,0x58)
xi.synth_result_id_to_name_cp932[13329] = string.char(0x83,0x49,0x83,0x8A,0x83,0x6E,0x83,0x8B,0x83,0x52,0x83,0x93,0x83,0x73,0x83,0x41,0x83,0x58)
xi.synth_result_id_to_name_cp932[13330] = string.char(0x83,0x67,0x83,0x8B,0x83,0x7D,0x83,0x8A,0x83,0x93,0x83,0x73,0x83,0x41,0x83,0x58)
xi.synth_result_id_to_name_cp932[13331] = string.char(0x83,0x54,0x81,0x5B,0x83,0x68,0x83,0x6A,0x83,0x4E,0x83,0x58,0x83,0x73,0x83,0x41,0x83,0x58)
xi.synth_result_id_to_name_cp932[13332] = string.char(0x83,0x4E,0x83,0x8A,0x83,0x41,0x83,0x73,0x83,0x41,0x83,0x58)
xi.synth_result_id_to_name_cp932[13333] = string.char(0x83,0x41,0x83,0x81,0x83,0x57,0x83,0x58,0x83,0x67,0x83,0x73,0x83,0x41,0x83,0x58)
xi.synth_result_id_to_name_cp932[13334] = string.char(0x83,0x89,0x83,0x73,0x83,0x58,0x83,0x89,0x83,0x59,0x83,0x8A,0x83,0x73,0x83,0x41,0x83,0x58)
xi.synth_result_id_to_name_cp932[13335] = string.char(0x83,0x41,0x83,0x93,0x83,0x6F,0x81,0x5B,0x83,0x73,0x83,0x41,0x83,0x58)
xi.synth_result_id_to_name_cp932[13336] = string.char(0x83,0x49,0x83,0x6A,0x83,0x4C,0x83,0x58,0x83,0x73,0x83,0x41,0x83,0x58)
xi.synth_result_id_to_name_cp932[13337] = string.char(0x83,0x49,0x83,0x70,0x81,0x5B,0x83,0x8B,0x83,0x73,0x83,0x41,0x83,0x58)
xi.synth_result_id_to_name_cp932[13338] = string.char(0x83,0x75,0x83,0x89,0x83,0x62,0x83,0x68,0x83,0x73,0x83,0x41,0x83,0x58)
xi.synth_result_id_to_name_cp932[13339] = string.char(0x83,0x53,0x83,0x56,0x83,0x46,0x83,0x69,0x83,0x43,0x83,0x67,0x83,0x73,0x83,0x41,0x83,0x58)
xi.synth_result_id_to_name_cp932[13340] = string.char(0x83,0x41,0x83,0x81,0x83,0x67,0x83,0x8A,0x83,0x93,0x83,0x73,0x83,0x41,0x83,0x58)
xi.synth_result_id_to_name_cp932[13341] = string.char(0x83,0x5E,0x81,0x5B,0x83,0x52,0x83,0x43,0x83,0x59,0x83,0x73,0x83,0x41,0x83,0x58)
xi.synth_result_id_to_name_cp932[13342] = string.char(0x83,0x58,0x83,0x74,0x83,0x46,0x81,0x5B,0x83,0x93,0x83,0x73,0x83,0x41,0x83,0x58)
xi.synth_result_id_to_name_cp932[13343] = string.char(0x83,0x4F,0x83,0x8A,0x81,0x5B,0x83,0x93,0x83,0x43,0x83,0x84,0x83,0x8A,0x83,0x93,0x83,0x4F)
xi.synth_result_id_to_name_cp932[13344] = string.char(0x83,0x54,0x83,0x93,0x83,0x43,0x83,0x84,0x83,0x8A,0x83,0x93,0x83,0x4F)
xi.synth_result_id_to_name_cp932[13345] = string.char(0x83,0x57,0x83,0x8B,0x83,0x52,0x83,0x93,0x83,0x43,0x83,0x84,0x83,0x8A,0x83,0x93,0x83,0x4F)
xi.synth_result_id_to_name_cp932[13346] = string.char(0x83,0x70,0x81,0x5B,0x83,0x76,0x83,0x8B,0x83,0x43,0x83,0x84,0x83,0x8A,0x83,0x93,0x83,0x4F)
xi.synth_result_id_to_name_cp932[13347] = string.char(0x83,0x41,0x83,0x4E,0x83,0x41,0x83,0x43,0x83,0x84,0x83,0x8A,0x83,0x93,0x83,0x4F)
xi.synth_result_id_to_name_cp932[13348] = string.char(0x83,0x43,0x83,0x47,0x83,0x8D,0x81,0x5B,0x83,0x43,0x83,0x84,0x83,0x8A,0x83,0x93,0x83,0x4F)
xi.synth_result_id_to_name_cp932[13349] = string.char(0x83,0x69,0x83,0x43,0x83,0x67,0x83,0x43,0x83,0x84,0x83,0x8A,0x83,0x93,0x83,0x4F)
xi.synth_result_id_to_name_cp932[13350] = string.char(0x83,0x80,0x81,0x5B,0x83,0x93,0x83,0x43,0x83,0x84,0x83,0x8A,0x83,0x93,0x83,0x4F)
xi.synth_result_id_to_name_cp932[13351] = string.char(0x83,0x47,0x83,0x81,0x83,0x89,0x83,0x8B,0x83,0x68,0x83,0x73,0x83,0x41,0x83,0x58)
xi.synth_result_id_to_name_cp932[13352] = string.char(0x83,0x8B,0x83,0x72,0x81,0x5B,0x83,0x73,0x83,0x41,0x83,0x58)
xi.synth_result_id_to_name_cp932[13353] = string.char(0x83,0x5F,0x83,0x43,0x83,0x41,0x83,0x82,0x83,0x93,0x83,0x68,0x83,0x73,0x83,0x41,0x83,0x58)
xi.synth_result_id_to_name_cp932[13354] = string.char(0x83,0x58,0x83,0x73,0x83,0x6C,0x83,0x8B,0x83,0x73,0x83,0x41,0x83,0x58)
xi.synth_result_id_to_name_cp932[13355] = string.char(0x83,0x54,0x83,0x74,0x83,0x40,0x83,0x43,0x83,0x41,0x83,0x73,0x83,0x41,0x83,0x58)
xi.synth_result_id_to_name_cp932[13356] = string.char(0x83,0x66,0x83,0x58,0x83,0x73,0x83,0x41,0x83,0x58)
xi.synth_result_id_to_name_cp932[13357] = string.char(0x83,0x47,0x83,0x93,0x83,0x57,0x83,0x46,0x83,0x8B,0x83,0x73,0x83,0x41,0x83,0x58)
xi.synth_result_id_to_name_cp932[13370] = string.char(0x83,0x56,0x83,0x8B,0x83,0x6F,0x81,0x5B,0x83,0x73,0x83,0x41,0x83,0x58,0x2B,0x31)
xi.synth_result_id_to_name_cp932[13371] = string.char(0x83,0x7E,0x83,0x58,0x83,0x8A,0x83,0x8B,0x83,0x73,0x83,0x41,0x83,0x58,0x2B,0x31)
xi.synth_result_id_to_name_cp932[13372] = string.char(0x83,0x53,0x81,0x5B,0x83,0x8B,0x83,0x68,0x83,0x73,0x83,0x41,0x83,0x58,0x2B,0x31)
xi.synth_result_id_to_name_cp932[13397] = string.char(0x83,0x76,0x83,0x89,0x83,0x60,0x83,0x69,0x83,0x73,0x83,0x41,0x83,0x58,0x2B,0x31)
xi.synth_result_id_to_name_cp932[13404] = string.char(0x83,0x6C,0x83,0x81,0x83,0x56,0x83,0x58,0x83,0x43,0x83,0x84,0x83,0x8A,0x83,0x93,0x83,0x4F)
xi.synth_result_id_to_name_cp932[13417] = string.char(0x83,0x47,0x83,0x8A,0x83,0x58,0x83,0x43,0x83,0x84,0x83,0x8A,0x83,0x93,0x83,0x4F)
xi.synth_result_id_to_name_cp932[13440] = string.char(0x83,0x41,0x83,0x5A,0x83,0x65,0x83,0x42,0x83,0x62,0x83,0x4E,0x83,0x8A,0x83,0x93,0x83,0x4F)
xi.synth_result_id_to_name_cp932[13441] = string.char(0x83,0x7B,0x81,0x5B,0x83,0x93,0x83,0x8A,0x83,0x93,0x83,0x4F)
xi.synth_result_id_to_name_cp932[13442] = string.char(0x83,0x56,0x83,0x46,0x83,0x8B,0x83,0x8A,0x83,0x93,0x83,0x4F)
xi.synth_result_id_to_name_cp932[13443] = string.char(0x83,0x49,0x83,0x70,0x81,0x5B,0x83,0x8B,0x83,0x8A,0x83,0x93,0x83,0x4F)
xi.synth_result_id_to_name_cp932[13444] = string.char(0x83,0x54,0x81,0x5B,0x83,0x68,0x83,0x6A,0x83,0x4E,0x83,0x58,0x83,0x8A,0x83,0x93,0x83,0x4F)
xi.synth_result_id_to_name_cp932[13445] = string.char(0x83,0x53,0x81,0x5B,0x83,0x8B,0x83,0x68,0x83,0x8A,0x83,0x93,0x83,0x4F)
xi.synth_result_id_to_name_cp932[13446] = string.char(0x83,0x7E,0x83,0x58,0x83,0x8A,0x83,0x8B,0x83,0x8A,0x83,0x93,0x83,0x4F)
xi.synth_result_id_to_name_cp932[13447] = string.char(0x83,0x76,0x83,0x89,0x83,0x60,0x83,0x69,0x83,0x8A,0x83,0x93,0x83,0x4F)
xi.synth_result_id_to_name_cp932[13448] = string.char(0x83,0x47,0x83,0x81,0x83,0x89,0x83,0x8B,0x83,0x68,0x83,0x8A,0x83,0x93,0x83,0x4F)
xi.synth_result_id_to_name_cp932[13449] = string.char(0x83,0x8B,0x83,0x72,0x81,0x5B,0x83,0x8A,0x83,0x93,0x83,0x4F)
xi.synth_result_id_to_name_cp932[13450] = string.char(0x83,0x5F,0x83,0x43,0x83,0x41,0x83,0x8A,0x83,0x93,0x83,0x4F)
xi.synth_result_id_to_name_cp932[13451] = string.char(0x83,0x58,0x83,0x73,0x83,0x6C,0x83,0x8B,0x83,0x8A,0x83,0x93,0x83,0x4F)
xi.synth_result_id_to_name_cp932[13452] = string.char(0x83,0x54,0x83,0x74,0x83,0x40,0x83,0x43,0x83,0x41,0x83,0x8A,0x83,0x93,0x83,0x4F)
xi.synth_result_id_to_name_cp932[13453] = string.char(0x83,0x67,0x83,0x70,0x81,0x5B,0x83,0x59,0x83,0x8A,0x83,0x93,0x83,0x4F)
xi.synth_result_id_to_name_cp932[13454] = string.char(0x83,0x4A,0x83,0x62,0x83,0x70,0x81,0x5B,0x83,0x8A,0x83,0x93,0x83,0x4F)
xi.synth_result_id_to_name_cp932[13455] = string.char(0x83,0x52,0x81,0x5B,0x83,0x89,0x83,0x8B,0x83,0x8A,0x83,0x93,0x83,0x4F)
xi.synth_result_id_to_name_cp932[13456] = string.char(0x83,0x56,0x83,0x8B,0x83,0x6F,0x81,0x5B,0x83,0x8A,0x83,0x93,0x83,0x4F)
xi.synth_result_id_to_name_cp932[13457] = string.char(0x83,0x72,0x81,0x5B,0x83,0x67,0x83,0x8B,0x83,0x8A,0x83,0x93,0x83,0x4F)
xi.synth_result_id_to_name_cp932[13458] = string.char(0x83,0x58,0x83,0x52,0x83,0x73,0x83,0x49,0x83,0x8A,0x83,0x93,0x83,0x4F)
xi.synth_result_id_to_name_cp932[13459] = string.char(0x83,0x7A,0x81,0x5B,0x83,0x93,0x83,0x8A,0x83,0x93,0x83,0x4F)
xi.synth_result_id_to_name_cp932[13460] = string.char(0x83,0x78,0x83,0x71,0x83,0x82,0x83,0x58,0x83,0x8A,0x83,0x93,0x83,0x4F)
xi.synth_result_id_to_name_cp932[13461] = string.char(0x83,0x4A,0x83,0x89,0x83,0x70,0x83,0x58,0x83,0x8A,0x83,0x93,0x83,0x4F)
xi.synth_result_id_to_name_cp932[13462] = string.char(0x83,0x66,0x83,0x58,0x83,0x8A,0x83,0x93,0x83,0x4F)
xi.synth_result_id_to_name_cp932[13463] = string.char(0x83,0x47,0x83,0x93,0x83,0x57,0x83,0x46,0x83,0x8B,0x83,0x8A,0x83,0x93,0x83,0x4F)
xi.synth_result_id_to_name_cp932[13464] = string.char(0x83,0x66,0x81,0x5B,0x83,0x82,0x83,0x93,0x83,0x8A,0x83,0x93,0x83,0x4F)
xi.synth_result_id_to_name_cp932[13465] = string.char(0x83,0x75,0x83,0x89,0x83,0x58,0x83,0x8A,0x83,0x93,0x83,0x4F)
xi.synth_result_id_to_name_cp932[13466] = string.char(0x83,0x49,0x83,0x8A,0x83,0x6E,0x83,0x8B,0x83,0x52,0x83,0x93,0x83,0x8A,0x83,0x93,0x83,0x4F)
xi.synth_result_id_to_name_cp932[13467] = string.char(0x83,0x68,0x83,0x89,0x83,0x53,0x83,0x93,0x83,0x8A,0x83,0x93,0x83,0x4F)
xi.synth_result_id_to_name_cp932[13468] = string.char(0x83,0x67,0x83,0x8B,0x83,0x7D,0x83,0x8A,0x83,0x93,0x83,0x8A,0x83,0x93,0x83,0x4F)
xi.synth_result_id_to_name_cp932[13469] = string.char(0x83,0x8C,0x83,0x55,0x81,0x5B,0x83,0x8A,0x83,0x93,0x83,0x4F)
xi.synth_result_id_to_name_cp932[13470] = string.char(0x83,0x4E,0x83,0x8A,0x83,0x41,0x83,0x8A,0x83,0x93,0x83,0x4F)
xi.synth_result_id_to_name_cp932[13471] = string.char(0x83,0x41,0x83,0x81,0x83,0x57,0x83,0x58,0x83,0x67,0x83,0x8A,0x83,0x93,0x83,0x4F)
xi.synth_result_id_to_name_cp932[13472] = string.char(0x83,0x89,0x83,0x73,0x83,0x58,0x83,0x89,0x83,0x59,0x83,0x8A,0x83,0x8A,0x83,0x93,0x83,0x4F)
xi.synth_result_id_to_name_cp932[13473] = string.char(0x83,0x41,0x83,0x93,0x83,0x6F,0x81,0x5B,0x83,0x8A,0x83,0x93,0x83,0x4F)
xi.synth_result_id_to_name_cp932[13474] = string.char(0x83,0x49,0x83,0x6A,0x83,0x4C,0x83,0x58,0x83,0x8A,0x83,0x93,0x83,0x4F)
xi.synth_result_id_to_name_cp932[13475] = string.char(0x83,0x6E,0x81,0x5B,0x83,0x7E,0x83,0x62,0x83,0x67,0x83,0x8A,0x83,0x93,0x83,0x4F)
xi.synth_result_id_to_name_cp932[13476] = string.char(0x83,0x79,0x83,0x8A,0x83,0x68,0x83,0x62,0x83,0x67,0x83,0x8A,0x83,0x93,0x83,0x4F)
xi.synth_result_id_to_name_cp932[13477] = string.char(0x83,0x4B,0x81,0x5B,0x83,0x6C,0x83,0x62,0x83,0x67,0x83,0x8A,0x83,0x93,0x83,0x4F)
xi.synth_result_id_to_name_cp932[13478] = string.char(0x83,0x53,0x83,0x56,0x83,0x46,0x83,0x69,0x83,0x43,0x83,0x67,0x83,0x8A,0x83,0x93,0x83,0x4F)
xi.synth_result_id_to_name_cp932[13479] = string.char(0x83,0x41,0x83,0x81,0x83,0x67,0x83,0x8A,0x83,0x93,0x83,0x8A,0x83,0x93,0x83,0x4F)
xi.synth_result_id_to_name_cp932[13480] = string.char(0x83,0x5E,0x81,0x5B,0x83,0x52,0x83,0x43,0x83,0x59,0x83,0x8A,0x83,0x93,0x83,0x4F)
xi.synth_result_id_to_name_cp932[13481] = string.char(0x83,0x58,0x83,0x74,0x83,0x46,0x81,0x5B,0x83,0x93,0x83,0x8A,0x83,0x93,0x83,0x4F)
xi.synth_result_id_to_name_cp932[13482] = string.char(0x83,0x75,0x83,0x89,0x83,0x62,0x83,0x4E,0x83,0x8A,0x83,0x93,0x83,0x4F)
xi.synth_result_id_to_name_cp932[13483] = string.char(0x83,0x70,0x81,0x5B,0x83,0x8B,0x83,0x8A,0x83,0x93,0x83,0x4F)
xi.synth_result_id_to_name_cp932[13484] = string.char(0x83,0x57,0x83,0x46,0x83,0x5F,0x83,0x43,0x83,0x68,0x83,0x8A,0x83,0x93,0x83,0x4F)
xi.synth_result_id_to_name_cp932[13485] = string.char(0x83,0x54,0x83,0x93,0x83,0x8A,0x83,0x93,0x83,0x4F)
xi.synth_result_id_to_name_cp932[13486] = string.char(0x83,0x57,0x83,0x8B,0x83,0x52,0x83,0x93,0x83,0x8A,0x83,0x93,0x83,0x4F)
xi.synth_result_id_to_name_cp932[13487] = string.char(0x83,0x74,0x83,0x8D,0x81,0x5B,0x83,0x89,0x83,0x43,0x83,0x67,0x83,0x8A,0x83,0x93,0x83,0x4F)
xi.synth_result_id_to_name_cp932[13488] = string.char(0x83,0x41,0x83,0x4E,0x83,0x41,0x83,0x7D,0x83,0x8A,0x83,0x93,0x83,0x8A,0x83,0x93,0x83,0x4F)
xi.synth_result_id_to_name_cp932[13489] = string.char(0x83,0x4E,0x83,0x8A,0x83,0x5C,0x83,0x78,0x83,0x8A,0x83,0x8B,0x83,0x8A,0x83,0x93,0x83,0x4F)
xi.synth_result_id_to_name_cp932[13490] = string.char(0x83,0x79,0x83,0x43,0x83,0x69,0x83,0x43,0x83,0x67,0x83,0x8A,0x83,0x93,0x83,0x4F)
xi.synth_result_id_to_name_cp932[13491] = string.char(0x83,0x80,0x81,0x5B,0x83,0x93,0x83,0x8A,0x83,0x93,0x83,0x4F)
xi.synth_result_id_to_name_cp932[13498] = string.char(0x83,0x76,0x83,0x89,0x83,0x60,0x83,0x69,0x83,0x8A,0x83,0x93,0x83,0x4F,0x2B,0x31)
xi.synth_result_id_to_name_cp932[13514] = string.char(0x83,0x41,0x81,0x5B,0x83,0x60,0x83,0x83,0x81,0x5B,0x83,0x8A,0x83,0x93,0x83,0x4F)
xi.synth_result_id_to_name_cp932[13518] = string.char(0x83,0x56,0x83,0x8B,0x83,0x6F,0x81,0x5B,0x83,0x8A,0x83,0x93,0x83,0x4F,0x2B,0x31)
xi.synth_result_id_to_name_cp932[13519] = string.char(0x83,0x7E,0x83,0x58,0x83,0x8A,0x83,0x8B,0x83,0x8A,0x83,0x93,0x83,0x4F,0x2B,0x31)
xi.synth_result_id_to_name_cp932[13520] = string.char(0x83,0x53,0x81,0x5B,0x83,0x8B,0x83,0x68,0x83,0x8A,0x83,0x93,0x83,0x4F,0x2B,0x31)
xi.synth_result_id_to_name_cp932[13546] = string.char(0x83,0x6E,0x81,0x5B,0x83,0x68,0x83,0x8C,0x83,0x55,0x81,0x5B,0x83,0x8A,0x83,0x93,0x83,0x4F)
xi.synth_result_id_to_name_cp932[13568] = string.char(0x83,0x58,0x83,0x4A,0x81,0x5B,0x83,0x8C,0x83,0x62,0x83,0x67,0x83,0x8A,0x83,0x7B,0x83,0x93)
xi.synth_result_id_to_name_cp932[13570] = string.char(0x83,0x89,0x83,0x80,0x83,0x7D,0x83,0x93,0x83,0x67)
xi.synth_result_id_to_name_cp932[13571] = string.char(0x83,0x45,0x83,0x8B,0x83,0x74,0x83,0x7D,0x83,0x93,0x83,0x67)
xi.synth_result_id_to_name_cp932[13577] = string.char(0x83,0x75,0x83,0x89,0x83,0x62,0x83,0x4E,0x83,0x50,0x81,0x5B,0x83,0x76)
xi.synth_result_id_to_name_cp932[13578] = string.char(0x83,0x75,0x83,0x8B,0x81,0x5B,0x83,0x50,0x81,0x5B,0x83,0x76)
xi.synth_result_id_to_name_cp932[13579] = string.char(0x83,0x57,0x83,0x46,0x83,0x58,0x83,0x5E,0x81,0x5B,0x83,0x50,0x81,0x5B,0x83,0x76)
xi.synth_result_id_to_name_cp932[13583] = string.char(0x83,0x50,0x81,0x5B,0x83,0x76)
xi.synth_result_id_to_name_cp932[13584] = string.char(0x83,0x52,0x83,0x62,0x83,0x67,0x83,0x93,0x83,0x50,0x81,0x5B,0x83,0x76)
xi.synth_result_id_to_name_cp932[13585] = string.char(0x83,0x7A,0x83,0x8F,0x83,0x43,0x83,0x67,0x83,0x50,0x81,0x5B,0x83,0x76)
xi.synth_result_id_to_name_cp932[13586] = string.char(0x83,0x8C,0x83,0x62,0x83,0x68,0x83,0x50,0x81,0x5B,0x83,0x76)
xi.synth_result_id_to_name_cp932[13587] = string.char(0x83,0x8C,0x83,0x43,0x83,0x93,0x83,0x7B,0x81,0x5B,0x83,0x50,0x81,0x5B,0x83,0x76)
xi.synth_result_id_to_name_cp932[13588] = string.char(0x83,0x5F,0x83,0x8B,0x83,0x81,0x83,0x8B,0x83,0x7D,0x83,0x93,0x83,0x67)
xi.synth_result_id_to_name_cp932[13589] = string.char(0x83,0x5E,0x83,0x43,0x83,0x4B,0x81,0x5B,0x83,0x7D,0x83,0x93,0x83,0x67)
xi.synth_result_id_to_name_cp932[13590] = string.char(0x83,0x4F,0x83,0x8A,0x81,0x5B,0x83,0x93,0x83,0x8A,0x83,0x7B,0x83,0x93)
xi.synth_result_id_to_name_cp932[13591] = string.char(0x83,0x78,0x83,0x71,0x83,0x82,0x83,0x58,0x83,0x7D,0x83,0x93,0x83,0x67)
xi.synth_result_id_to_name_cp932[13592] = string.char(0x83,0x8A,0x83,0x55,0x81,0x5B,0x83,0x68,0x83,0x7D,0x83,0x93,0x83,0x67)
xi.synth_result_id_to_name_cp932[13593] = string.char(0x83,0x89,0x83,0x76,0x83,0x67,0x83,0x8B,0x83,0x7D,0x83,0x93,0x83,0x67)
xi.synth_result_id_to_name_cp932[13594] = string.char(0x83,0x89,0x83,0x72,0x83,0x62,0x83,0x67,0x83,0x7D,0x83,0x93,0x83,0x67)
xi.synth_result_id_to_name_cp932[13595] = string.char(0x83,0x4E,0x83,0x40,0x81,0x5B,0x83,0x8B,0x83,0x7D,0x83,0x93,0x83,0x67)
xi.synth_result_id_to_name_cp932[13597] = string.char(0x83,0x72,0x81,0x5B,0x83,0x4E,0x83,0x7D,0x83,0x93,0x83,0x67)
xi.synth_result_id_to_name_cp932[13613] = string.char(0x83,0x67,0x83,0x89,0x83,0x78,0x83,0x89,0x81,0x5B,0x83,0x7D,0x83,0x93,0x83,0x67)
xi.synth_result_id_to_name_cp932[13615] = string.char(0x83,0x5A,0x83,0x93,0x83,0x60,0x83,0x6C,0x83,0x8B,0x83,0x7D,0x83,0x93,0x83,0x67)
xi.synth_result_id_to_name_cp932[13622] = string.char(0x83,0x41,0x83,0x7E,0x83,0x65,0x83,0x42,0x83,0x50,0x81,0x5B,0x83,0x76)
xi.synth_result_id_to_name_cp932[13623] = string.char(0x83,0x41,0x81,0x5B,0x83,0x58,0x83,0x7D,0x83,0x93,0x83,0x67)
xi.synth_result_id_to_name_cp932[13624] = string.char(0x83,0x47,0x83,0x93,0x83,0x6E,0x83,0x93,0x83,0x58,0x83,0x7D,0x83,0x93,0x83,0x67)
xi.synth_result_id_to_name_cp932[13625] = string.char(0x83,0x63,0x83,0x93,0x83,0x68,0x83,0x89,0x83,0x7D,0x83,0x93,0x83,0x67)
xi.synth_result_id_to_name_cp932[13629] = string.char(0x83,0x73,0x81,0x5B,0x83,0x58,0x83,0x50,0x81,0x5B,0x83,0x76)
xi.synth_result_id_to_name_cp932[13631] = string.char(0x83,0x6D,0x83,0x7D,0x83,0x68,0x83,0x7D,0x83,0x93,0x83,0x67)
xi.synth_result_id_to_name_cp932[13633] = string.char(0x83,0x47,0x83,0x93,0x83,0x70,0x83,0x8F,0x81,0x5B,0x83,0x7D,0x83,0x93,0x83,0x67)
xi.synth_result_id_to_name_cp932[13635] = string.char(0x83,0x4C,0x83,0x83,0x83,0x6F,0x83,0x8A,0x81,0x5B,0x83,0x7D,0x83,0x93,0x83,0x67)
xi.synth_result_id_to_name_cp932[13637] = string.char(0x83,0x4B,0x83,0x43,0x83,0x41,0x83,0x7D,0x83,0x93,0x83,0x67)
xi.synth_result_id_to_name_cp932[13639] = string.char(0x83,0x49,0x81,0x5B,0x83,0x8D,0x83,0x89,0x83,0x7D,0x83,0x93,0x83,0x67)
xi.synth_result_id_to_name_cp932[13641] = string.char(0x83,0x75,0x83,0x89,0x83,0x62,0x83,0x4E,0x83,0x7D,0x83,0x93,0x83,0x67)
xi.synth_result_id_to_name_cp932[13643] = string.char(0x83,0x54,0x81,0x5B,0x83,0x5A,0x83,0x6C,0x83,0x62,0x83,0x67,0x83,0x50,0x81,0x5B,0x83,0x76)
xi.synth_result_id_to_name_cp932[13645] = string.char(0x83,0x41,0x83,0x81,0x83,0x7E,0x83,0x62,0x83,0x67,0x83,0x7D,0x83,0x93,0x83,0x67)
xi.synth_result_id_to_name_cp932[13649] = string.char(0x83,0x5E,0x83,0x74,0x83,0x5E,0x83,0x50,0x81,0x5B,0x83,0x76)
xi.synth_result_id_to_name_cp932[13651] = string.char(0x83,0x60,0x83,0x46,0x83,0x72,0x83,0x49,0x83,0x62,0x83,0x67,0x83,0x50,0x81,0x5B,0x83,0x76)
xi.synth_result_id_to_name_cp932[13653] = string.char(0x83,0x66,0x83,0x55,0x81,0x5B,0x83,0x67,0x83,0x7D,0x83,0x93,0x83,0x67)
xi.synth_result_id_to_name_cp932[13656] = string.char(0x83,0x47,0x83,0x89,0x83,0x93,0x83,0x67,0x83,0x50,0x81,0x5B,0x83,0x76)
xi.synth_result_id_to_name_cp932[13682] = string.char(0x83,0x47,0x81,0x5B,0x83,0x65,0x83,0x8B,0x83,0x5E,0x83,0x93,0x83,0x4E)
xi.synth_result_id_to_name_cp932[13683] = string.char(0x83,0x45,0x83,0x48,0x81,0x5B,0x83,0x5E,0x81,0x5B,0x83,0x5E,0x83,0x93,0x83,0x4E)
xi.synth_result_id_to_name_cp932[13684] = string.char(0x83,0x7C,0x81,0x5B,0x83,0x56,0x83,0x87,0x83,0x93,0x83,0x5E,0x83,0x93,0x83,0x4E)
xi.synth_result_id_to_name_cp932[13685] = string.char(0x83,0x43,0x83,0x93,0x83,0x72,0x83,0x57,0x83,0x7D,0x83,0x93,0x83,0x67)
xi.synth_result_id_to_name_cp932[13688] = string.char(0x82,0x67,0x83,0x7C,0x81,0x5B,0x83,0x56,0x83,0x87,0x83,0x93,0x83,0x5E,0x83,0x93,0x83,0x4E)
xi.synth_result_id_to_name_cp932[13689] = string.char(0x82,0x67,0x83,0x47,0x81,0x5B,0x83,0x65,0x83,0x8B,0x83,0x5E,0x83,0x93,0x83,0x4E)
xi.synth_result_id_to_name_cp932[13698] = string.char(0x83,0x72,0x81,0x5B,0x83,0x4E,0x83,0x77,0x83,0x8B,0x83,0x80)
xi.synth_result_id_to_name_cp932[13699] = string.char(0x83,0x72,0x81,0x5B,0x83,0x4E,0x83,0x57,0x83,0x83,0x81,0x5B,0x83,0x4C,0x83,0x93)
xi.synth_result_id_to_name_cp932[13700] = string.char(0x83,0x72,0x81,0x5B,0x83,0x4E,0x83,0x4F,0x83,0x8D,0x81,0x5B,0x83,0x75)
xi.synth_result_id_to_name_cp932[13702] = string.char(0x83,0x72,0x81,0x5B,0x83,0x4E,0x83,0x8C,0x83,0x66,0x83,0x8B,0x83,0x5A,0x83,0x93)
xi.synth_result_id_to_name_cp932[13703] = string.char(0x83,0x75,0x83,0x8A,0x83,0x4B,0x83,0x93,0x83,0x5F,0x83,0x43,0x83,0x93)
xi.synth_result_id_to_name_cp932[13704] = string.char(0x83,0x49,0x81,0x5B,0x83,0x4B,0x83,0x7D,0x83,0x58,0x83,0x4E)
xi.synth_result_id_to_name_cp932[13705] = string.char(0x83,0x49,0x81,0x5B,0x83,0x4B,0x83,0x57,0x83,0x83,0x81,0x5B,0x83,0x4C,0x83,0x93)
xi.synth_result_id_to_name_cp932[13706] = string.char(0x83,0x49,0x81,0x5B,0x83,0x4B,0x83,0x4F,0x83,0x8D,0x81,0x5B,0x83,0x75)
xi.synth_result_id_to_name_cp932[13708] = string.char(0x83,0x49,0x81,0x5B,0x83,0x4B,0x83,0x8C,0x83,0x66,0x83,0x8B,0x83,0x5A,0x83,0x93)
xi.synth_result_id_to_name_cp932[13711] = string.char(0x83,0x4A,0x83,0x89,0x83,0x70,0x83,0x58,0x83,0x7D,0x83,0x58,0x83,0x4E)
xi.synth_result_id_to_name_cp932[13712] = string.char(0x83,0x4A,0x83,0x89,0x83,0x70,0x83,0x58,0x83,0x6E,0x81,0x5B,0x83,0x6C,0x83,0x58)
xi.synth_result_id_to_name_cp932[13713] = string.char(0x83,0x4A,0x83,0x89,0x83,0x70,0x83,0x58,0x83,0x7E,0x83,0x67,0x83,0x93)
xi.synth_result_id_to_name_cp932[13715] = string.char(0x83,0x4A,0x83,0x89,0x83,0x70,0x83,0x58,0x83,0x8C,0x83,0x4D,0x83,0x93,0x83,0x58)
xi.synth_result_id_to_name_cp932[13718] = string.char(0x89,0xA4,0x8D,0x91,0x95,0xBA,0x90,0xA7,0x8E,0xAE,0x95,0x9E)
xi.synth_result_id_to_name_cp932[13719] = string.char(0x89,0xA4,0x8D,0x91,0x8F,0x5D,0x8E,0x6D,0x90,0xA7,0x8E,0xAE,0x92,0xB7,0x88,0xDF)
xi.synth_result_id_to_name_cp932[13720] = string.char(0x89,0xA4,0x8D,0x91,0x8B,0x52,0x8E,0x6D,0x90,0xA7,0x8E,0xAE,0x8A,0x4F,0x93,0x85)
xi.synth_result_id_to_name_cp932[13721] = string.char(0x8D,0x7C,0x93,0x53,0x8F,0x65,0x8E,0x6D,0x91,0xE0,0x90,0xA7,0x8E,0xAE,0x95,0x9E)
xi.synth_result_id_to_name_cp932[13728] = string.char(0x8F,0x5F,0x8F,0x70,0x92,0x85)
xi.synth_result_id_to_name_cp932[13729] = string.char(0x83,0x76,0x83,0x8A,0x81,0x5B,0x83,0x58,0x83,0x67,0x83,0x8D,0x81,0x5B,0x83,0x75)
xi.synth_result_id_to_name_cp932[13732] = string.char(0x83,0x41,0x81,0x5B,0x83,0x58,0x83,0x5F,0x83,0x75,0x83,0x8C,0x83,0x62,0x83,0x67)
xi.synth_result_id_to_name_cp932[13740] = string.char(0x83,0x6F,0x81,0x5B,0x83,0x6A,0x81,0x5B)
xi.synth_result_id_to_name_cp932[13742] = string.char(0x83,0x41,0x83,0x4E,0x83,0x67,0x83,0x93)
xi.synth_result_id_to_name_cp932[13744] = string.char(0x83,0x57,0x83,0x85,0x83,0x58,0x83,0x67,0x83,0x52,0x81,0x5B,0x83,0x8B)
xi.synth_result_id_to_name_cp932[13748] = string.char(0x83,0x6F,0x81,0x5B,0x83,0x7E,0x83,0x8A,0x83,0x49,0x83,0x4E,0x83,0x8D,0x81,0x5B,0x83,0x4E)
xi.synth_result_id_to_name_cp932[13750] = string.char(0x83,0x8A,0x83,0x6C,0x83,0x93,0x83,0x5F,0x83,0x75,0x83,0x8C,0x83,0x62,0x83,0x67)
xi.synth_result_id_to_name_cp932[13752] = string.char(0x83,0x45,0x81,0x5B,0x83,0x8B,0x83,0x5F,0x83,0x75,0x83,0x8C,0x83,0x62,0x83,0x67)
xi.synth_result_id_to_name_cp932[13754] = string.char(0x83,0x75,0x83,0x89,0x83,0x62,0x83,0x4E,0x83,0x52,0x83,0x5E,0x83,0x8B,0x83,0x66,0x83,0x42)
xi.synth_result_id_to_name_cp932[13757] = string.char(0x83,0x8D,0x81,0x5B,0x83,0x68,0x83,0x4C,0x83,0x85,0x83,0x43,0x83,0x89,0x83,0x58)
xi.synth_result_id_to_name_cp932[13767] = string.char(0x83,0x66,0x81,0x5B,0x83,0x82,0x83,0x93,0x83,0x6E,0x81,0x5B,0x83,0x6C,0x83,0x58)
xi.synth_result_id_to_name_cp932[13772] = string.char(0x83,0x75,0x83,0x89,0x83,0x62,0x83,0x66,0x83,0x42,0x83,0x41,0x83,0x4E,0x83,0x67,0x83,0x93)
xi.synth_result_id_to_name_cp932[13775] = string.char(0x83,0x75,0x83,0x8B,0x81,0x5B,0x83,0x52,0x83,0x5E,0x83,0x8B,0x83,0x66,0x83,0x42)
xi.synth_result_id_to_name_cp932[13779] = string.char(0x83,0x75,0x83,0x89,0x83,0x62,0x83,0x4E,0x83,0x4E,0x83,0x8D,0x81,0x5B,0x83,0x4E)
xi.synth_result_id_to_name_cp932[13783] = string.char(0x83,0x41,0x83,0x43,0x83,0x41,0x83,0x93,0x83,0x58,0x83,0x50,0x83,0x43,0x83,0x8B)
xi.synth_result_id_to_name_cp932[13785] = string.char(0x83,0x58,0x83,0x60,0x81,0x5B,0x83,0x8B,0x83,0x58,0x83,0x50,0x83,0x43,0x83,0x8B)
xi.synth_result_id_to_name_cp932[13789] = string.char(0x83,0x4A,0x83,0x89,0x83,0x70,0x83,0x58,0x83,0x75,0x83,0x8C,0x83,0x58,0x83,0x67)
xi.synth_result_id_to_name_cp932[13795] = string.char(0x97,0x85,0x8A,0xBF,0x8D,0xEC,0x96,0xB1,0x88,0xDF)
xi.synth_result_id_to_name_cp932[13796] = string.char(0x83,0x72,0x83,0x56,0x83,0x87,0x83,0x62,0x83,0x76,0x83,0x8D,0x81,0x5B,0x83,0x75)
xi.synth_result_id_to_name_cp932[13798] = string.char(0x83,0x4B,0x83,0x43,0x83,0x41,0x83,0x5F,0x83,0x75,0x83,0x8C,0x83,0x62,0x83,0x67)
xi.synth_result_id_to_name_cp932[13800] = string.char(0x92,0x42,0x90,0x6C,0x92,0x85)
xi.synth_result_id_to_name_cp932[13806] = string.char(0x83,0x6F,0x83,0x4B,0x83,0x7B,0x83,0x93,0x83,0x68,0x83,0x60,0x83,0x85,0x83,0x6A,0x83,0x4A)
xi.synth_result_id_to_name_cp932[13808] = string.char(0x83,0x74,0x83,0x42,0x83,0x62,0x83,0x56,0x83,0x83,0x83,0x60,0x83,0x85,0x83,0x6A,0x83,0x4A)
xi.synth_result_id_to_name_cp932[13810] = string.char(0x83,0x60,0x83,0x87,0x83,0x52,0x83,0x7B,0x83,0x57,0x83,0x83,0x83,0x62,0x83,0x4E)
xi.synth_result_id_to_name_cp932[13812] = string.char(0x83,0x7A,0x81,0x5B,0x83,0x8A,0x81,0x5B,0x83,0x75,0x83,0x8C,0x83,0x58,0x83,0x67)
xi.synth_result_id_to_name_cp932[13814] = string.char(0x83,0x49,0x83,0x58,0x83,0x65,0x83,0x41,0x83,0x8D,0x81,0x5B,0x83,0x75)
xi.synth_result_id_to_name_cp932[13816] = string.char(0x83,0x69,0x83,0x89,0x83,0x56,0x83,0x93,0x83,0x6E,0x83,0x78,0x83,0x58,0x83,0x67)
xi.synth_result_id_to_name_cp932[13823] = string.char(0x83,0x8A,0x83,0x57,0x83,0x46,0x83,0x6C,0x83,0x4C,0x83,0x85,0x83,0x43,0x83,0x89,0x83,0x58)
xi.synth_result_id_to_name_cp932[13830] = string.char(0x8B,0xA4,0x98,0x61,0x8C,0x52,0x92,0x63,0x95,0xBA,0x90,0xA7,0x8E,0xAE,0x94,0xAF,0x8F,0xFC)
xi.synth_result_id_to_name_cp932[13838] = string.char(0x83,0x68,0x83,0x62,0x83,0x57,0x83,0x77,0x83,0x62,0x83,0x68,0x83,0x6F,0x83,0x93,0x83,0x68)
xi.synth_result_id_to_name_cp932[13839] = string.char(0x83,0x7D,0x83,0x8A,0x83,0x93,0x83,0x6E,0x83,0x62,0x83,0x67)
xi.synth_result_id_to_name_cp932[13846] = string.char(0x83,0x58,0x83,0x52,0x83,0x73,0x83,0x49,0x83,0x77,0x83,0x8B,0x83,0x80)
xi.synth_result_id_to_name_cp932[13871] = string.char(0x83,0x41,0x83,0x43,0x83,0x41,0x83,0x93,0x83,0x6F,0x83,0x43,0x83,0x55,0x81,0x5B)
xi.synth_result_id_to_name_cp932[13873] = string.char(0x83,0x58,0x83,0x60,0x81,0x5B,0x83,0x8B,0x83,0x6F,0x83,0x43,0x83,0x55,0x81,0x5B)
xi.synth_result_id_to_name_cp932[13878] = string.char(0x83,0x4A,0x83,0x89,0x83,0x70,0x83,0x58,0x83,0x77,0x83,0x8B,0x83,0x80)
xi.synth_result_id_to_name_cp932[13881] = string.char(0x97,0x85,0x8A,0xBF,0x90,0x77,0x94,0xAB)
xi.synth_result_id_to_name_cp932[13882] = string.char(0x83,0x52,0x83,0x8B,0x83,0x5A,0x83,0x41,0x83,0x6E,0x83,0x62,0x83,0x67)
xi.synth_result_id_to_name_cp932[13884] = string.char(0x93,0xB9,0x89,0xBB,0x82,0xCC,0x83,0x77,0x83,0x62,0x83,0x68,0x83,0x6F,0x83,0x93,0x83,0x68)
xi.synth_result_id_to_name_cp932[13887] = string.char(0x83,0x75,0x83,0x89,0x83,0x62,0x83,0x4E,0x83,0x54,0x83,0x8A,0x83,0x62,0x83,0x67)
xi.synth_result_id_to_name_cp932[13889] = string.char(0x8B,0xA4,0x98,0x61,0x8C,0x52,0x92,0x63,0x95,0xBA,0x96,0x58,0x2B,0x31)
xi.synth_result_id_to_name_cp932[13891] = string.char(0x89,0xA4,0x8D,0x91,0x8F,0x5D,0x8E,0x6D,0x99,0x68,0x2B,0x31)
xi.synth_result_id_to_name_cp932[13893] = string.char(0x8D,0x7C,0x93,0x53,0x8F,0x65,0x8E,0x6D,0x91,0xE0,0x99,0x68,0x2B,0x31)
xi.synth_result_id_to_name_cp932[13895] = string.char(0x89,0xA4,0x8D,0x91,0x95,0xBA,0x94,0xAB,0x8B,0xE0,0x2B,0x31)
xi.synth_result_id_to_name_cp932[13897] = string.char(0x95,0x53,0x90,0x6C,0x91,0xE0,0x92,0xB7,0x96,0xCA,0x8B,0xEF,0x2B,0x31)
xi.synth_result_id_to_name_cp932[13899] = string.char(0x8B,0xA4,0x98,0x61,0x8C,0x52,0x92,0x63,0x95,0xBA,0x94,0xAF,0x8F,0xFC,0x2B,0x31)
xi.synth_result_id_to_name_cp932[13901] = string.char(0x97,0x62,0x95,0xBA,0x94,0xAB,0x8A,0xAA,0x2B,0x31)
xi.synth_result_id_to_name_cp932[13903] = string.char(0x97,0x62,0x95,0xBA,0x91,0xE0,0x92,0xB7,0x96,0xCA,0x8B,0xEF,0x2B,0x31)
xi.synth_result_id_to_name_cp932[13905] = string.char(0x98,0x41,0x96,0x4D,0x8C,0x52,0x8E,0x74,0x96,0x58,0x8E,0x71,0x2B,0x31)
xi.synth_result_id_to_name_cp932[13910] = string.char(0x98,0x51,0x8E,0x6D,0x90,0x77,0x94,0xAB)
xi.synth_result_id_to_name_cp932[13918] = string.char(0x83,0x5E,0x83,0x43,0x83,0x4B,0x81,0x5B,0x83,0x7D,0x83,0x58,0x83,0x4E)
xi.synth_result_id_to_name_cp932[13920] = string.char(0x83,0x8F,0x83,0x43,0x83,0x6F,0x81,0x5B,0x83,0x93,0x83,0x77,0x83,0x8B,0x83,0x80)
xi.synth_result_id_to_name_cp932[13922] = string.char(0x83,0x66,0x81,0x5B,0x83,0x82,0x83,0x93,0x83,0x77,0x83,0x8B,0x83,0x80)
xi.synth_result_id_to_name_cp932[13925] = string.char(0x97,0x85,0x99,0x8B,0x90,0x77,0x94,0xAB)
xi.synth_result_id_to_name_cp932[13929] = string.char(0x83,0x47,0x83,0x89,0x83,0x93,0x83,0x67,0x83,0x6E,0x83,0x62,0x83,0x67)
xi.synth_result_id_to_name_cp932[13931] = string.char(0x83,0x8A,0x83,0x89,0x83,0x52,0x83,0x54,0x81,0x5B,0x83,0x57,0x83,0x85)
xi.synth_result_id_to_name_cp932[13936] = string.char(0x83,0x68,0x83,0x89,0x83,0x53,0x83,0x93,0x83,0x4C,0x83,0x83,0x83,0x62,0x83,0x76)
xi.synth_result_id_to_name_cp932[13939] = string.char(0x83,0x49,0x83,0x58,0x83,0x65,0x83,0x41,0x83,0x6E,0x83,0x62,0x83,0x67)
xi.synth_result_id_to_name_cp932[13942] = string.char(0x83,0x70,0x83,0x93,0x83,0x54,0x81,0x5B,0x83,0x7D,0x83,0x58,0x83,0x4E)
xi.synth_result_id_to_name_cp932[13950] = string.char(0x83,0x47,0x83,0x8A,0x81,0x5B,0x83,0x67,0x83,0x78,0x83,0x8C,0x81,0x5B)
xi.synth_result_id_to_name_cp932[13957] = string.char(0x96,0xE9,0x8D,0xB3,0x8E,0xE8,0x8D,0x62)
xi.synth_result_id_to_name_cp932[13979] = string.char(0x83,0x56,0x83,0x8B,0x83,0x6F,0x81,0x5B,0x83,0x6F,0x83,0x93,0x83,0x4F,0x83,0x8B)
xi.synth_result_id_to_name_cp932[13981] = string.char(0x83,0x5E,0x81,0x5B,0x83,0x67,0x83,0x8B,0x83,0x6F,0x83,0x93,0x83,0x4F,0x83,0x8B)
xi.synth_result_id_to_name_cp932[13983] = string.char(0x83,0x53,0x81,0x5B,0x83,0x8B,0x83,0x68,0x83,0x6F,0x83,0x93,0x83,0x4F,0x83,0x8B)
xi.synth_result_id_to_name_cp932[13985] = string.char(0x83,0x76,0x83,0x89,0x83,0x60,0x83,0x69,0x83,0x6F,0x83,0x93,0x83,0x4F,0x83,0x8B)
xi.synth_result_id_to_name_cp932[13987] = string.char(0x83,0x52,0x81,0x5B,0x83,0x89,0x83,0x8B,0x83,0x6F,0x83,0x93,0x83,0x4F,0x83,0x8B)
xi.synth_result_id_to_name_cp932[14001] = string.char(0x83,0x41,0x83,0x43,0x83,0x41,0x83,0x93,0x83,0x74,0x83,0x42,0x83,0x93,0x83,0x4B,0x81,0x5B)
xi.synth_result_id_to_name_cp932[14003] = string.char(0x83,0x58,0x83,0x60,0x81,0x5B,0x83,0x8B,0x83,0x74,0x83,0x42,0x83,0x93,0x83,0x4B,0x81,0x5B)
xi.synth_result_id_to_name_cp932[14005] = string.char(0x8C,0xDC,0x8C,0x8E,0x89,0x4A,0x8E,0xE8,0x8D,0x62)
xi.synth_result_id_to_name_cp932[14008] = string.char(0x83,0x4A,0x83,0x89,0x83,0x70,0x83,0x58,0x83,0x4B,0x83,0x93,0x83,0x67,0x83,0x8C)
xi.synth_result_id_to_name_cp932[14010] = string.char(0x83,0x75,0x83,0x89,0x83,0x62,0x83,0x4E,0x83,0x4B,0x83,0x68,0x83,0x8A,0x83,0x93,0x83,0x4F)
xi.synth_result_id_to_name_cp932[14023] = string.char(0x97,0x85,0x8A,0xBF,0x8E,0xE8,0x8D,0x62)
xi.synth_result_id_to_name_cp932[14024] = string.char(0x83,0x66,0x83,0x7B,0x83,0x65,0x83,0x42,0x81,0x5B,0x83,0x7E,0x83,0x67,0x83,0x93)
xi.synth_result_id_to_name_cp932[14026] = string.char(0x95,0x58,0x89,0x4A,0x8E,0xE8,0x8D,0x62)
xi.synth_result_id_to_name_cp932[14029] = string.char(0x89,0xA4,0x8D,0x91,0x8B,0x52,0x8E,0x6D,0x8D,0xBD,0x8E,0xE8,0x91,0xDC,0x2B,0x31)
xi.synth_result_id_to_name_cp932[14031] = string.char(0x8B,0xA4,0x98,0x61,0x8C,0x52,0x92,0x63,0x95,0xBA,0x98,0x55,0x8E,0xE8,0x2B,0x31)
xi.synth_result_id_to_name_cp932[14033] = string.char(0x89,0xA4,0x8D,0x91,0x8F,0x5D,0x8E,0x6D,0x8D,0xBD,0x8E,0xE8,0x91,0xDC,0x2B,0x31)
xi.synth_result_id_to_name_cp932[14035] = string.char(0x8D,0x7C,0x93,0x53,0x8F,0x65,0x8E,0x6D,0x91,0xE0,0x98,0x55,0x8E,0xE8,0x2B,0x31)
xi.synth_result_id_to_name_cp932[14037] = string.char(0x89,0xA4,0x8D,0x91,0x95,0xBA,0x8A,0x76,0x8E,0xE8,0x91,0xDC,0x2B,0x31)
xi.synth_result_id_to_name_cp932[14039] = string.char(0x95,0x53,0x90,0x6C,0x91,0xE0,0x92,0xB7,0x98,0x55,0x8E,0xE8,0x2B,0x31)
xi.synth_result_id_to_name_cp932[14043] = string.char(0x97,0x62,0x95,0xBA,0x8E,0xE8,0x8D,0x62,0x2B,0x31)
xi.synth_result_id_to_name_cp932[14045] = string.char(0x97,0x62,0x95,0xBA,0x91,0xE0,0x92,0xB7,0x8C,0x52,0x8E,0xE8,0x2B,0x31)
xi.synth_result_id_to_name_cp932[14047] = string.char(0x98,0x41,0x96,0x4D,0x96,0x82,0x90,0xED,0x8E,0x6D,0x8E,0xE8,0x91,0xDC,0x2B,0x31)
xi.synth_result_id_to_name_cp932[14049] = string.char(0x98,0x41,0x96,0x4D,0x8C,0x52,0x8E,0x74,0x91,0xB3,0x8F,0xFC,0x82,0xE8,0x2B,0x31)
xi.synth_result_id_to_name_cp932[14051] = string.char(0x83,0x41,0x83,0x8B,0x83,0x7E,0x83,0x69,0x83,0x80,0x83,0x74,0x83,0x8B)
xi.synth_result_id_to_name_cp932[14053] = string.char(0x83,0x67,0x83,0x8C,0x83,0x5F,0x81,0x5B,0x83,0x4A,0x83,0x74,0x83,0x58)
xi.synth_result_id_to_name_cp932[14055] = string.char(0x83,0x86,0x83,0x6A,0x83,0x52,0x83,0x93,0x83,0x7E,0x83,0x67,0x83,0x93)
xi.synth_result_id_to_name_cp932[14065] = string.char(0x83,0x4B,0x81,0x5B,0x83,0x66,0x83,0x93,0x83,0x6F,0x83,0x93,0x83,0x4F,0x83,0x8B)
xi.synth_result_id_to_name_cp932[14067] = string.char(0x83,0x5E,0x83,0x89,0x83,0x58,0x83,0x4E,0x83,0x7E,0x83,0x67,0x83,0x93)
xi.synth_result_id_to_name_cp932[14068] = string.char(0x83,0x6F,0x83,0x4B,0x83,0x7B,0x83,0x93,0x83,0x68,0x83,0x4F,0x83,0x8D,0x81,0x5B,0x83,0x75)
xi.synth_result_id_to_name_cp932[14070] = string.char(0x83,0x74,0x83,0x42,0x83,0x62,0x83,0x56,0x83,0x83,0x83,0x4F,0x83,0x8D,0x81,0x5B,0x83,0x75)
xi.synth_result_id_to_name_cp932[14072] = string.char(0x83,0x60,0x83,0x87,0x83,0x52,0x83,0x7B,0x83,0x4F,0x83,0x8D,0x81,0x5B,0x83,0x75)
xi.synth_result_id_to_name_cp932[14078] = string.char(0x83,0x47,0x83,0x89,0x83,0x93,0x83,0x67,0x83,0x4A,0x83,0x74,0x83,0x58)
xi.synth_result_id_to_name_cp932[14080] = string.char(0x83,0x58,0x83,0x67,0x83,0x89,0x83,0x43,0x83,0x5F,0x81,0x5B,0x83,0x75,0x81,0x5B,0x83,0x63)
xi.synth_result_id_to_name_cp932[14116] = string.char(0x83,0x49,0x83,0x70,0x81,0x5B,0x83,0x89,0x83,0x43,0x83,0x93,0x83,0x75,0x81,0x5B,0x83,0x63)
xi.synth_result_id_to_name_cp932[14117] = string.char(0x8E,0x4B,0x82,0xD1,0x82,0xBD,0x83,0x8C,0x83,0x4D,0x83,0x93,0x83,0x58)
xi.synth_result_id_to_name_cp932[14118] = string.char(0x83,0x41,0x83,0x43,0x83,0x41,0x83,0x93,0x83,0x4F,0x83,0x8A,0x81,0x5B,0x83,0x94)
xi.synth_result_id_to_name_cp932[14120] = string.char(0x83,0x58,0x83,0x60,0x81,0x5B,0x83,0x8B,0x83,0x4F,0x83,0x8A,0x81,0x5B,0x83,0x94)
xi.synth_result_id_to_name_cp932[14128] = string.char(0x83,0x4E,0x83,0x93,0x83,0x74,0x81,0x5B,0x83,0x56,0x83,0x85,0x81,0x5B,0x83,0x59)
xi.synth_result_id_to_name_cp932[14129] = string.char(0x97,0x85,0x8A,0xBF,0xE3,0xF8,0x93,0x96)
xi.synth_result_id_to_name_cp932[14130] = string.char(0x83,0x45,0x81,0x5B,0x83,0x8D,0x83,0x93,0x83,0x56,0x83,0x85,0x81,0x5B,0x83,0x59)
xi.synth_result_id_to_name_cp932[14132] = string.char(0x83,0x45,0x83,0x42,0x83,0x93,0x83,0x4F,0x83,0x75,0x81,0x5B,0x83,0x63)
xi.synth_result_id_to_name_cp932[14134] = string.char(0x83,0x47,0x83,0x41,0x83,0x5C,0x83,0x8C,0x83,0x41)
xi.synth_result_id_to_name_cp932[14137] = string.char(0x89,0xA4,0x8D,0x91,0x8B,0x52,0x8E,0x6D,0x8D,0xBD,0x8C,0x43,0x2B,0x31)
xi.synth_result_id_to_name_cp932[14139] = string.char(0x8B,0xA4,0x98,0x61,0x8C,0x52,0x92,0x63,0x95,0xBA,0x91,0xAB,0x8A,0x5A,0x2B,0x31)
xi.synth_result_id_to_name_cp932[14141] = string.char(0x89,0xA4,0x8D,0x91,0x8F,0x5D,0x8E,0x6D,0x8D,0xBD,0x8C,0x43,0x2B,0x31)
xi.synth_result_id_to_name_cp932[14143] = string.char(0x8D,0x7C,0x93,0x53,0x8F,0x65,0x8E,0x6D,0x91,0xE0,0x93,0x53,0x8C,0x43,0x2B,0x31)
xi.synth_result_id_to_name_cp932[14145] = string.char(0x89,0xA4,0x8D,0x91,0x95,0xBA,0x92,0xB7,0x8C,0x43,0x2B,0x31)
xi.synth_result_id_to_name_cp932[14147] = string.char(0x95,0x53,0x90,0x6C,0x91,0xE0,0x92,0xB7,0xE3,0xF8,0x93,0x96,0x2B,0x31)
xi.synth_result_id_to_name_cp932[14149] = string.char(0x89,0xA4,0x8D,0x91,0x95,0xBA,0x8C,0x43,0x2B,0x31)
xi.synth_result_id_to_name_cp932[14151] = string.char(0x97,0x62,0x95,0xBA,0x8B,0x72,0xE3,0x4A,0x2B,0x31)
xi.synth_result_id_to_name_cp932[14153] = string.char(0x97,0x62,0x95,0xBA,0x91,0xE0,0x92,0xB7,0x8B,0x72,0xE3,0x4A,0x2B,0x31)
xi.synth_result_id_to_name_cp932[14155] = string.char(0x98,0x41,0x96,0x4D,0x96,0x82,0x90,0xED,0x8E,0x6D,0x8A,0x76,0x8C,0x43,0x2B,0x31)
xi.synth_result_id_to_name_cp932[14157] = string.char(0x98,0x41,0x96,0x4D,0x8C,0x52,0x8E,0x74,0x8C,0x43,0x2B,0x31)
xi.synth_result_id_to_name_cp932[14164] = string.char(0x83,0x43,0x83,0x93,0x83,0x74,0x83,0x46,0x83,0x8B,0x83,0x6D,0x83,0x54,0x83,0x7B)
xi.synth_result_id_to_name_cp932[14166] = string.char(0x83,0x66,0x83,0x55,0x81,0x5B,0x83,0x67,0x83,0x75,0x81,0x5B,0x83,0x63)
xi.synth_result_id_to_name_cp932[14169] = string.char(0x83,0x6F,0x83,0x4B,0x83,0x7B,0x83,0x93,0x83,0x68,0x83,0x75,0x81,0x5B,0x83,0x63)
xi.synth_result_id_to_name_cp932[14171] = string.char(0x83,0x74,0x83,0x42,0x83,0x62,0x83,0x56,0x83,0x83,0x83,0x75,0x81,0x5B,0x83,0x63)
xi.synth_result_id_to_name_cp932[14173] = string.char(0x83,0x60,0x83,0x87,0x83,0x52,0x83,0x7B,0x83,0x75,0x81,0x5B,0x83,0x63)
xi.synth_result_id_to_name_cp932[14176] = string.char(0x83,0x74,0x83,0x42,0x81,0x5B,0x83,0x8B,0x83,0x68,0x83,0x75,0x81,0x5B,0x83,0x63)
xi.synth_result_id_to_name_cp932[14178] = string.char(0x97,0x85,0x99,0x8B,0xE3,0xF8,0x93,0x96)
xi.synth_result_id_to_name_cp932[14182] = string.char(0x83,0x47,0x83,0x89,0x83,0x93,0x83,0x67,0x83,0x73,0x83,0x4B,0x83,0x62,0x83,0x56,0x83,0x85)
xi.synth_result_id_to_name_cp932[14186] = string.char(0x83,0x68,0x83,0x89,0x83,0x53,0x83,0x93,0x83,0x8C,0x83,0x4D,0x83,0x93,0x83,0x58)
xi.synth_result_id_to_name_cp932[14189] = string.char(0x83,0x49,0x83,0x58,0x83,0x65,0x83,0x41,0x83,0x54,0x83,0x7B)
xi.synth_result_id_to_name_cp932[14191] = string.char(0x83,0x71,0x83,0x8D,0x83,0x43,0x83,0x62,0x83,0x4E,0x83,0x75,0x81,0x5B,0x83,0x63)
xi.synth_result_id_to_name_cp932[14196] = string.char(0x83,0x5F,0x83,0x93,0x83,0x58,0x83,0x56,0x83,0x85,0x81,0x5B,0x83,0x59)
xi.synth_result_id_to_name_cp932[14242] = string.char(0x8E,0x4B,0x82,0xD1,0x82,0xBD,0x83,0x54,0x83,0x75,0x83,0x8A,0x83,0x4B)
xi.synth_result_id_to_name_cp932[14243] = string.char(0x83,0x41,0x83,0x43,0x83,0x41,0x83,0x93,0x83,0x4E,0x83,0x45,0x83,0x42,0x83,0x58)
xi.synth_result_id_to_name_cp932[14245] = string.char(0x83,0x58,0x83,0x60,0x81,0x5B,0x83,0x8B,0x83,0x4E,0x83,0x45,0x83,0x42,0x83,0x58)
xi.synth_result_id_to_name_cp932[14249] = string.char(0x83,0x49,0x83,0x70,0x81,0x5B,0x83,0x89,0x83,0x43,0x83,0x93,0x83,0x7A,0x81,0x5B,0x83,0x59)
xi.synth_result_id_to_name_cp932[14253] = string.char(0x97,0x85,0x8A,0xBF,0x93,0x9B,0x8C,0xD1)
xi.synth_result_id_to_name_cp932[14254] = string.char(0x92,0x42,0x90,0x6C,0x89,0xBA,0x82,0xCE,0x82,0xAB)
xi.synth_result_id_to_name_cp932[14259] = string.char(0x8B,0xA4,0x98,0x61,0x8C,0x52,0x92,0x63,0x95,0xBA,0x8D,0x98,0x88,0xDF,0x2B,0x31)
xi.synth_result_id_to_name_cp932[14261] = string.char(0x89,0xA4,0x8D,0x91,0x8F,0x5D,0x8E,0x6D,0x89,0xBA,0x88,0xDF,0x2B,0x31)
xi.synth_result_id_to_name_cp932[14263] = string.char(0x8D,0x7C,0x93,0x53,0x8F,0x65,0x8E,0x6D,0x91,0xE0,0x8C,0xD2,0x93,0x96,0x2B,0x31)
xi.synth_result_id_to_name_cp932[14265] = string.char(0x89,0xA4,0x8D,0x91,0x95,0xBA,0x8D,0x98,0x88,0xDF,0x2B,0x31)
xi.synth_result_id_to_name_cp932[14267] = string.char(0x95,0x53,0x90,0x6C,0x91,0xE0,0x92,0xB7,0x8C,0xD2,0x93,0x96,0x2B,0x31)
xi.synth_result_id_to_name_cp932[14269] = string.char(0x97,0x62,0x95,0xBA,0x89,0xBA,0x82,0xCE,0x82,0xAB,0x2B,0x31)
xi.synth_result_id_to_name_cp932[14271] = string.char(0x97,0x62,0x95,0xBA,0x91,0xE0,0x92,0xB7,0x89,0xBA,0x88,0xDF,0x2B,0x31)
xi.synth_result_id_to_name_cp932[14273] = string.char(0x8B,0x60,0x97,0x45,0x95,0xBA,0x89,0xBA,0x88,0xDF,0x2B,0x31)
xi.synth_result_id_to_name_cp932[14275] = string.char(0x98,0x41,0x96,0x4D,0x96,0x82,0x90,0xED,0x8E,0x6D,0x89,0xBA,0x88,0xDF,0x2B,0x31)
xi.synth_result_id_to_name_cp932[14277] = string.char(0x98,0x41,0x96,0x4D,0x8C,0x52,0x8E,0x74,0x89,0xBA,0x88,0xDF,0x2B,0x31)
xi.synth_result_id_to_name_cp932[14284] = string.char(0x83,0x6D,0x81,0x5B,0x83,0x55,0x83,0x93,0x83,0x57,0x83,0x83,0x81,0x5B,0x83,0x4C,0x83,0x93)
xi.synth_result_id_to_name_cp932[14288] = string.char(0x83,0x4E,0x83,0x89,0x83,0x45,0x83,0x93,0x83,0x54,0x83,0x75,0x83,0x8A,0x83,0x4B)
xi.synth_result_id_to_name_cp932[14290] = string.char(0x83,0x6F,0x83,0x4B,0x83,0x7B,0x83,0x93,0x83,0x68,0x83,0x7A,0x81,0x5B,0x83,0x59)
xi.synth_result_id_to_name_cp932[14292] = string.char(0x83,0x74,0x83,0x42,0x83,0x62,0x83,0x56,0x83,0x83,0x83,0x7A,0x81,0x5B,0x83,0x59)
xi.synth_result_id_to_name_cp932[14294] = string.char(0x83,0x60,0x83,0x87,0x83,0x52,0x83,0x7B,0x83,0x7A,0x81,0x5B,0x83,0x59)
xi.synth_result_id_to_name_cp932[14297] = string.char(0x83,0x74,0x83,0x42,0x81,0x5B,0x83,0x8B,0x83,0x68,0x83,0x7A,0x81,0x5B,0x83,0x59)
xi.synth_result_id_to_name_cp932[14299] = string.char(0x97,0x85,0x99,0x8B,0x93,0x9B,0x8C,0xD1)
xi.synth_result_id_to_name_cp932[14301] = string.char(0x83,0x47,0x83,0x89,0x83,0x93,0x83,0x67,0x83,0x58,0x83,0x8D,0x83,0x62,0x83,0x76,0x83,0x58)
xi.synth_result_id_to_name_cp932[14305] = string.char(0x83,0x68,0x83,0x89,0x83,0x53,0x83,0x93,0x83,0x54,0x83,0x75,0x83,0x8A,0x83,0x4B)
xi.synth_result_id_to_name_cp932[14310] = string.char(0x83,0x49,0x83,0x58,0x83,0x65,0x83,0x41,0x83,0x58,0x83,0x8D,0x83,0x62,0x83,0x76,0x83,0x58)
xi.synth_result_id_to_name_cp932[14315] = string.char(0x83,0x56,0x83,0x83,0x83,0x43,0x83,0x8B,0x83,0x54,0x83,0x89,0x83,0x45,0x83,0x42,0x83,0x8B)
xi.synth_result_id_to_name_cp932[14317] = string.char(0x83,0x6F,0x83,0x8D,0x81,0x5B,0x83,0x6C,0x83,0x52,0x83,0x62,0x83,0x56,0x83,0x83,0x83,0x8C)
xi.synth_result_id_to_name_cp932[14319] = string.char(0x83,0x6F,0x83,0x43,0x83,0x5C,0x83,0x93,0x83,0x50,0x83,0x62,0x83,0x4E,0x83,0x58)
xi.synth_result_id_to_name_cp932[14321] = string.char(0x83,0x43,0x83,0x4D,0x83,0x89,0x83,0x89,0x83,0x62,0x83,0x70)
xi.synth_result_id_to_name_cp932[14323] = string.char(0x83,0x6D,0x83,0x4E,0x83,0x67,0x83,0x75,0x83,0x8C,0x81,0x5B)
xi.synth_result_id_to_name_cp932[14324] = string.char(0x83,0x7E,0x83,0x58,0x83,0x67,0x83,0x59,0x83,0x7B,0x83,0x93)
xi.synth_result_id_to_name_cp932[14325] = string.char(0x83,0x56,0x83,0x41,0x81,0x5B,0x83,0x59,0x83,0x7B,0x83,0x93)
xi.synth_result_id_to_name_cp932[14326] = string.char(0x83,0x4B,0x83,0x8A,0x83,0x56,0x83,0x85,0x83,0x59,0x83,0x7B,0x83,0x93)
xi.synth_result_id_to_name_cp932[14327] = string.char(0x83,0x56,0x83,0x46,0x81,0x5B,0x83,0x68,0x83,0x5E,0x83,0x43,0x83,0x63)
xi.synth_result_id_to_name_cp932[14329] = string.char(0x83,0x41,0x83,0x43,0x83,0x5B,0x83,0x93,0x83,0x66,0x83,0x42,0x83,0x71,0x83,0x8A,0x83,0x93)
xi.synth_result_id_to_name_cp932[14338] = string.char(0x8B,0xA4,0x98,0x61,0x8C,0x52,0x92,0x63,0x95,0xBA,0x91,0xD1,0x8A,0x5A,0x2B,0x31)
xi.synth_result_id_to_name_cp932[14340] = string.char(0x89,0xA4,0x8D,0x91,0x8F,0x5D,0x8E,0x6D,0x8D,0xBD,0x9B,0xE7,0x8E,0x71,0x2B,0x31)
xi.synth_result_id_to_name_cp932[14342] = string.char(0x8D,0x7C,0x93,0x53,0x8F,0x65,0x8E,0x6D,0x91,0xE0,0x93,0xB7,0x8A,0x5A,0x2B,0x31)
xi.synth_result_id_to_name_cp932[14344] = string.char(0x89,0xA4,0x8D,0x91,0x95,0xBA,0x8A,0x76,0x8A,0x5A,0x2B,0x31)
xi.synth_result_id_to_name_cp932[14346] = string.char(0x95,0x53,0x90,0x6C,0x91,0xE0,0x92,0xB7,0x8D,0xBD,0x9B,0xE7,0x8E,0x71,0x2B,0x31)
xi.synth_result_id_to_name_cp932[14348] = string.char(0x89,0xA4,0x8D,0x91,0x95,0xBA,0x95,0x9E,0x2B,0x31)
xi.synth_result_id_to_name_cp932[14350] = string.char(0x97,0x62,0x95,0xBA,0x88,0xDF,0x2B,0x31)
xi.synth_result_id_to_name_cp932[14352] = string.char(0x97,0x62,0x95,0xBA,0x91,0xE0,0x92,0xB7,0x96,0xC8,0x8A,0x5A,0x2B,0x31)
xi.synth_result_id_to_name_cp932[14354] = string.char(0x98,0x41,0x96,0x4D,0x96,0x82,0x90,0xED,0x8E,0x6D,0x8A,0x4F,0x93,0x85,0x2B,0x31)
xi.synth_result_id_to_name_cp932[14356] = string.char(0x8D,0x7C,0x93,0x53,0x8F,0x65,0x8E,0x6D,0x91,0xE0,0x95,0x9E,0x2B,0x31)
xi.synth_result_id_to_name_cp932[14358] = string.char(0x89,0xA4,0x8D,0x91,0x8F,0x5D,0x8E,0x6D,0x92,0xB7,0x88,0xDF,0x2B,0x31)
xi.synth_result_id_to_name_cp932[14360] = string.char(0x89,0xA4,0x8D,0x91,0x8B,0x52,0x8E,0x6D,0x8A,0x4F,0x93,0x85,0x2B,0x31)
xi.synth_result_id_to_name_cp932[14362] = string.char(0x98,0x41,0x96,0x4D,0x8C,0x52,0x8E,0x74,0x83,0x52,0x81,0x5B,0x83,0x67,0x2B,0x31)
xi.synth_result_id_to_name_cp932[14372] = string.char(0x83,0x4A,0x81,0x5B,0x83,0x66,0x83,0x42,0x83,0x69,0x83,0x8B,0x83,0x78,0x83,0x58,0x83,0x67)
xi.synth_result_id_to_name_cp932[14374] = string.char(0x83,0x74,0x83,0x42,0x81,0x5B,0x83,0x8B,0x83,0x68,0x83,0x60,0x83,0x85,0x83,0x6A,0x83,0x4A)
xi.synth_result_id_to_name_cp932[14376] = string.char(0x97,0x85,0x99,0x8B,0x8D,0xEC,0x96,0xB1,0x88,0xDF)
xi.synth_result_id_to_name_cp932[14380] = string.char(0x83,0x47,0x83,0x89,0x83,0x93,0x83,0x67,0x83,0x45,0x83,0x76,0x83,0x89,0x83,0x93,0x83,0x68)
xi.synth_result_id_to_name_cp932[14382] = string.char(0x83,0x76,0x83,0x89,0x83,0x58,0x83,0x67,0x83,0x8D,0x83,0x93)
xi.synth_result_id_to_name_cp932[14384] = string.char(0x83,0x49,0x83,0x70,0x81,0x5B,0x83,0x89,0x83,0x43,0x83,0x93,0x83,0x68,0x83,0x8C,0x83,0x58)
xi.synth_result_id_to_name_cp932[14389] = string.char(0x83,0x68,0x83,0x89,0x83,0x53,0x83,0x93,0x83,0x6E,0x81,0x5B,0x83,0x6C,0x83,0x58)
xi.synth_result_id_to_name_cp932[14414] = string.char(0x83,0x56,0x83,0x83,0x83,0x43,0x83,0x8B,0x83,0x7D,0x83,0x93,0x83,0x65,0x83,0x42,0x83,0x8B)
xi.synth_result_id_to_name_cp932[14416] = string.char(0x83,0x6F,0x83,0x8D,0x81,0x5B,0x83,0x6C,0x83,0x52,0x83,0x89,0x83,0x62,0x83,0x63,0x83,0x40)
xi.synth_result_id_to_name_cp932[14418] = string.char(0x83,0x6F,0x83,0x43,0x83,0x5C,0x83,0x93,0x83,0x57,0x83,0x83,0x83,0x50,0x83,0x62,0x83,0x67)
xi.synth_result_id_to_name_cp932[14420] = string.char(0x83,0x43,0x83,0x4D,0x83,0x89,0x83,0x45,0x83,0x47,0x83,0x58,0x83,0x4C,0x83,0x62,0x83,0x67)
xi.synth_result_id_to_name_cp932[14422] = string.char(0x83,0x6D,0x83,0x4E,0x83,0x67,0x83,0x5F,0x83,0x75,0x83,0x8C,0x83,0x62,0x83,0x67)
xi.synth_result_id_to_name_cp932[14423] = string.char(0x83,0x7E,0x83,0x58,0x83,0x67,0x83,0x60,0x83,0x85,0x83,0x6A,0x83,0x62,0x83,0x4E)
xi.synth_result_id_to_name_cp932[14424] = string.char(0x83,0x56,0x83,0x41,0x81,0x5B,0x83,0x60,0x83,0x85,0x83,0x6A,0x83,0x62,0x83,0x4E)
xi.synth_result_id_to_name_cp932[14425] = string.char(0x83,0x4B,0x83,0x8A,0x83,0x56,0x83,0x85,0x83,0x60,0x83,0x85,0x83,0x6A,0x83,0x62,0x83,0x4E)
xi.synth_result_id_to_name_cp932[14426] = string.char(0x83,0x56,0x83,0x46,0x81,0x5B,0x83,0x68,0x83,0x6E,0x81,0x5B,0x83,0x6C,0x83,0x58)
xi.synth_result_id_to_name_cp932[14431] = string.char(0x83,0x41,0x83,0x43,0x83,0x5B,0x83,0x93,0x83,0x75,0x83,0x8B,0x83,0x58,0x83,0x67)
xi.synth_result_id_to_name_cp932[14436] = string.char(0x83,0x75,0x83,0x8C,0x83,0x58,0x83,0x68,0x83,0x75,0x83,0x8A,0x83,0x49,0x81,0x5B)
xi.synth_result_id_to_name_cp932[14437] = string.char(0x94,0xAA,0x94,0xA6,0x93,0xB7,0x8A,0xDB)
xi.synth_result_id_to_name_cp932[14440] = string.char(0x83,0x56,0x83,0x83,0x83,0x57,0x83,0x85,0x83,0x75,0x83,0x8B)
xi.synth_result_id_to_name_cp932[14444] = string.char(0x83,0x41,0x83,0x8B,0x83,0x7E,0x83,0x69,0x83,0x49,0x81,0x5B,0x83,0x78,0x81,0x5B,0x83,0x8B)
xi.synth_result_id_to_name_cp932[14446] = string.char(0x83,0x67,0x83,0x8C,0x83,0x5F,0x81,0x5B,0x83,0x54,0x83,0x43,0x83,0x49)
xi.synth_result_id_to_name_cp932[14448] = string.char(0x83,0x86,0x83,0x6A,0x83,0x52,0x83,0x93,0x83,0x6E,0x81,0x5B,0x83,0x6C,0x83,0x58)
xi.synth_result_id_to_name_cp932[14490] = string.char(0x83,0x7D,0x83,0x69,0x83,0x60,0x83,0x85,0x83,0x6A,0x83,0x62,0x83,0x4E)
xi.synth_result_id_to_name_cp932[14491] = string.char(0x83,0x7D,0x83,0x69,0x83,0x4E,0x83,0x8D,0x81,0x5B,0x83,0x4E)
xi.synth_result_id_to_name_cp932[14492] = string.char(0x83,0x6E,0x83,0x43,0x83,0x7D,0x83,0x69,0x83,0x4E,0x83,0x8D,0x81,0x5B,0x83,0x4E)
xi.synth_result_id_to_name_cp932[14493] = string.char(0x83,0x71,0x81,0x5B,0x83,0x8B,0x83,0x78,0x83,0x58,0x83,0x67)
xi.synth_result_id_to_name_cp932[14494] = string.char(0x83,0x71,0x81,0x5B,0x83,0x8B,0x83,0x81,0x83,0x43,0x83,0x8B)
xi.synth_result_id_to_name_cp932[14495] = string.char(0x83,0x71,0x81,0x5B,0x83,0x8B,0x83,0x6E,0x81,0x5B,0x83,0x6C,0x83,0x58)
xi.synth_result_id_to_name_cp932[14496] = string.char(0x83,0x71,0x81,0x5B,0x83,0x8B,0x83,0x57,0x83,0x85,0x83,0x58,0x83,0x67,0x83,0x52,0x83,0x8B)
xi.synth_result_id_to_name_cp932[14497] = string.char(0x83,0x6E,0x83,0x43,0x83,0x71,0x81,0x5B,0x83,0x8B,0x83,0x6E,0x81,0x5B,0x83,0x6C,0x83,0x58)
xi.synth_result_id_to_name_cp932[14498] = string.char(0x83,0x4E,0x83,0x8D,0x83,0x45,0x83,0x57,0x83,0x85,0x83,0x7C,0x83,0x93)
xi.synth_result_id_to_name_cp932[14524] = string.char(0x83,0x56,0x83,0x70,0x81,0x5B,0x83,0x71,0x83,0x57,0x83,0x87,0x83,0x56,0x83,0x83,0x83,0x93)
xi.synth_result_id_to_name_cp932[14526] = string.char(0x83,0x57,0x83,0x83,0x83,0x8A,0x83,0x5F,0x83,0x79,0x83,0x65,0x83,0x42)
xi.synth_result_id_to_name_cp932[14531] = string.char(0x83,0x6F,0x83,0x69,0x83,0x8C,0x83,0x62,0x83,0x67,0x83,0x81,0x83,0x43,0x83,0x8B)
xi.synth_result_id_to_name_cp932[14537] = string.char(0x83,0x6E,0x83,0x43,0x83,0x68,0x83,0x89,0x83,0x81,0x83,0x43,0x83,0x8B)
xi.synth_result_id_to_name_cp932[14539] = string.char(0x8B,0x7C,0x93,0xB9,0x92,0x85)
xi.synth_result_id_to_name_cp932[14541] = string.char(0x91,0xBE,0x8B,0xC9,0x8C,0x9D,0x96,0x40,0x92,0x85)
xi.synth_result_id_to_name_cp932[14542] = string.char(0x83,0x56,0x83,0x8B,0x83,0x50,0x83,0x93,0x83,0x52,0x81,0x5B,0x83,0x67)
xi.synth_result_id_to_name_cp932[14544] = string.char(0x83,0x52,0x83,0x8B,0x83,0x5A,0x83,0x8C,0x83,0x62,0x83,0x67)
xi.synth_result_id_to_name_cp932[14566] = string.char(0x83,0x4C,0x83,0x7D,0x83,0x43,0x83,0x89,0x83,0x57,0x83,0x83,0x83,0x50,0x83,0x62,0x83,0x67)
xi.synth_result_id_to_name_cp932[14571] = string.char(0x83,0x5E,0x83,0x72,0x83,0x93,0x83,0x57,0x83,0x85,0x83,0x7C,0x83,0x93)
xi.synth_result_id_to_name_cp932[14630] = string.char(0x83,0x74,0x83,0x8C,0x83,0x43,0x83,0x80,0x83,0x8A,0x83,0x93,0x83,0x4F)
xi.synth_result_id_to_name_cp932[14632] = string.char(0x83,0x41,0x83,0x4E,0x83,0x41,0x83,0x8A,0x83,0x93,0x83,0x4F)
xi.synth_result_id_to_name_cp932[14634] = string.char(0x83,0x5C,0x83,0x43,0x83,0x8B,0x83,0x8A,0x83,0x93,0x83,0x4F)
xi.synth_result_id_to_name_cp932[14636] = string.char(0x83,0x75,0x83,0x8A,0x81,0x5B,0x83,0x59,0x83,0x8A,0x83,0x93,0x83,0x4F)
xi.synth_result_id_to_name_cp932[14638] = string.char(0x83,0x54,0x83,0x93,0x83,0x5F,0x81,0x5B,0x83,0x8A,0x83,0x93,0x83,0x4F)
xi.synth_result_id_to_name_cp932[14640] = string.char(0x83,0x58,0x83,0x6D,0x81,0x5B,0x83,0x8A,0x83,0x93,0x83,0x4F)
xi.synth_result_id_to_name_cp932[14642] = string.char(0x83,0x89,0x83,0x43,0x83,0x67,0x83,0x8A,0x83,0x93,0x83,0x4F)
xi.synth_result_id_to_name_cp932[14644] = string.char(0x83,0x5F,0x81,0x5B,0x83,0x4E,0x83,0x8A,0x83,0x93,0x83,0x4F)
xi.synth_result_id_to_name_cp932[14654] = string.char(0x83,0x7C,0x83,0x43,0x83,0x5D,0x83,0x69,0x83,0x8A,0x83,0x93,0x83,0x4F)
xi.synth_result_id_to_name_cp932[14656] = string.char(0x83,0x7C,0x83,0x5A,0x83,0x43,0x83,0x68,0x83,0x93,0x83,0x8A,0x83,0x93,0x83,0x4F)
xi.synth_result_id_to_name_cp932[14720] = string.char(0x83,0x82,0x83,0x8A,0x83,0x49,0x83,0x93,0x83,0x73,0x83,0x41,0x83,0x58)
xi.synth_result_id_to_name_cp932[14722] = string.char(0x83,0x73,0x83,0x57,0x83,0x87,0x83,0x93,0x83,0x73,0x83,0x41,0x83,0x58)
xi.synth_result_id_to_name_cp932[14725] = string.char(0x83,0x81,0x83,0x8D,0x83,0x66,0x83,0x42,0x83,0x73,0x83,0x41,0x83,0x58)
xi.synth_result_id_to_name_cp932[14727] = string.char(0x83,0x74,0x83,0x40,0x83,0x93,0x83,0x67,0x83,0x80,0x83,0x73,0x83,0x41,0x83,0x58)
xi.synth_result_id_to_name_cp932[14790] = string.char(0x83,0x8A,0x83,0x8C,0x83,0x43,0x83,0x59,0x83,0x73,0x83,0x41,0x83,0x58)
xi.synth_result_id_to_name_cp932[14817] = string.char(0x83,0x74,0x83,0x42,0x81,0x5B,0x83,0x8B,0x83,0x68,0x83,0x4F,0x83,0x8D,0x81,0x5B,0x83,0x75)
xi.synth_result_id_to_name_cp932[14819] = string.char(0x97,0x85,0x99,0x8B,0x8E,0xE8,0x8D,0x62)
xi.synth_result_id_to_name_cp932[14823] = string.char(0x83,0x68,0x83,0x89,0x83,0x53,0x83,0x93,0x83,0x7E,0x83,0x67,0x83,0x93)
xi.synth_result_id_to_name_cp932[14826] = string.char(0x83,0x49,0x83,0x58,0x83,0x65,0x83,0x41,0x83,0x4A,0x83,0x74,0x83,0x58)
xi.synth_result_id_to_name_cp932[14846] = string.char(0x83,0x56,0x83,0x83,0x83,0x43,0x83,0x8B,0x83,0x51,0x81,0x5B,0x83,0x57)
xi.synth_result_id_to_name_cp932[14848] = string.char(0x83,0x6F,0x83,0x8D,0x81,0x5B,0x83,0x6C,0x83,0x7D,0x83,0x6D,0x83,0x7C,0x83,0x89)
xi.synth_result_id_to_name_cp932[14850] = string.char(0x83,0x6F,0x83,0x43,0x83,0x5C,0x83,0x93,0x83,0x8A,0x83,0x58,0x83,0x67)
xi.synth_result_id_to_name_cp932[14852] = string.char(0x83,0x43,0x83,0x4D,0x83,0x89,0x83,0x7D,0x83,0x6A,0x83,0x89)
xi.synth_result_id_to_name_cp932[14854] = string.char(0x83,0x6D,0x83,0x4E,0x83,0x67,0x83,0x4F,0x83,0x8D,0x81,0x5B,0x83,0x75)
xi.synth_result_id_to_name_cp932[14855] = string.char(0x83,0x7E,0x83,0x58,0x83,0x67,0x83,0x7E,0x83,0x67,0x83,0x93)
xi.synth_result_id_to_name_cp932[14856] = string.char(0x83,0x56,0x83,0x41,0x81,0x5B,0x83,0x7E,0x83,0x67,0x83,0x93)
xi.synth_result_id_to_name_cp932[14857] = string.char(0x83,0x4B,0x83,0x8A,0x83,0x56,0x83,0x85,0x83,0x7E,0x83,0x67,0x83,0x93)
xi.synth_result_id_to_name_cp932[14858] = string.char(0x83,0x56,0x83,0x46,0x81,0x5B,0x83,0x68,0x83,0x7E,0x83,0x67,0x83,0x93)
xi.synth_result_id_to_name_cp932[14860] = string.char(0x83,0x41,0x83,0x43,0x83,0x5B,0x83,0x93,0x83,0x77,0x83,0x93,0x83,0x63,0x83,0x46)
xi.synth_result_id_to_name_cp932[14864] = string.char(0x83,0x70,0x83,0x8B,0x83,0x7D,0x81,0x5B,0x83,0x6F,0x83,0x93,0x83,0x4F,0x83,0x8B)
xi.synth_result_id_to_name_cp932[14875] = string.char(0x83,0x75,0x83,0x8C,0x83,0x58,0x83,0x68,0x83,0x7E,0x83,0x67,0x83,0x93)
xi.synth_result_id_to_name_cp932[14876] = string.char(0x94,0xAA,0x94,0xA6,0x98,0x55,0x8E,0xE8)
xi.synth_result_id_to_name_cp932[14879] = string.char(0x83,0x8D,0x81,0x5B,0x83,0x68,0x83,0x4B,0x83,0x93,0x83,0x67,0x83,0x8C,0x83,0x62,0x83,0x67)
xi.synth_result_id_to_name_cp932[14880] = string.char(0x83,0x8F,0x83,0x43,0x83,0x59,0x83,0x4F,0x83,0x8D,0x81,0x5B,0x83,0x75)
xi.synth_result_id_to_name_cp932[14907] = string.char(0x83,0x4E,0x83,0x8D,0x83,0x45,0x83,0x75,0x83,0x8C,0x81,0x5B,0x83,0x54,0x81,0x5B)
xi.synth_result_id_to_name_cp932[14932] = string.char(0x83,0x56,0x83,0x70,0x81,0x5B,0x83,0x71,0x83,0x5F,0x83,0x58,0x83,0x5E,0x83,0x69)
xi.synth_result_id_to_name_cp932[14934] = string.char(0x83,0x57,0x83,0x83,0x83,0x8A,0x83,0x5F,0x83,0x6F,0x83,0x59,0x83,0x6F,0x83,0x93,0x83,0x68)
xi.synth_result_id_to_name_cp932[14941] = string.char(0x83,0x7D,0x81,0x5B,0x83,0x8A,0x83,0x68,0x83,0x7E,0x83,0x67,0x83,0x93)
xi.synth_result_id_to_name_cp932[14949] = string.char(0x83,0x6E,0x83,0x43,0x83,0x68,0x83,0x89,0x83,0x74,0x83,0x42,0x83,0x93,0x83,0x4B,0x81,0x5B)
xi.synth_result_id_to_name_cp932[14955] = string.char(0x83,0x56,0x83,0x8B,0x83,0x50,0x83,0x93,0x83,0x4A,0x83,0x74,0x83,0x58)
xi.synth_result_id_to_name_cp932[14957] = string.char(0x83,0x47,0x83,0x43,0x83,0x80,0x83,0x4F,0x83,0x8D,0x81,0x5B,0x83,0x75)
xi.synth_result_id_to_name_cp932[14981] = string.char(0x83,0x4C,0x83,0x7D,0x83,0x43,0x83,0x89,0x83,0x8A,0x83,0x58,0x83,0x67)
xi.synth_result_id_to_name_cp932[14987] = string.char(0x83,0x54,0x83,0x93,0x83,0x5F,0x81,0x5B,0x83,0x7E,0x83,0x67,0x83,0x93)
xi.synth_result_id_to_name_cp932[14988] = string.char(0x83,0x58,0x83,0x67,0x81,0x5B,0x83,0x93,0x83,0x6F,0x83,0x93,0x83,0x4F,0x83,0x8B)
xi.synth_result_id_to_name_cp932[14989] = string.char(0x83,0x47,0x83,0x41,0x83,0x8D,0x83,0x7D,0x83,0x74,0x83,0x89)
xi.synth_result_id_to_name_cp932[14990] = string.char(0x83,0x75,0x83,0x8A,0x83,0x55,0x81,0x5B,0x83,0x68,0x83,0x4F,0x83,0x8D,0x81,0x5B,0x83,0x75)
xi.synth_result_id_to_name_cp932[14991] = string.char(0x83,0x74,0x83,0x40,0x83,0x43,0x83,0x41,0x83,0x75,0x83,0x8C,0x81,0x5B,0x83,0x54,0x81,0x5B)
xi.synth_result_id_to_name_cp932[14992] = string.char(0x83,0x45,0x83,0x48,0x81,0x5B,0x83,0x5E,0x83,0x7E,0x83,0x67,0x83,0x93)
xi.synth_result_id_to_name_cp932[14993] = string.char(0x83,0x5E,0x83,0x72,0x83,0x93,0x83,0x75,0x83,0x8C,0x81,0x5B,0x83,0x54,0x81,0x5B)
xi.synth_result_id_to_name_cp932[15053] = string.char(0x83,0x52,0x83,0x93,0x83,0x6F,0x83,0x62,0x83,0x67,0x83,0x7E,0x83,0x67,0x83,0x93)
xi.synth_result_id_to_name_cp932[15055] = string.char(0x83,0x74,0x83,0x42,0x83,0x6C,0x83,0x58,0x83,0x4F,0x83,0x8D,0x81,0x5B,0x83,0x75)
xi.synth_result_id_to_name_cp932[15071] = string.char(0x83,0x58,0x83,0x70,0x83,0x8B,0x83,0x5E,0x83,0x93,0x83,0x7A,0x83,0x76,0x83,0x8D,0x83,0x93)
xi.synth_result_id_to_name_cp932[15153] = string.char(0x83,0x56,0x83,0x83,0x83,0x43,0x83,0x8B,0x83,0x5E,0x81,0x5B,0x83,0x6F,0x83,0x93)
xi.synth_result_id_to_name_cp932[15155] = string.char(0x83,0x6F,0x83,0x8D,0x81,0x5B,0x83,0x6C,0x83,0x63,0x83,0x62,0x83,0x50,0x83,0x62,0x83,0x67)
xi.synth_result_id_to_name_cp932[15157] = string.char(0x83,0x6F,0x83,0x43,0x83,0x5C,0x83,0x93,0x83,0x7B,0x83,0x93,0x83,0x6C,0x83,0x62,0x83,0x67)
xi.synth_result_id_to_name_cp932[15159] = string.char(0x83,0x43,0x83,0x4D,0x83,0x89,0x83,0x65,0x83,0x42,0x83,0x41,0x83,0x89)
xi.synth_result_id_to_name_cp932[15161] = string.char(0x83,0x6D,0x83,0x4E,0x83,0x67,0x83,0x78,0x83,0x8C,0x81,0x5B)
xi.synth_result_id_to_name_cp932[15162] = string.char(0x83,0x7E,0x83,0x58,0x83,0x67,0x83,0x4E,0x83,0x89,0x83,0x45,0x83,0x93)
xi.synth_result_id_to_name_cp932[15163] = string.char(0x83,0x56,0x83,0x41,0x81,0x5B,0x83,0x4E,0x83,0x89,0x83,0x45,0x83,0x93)
xi.synth_result_id_to_name_cp932[15164] = string.char(0x83,0x4B,0x83,0x8A,0x83,0x56,0x83,0x85,0x83,0x4E,0x83,0x89,0x83,0x45,0x83,0x93)
xi.synth_result_id_to_name_cp932[15165] = string.char(0x83,0x56,0x83,0x46,0x81,0x5B,0x83,0x68,0x83,0x65,0x83,0x42,0x83,0x41,0x83,0x89)
xi.synth_result_id_to_name_cp932[15167] = string.char(0x83,0x41,0x83,0x43,0x83,0x5B,0x83,0x93,0x83,0x56,0x83,0x83,0x83,0x8C,0x83,0x8B)
xi.synth_result_id_to_name_cp932[15170] = string.char(0x83,0x75,0x83,0x8A,0x83,0x93,0x83,0x4E,0x83,0x6F,0x83,0x93,0x83,0x68)
xi.synth_result_id_to_name_cp932[15188] = string.char(0x94,0xAA,0x94,0xA6,0x90,0x77,0x94,0xAB)
xi.synth_result_id_to_name_cp932[15189] = string.char(0x83,0x8D,0x81,0x5B,0x83,0x68,0x83,0x41,0x81,0x5B,0x83,0x81,0x83,0x62,0x83,0x67)
xi.synth_result_id_to_name_cp932[15190] = string.char(0x83,0x8F,0x83,0x43,0x83,0x59,0x83,0x4C,0x83,0x83,0x83,0x62,0x83,0x76)
xi.synth_result_id_to_name_cp932[15200] = string.char(0x83,0x49,0x81,0x5B,0x83,0x4E,0x83,0x77,0x83,0x8B,0x83,0x80)
xi.synth_result_id_to_name_cp932[15201] = string.char(0x83,0x4E,0x83,0x44,0x83,0x5F,0x83,0x74,0x83,0x6F,0x83,0x8B,0x83,0x6F,0x83,0x67)
xi.synth_result_id_to_name_cp932[15202] = string.char(0x83,0x84,0x83,0x4F,0x81,0x5B,0x83,0x68,0x83,0x77,0x83,0x62,0x83,0x68,0x83,0x4D,0x83,0x41)
xi.synth_result_id_to_name_cp932[15203] = string.char(0x83,0x53,0x83,0x75,0x83,0x8A,0x83,0x93,0x83,0x52,0x83,0x43,0x83,0x74)
xi.synth_result_id_to_name_cp932[15205] = string.char(0x83,0x41,0x83,0x8B,0x83,0x7E,0x83,0x69,0x83,0x54,0x83,0x89,0x83,0x68)
xi.synth_result_id_to_name_cp932[15207] = string.char(0x83,0x67,0x83,0x8C,0x83,0x5F,0x81,0x5B,0x83,0x56,0x83,0x83,0x83,0x7C,0x81,0x5B)
xi.synth_result_id_to_name_cp932[15209] = string.char(0x83,0x86,0x83,0x6A,0x83,0x52,0x83,0x93,0x83,0x4C,0x83,0x83,0x83,0x62,0x83,0x76)
xi.synth_result_id_to_name_cp932[15211] = string.char(0x91,0x68,0x90,0xB6,0x82,0xCC,0x94,0xAF,0x8F,0xFC,0x82,0xE8)
xi.synth_result_id_to_name_cp932[15242] = string.char(0x83,0x4E,0x83,0x8D,0x83,0x45,0x83,0x78,0x83,0x8C,0x81,0x5B)
xi.synth_result_id_to_name_cp932[15268] = string.char(0x96,0x82,0x8D,0x9C,0x82,0xCC,0x94,0xAF,0x8F,0xFC,0x82,0xE8)
xi.synth_result_id_to_name_cp932[15269] = string.char(0x96,0x82,0x8A,0x70,0x82,0xCC,0x94,0xAF,0x8F,0xFC,0x82,0xE8)
xi.synth_result_id_to_name_cp932[15288] = string.char(0x83,0x79,0x83,0x8C,0x83,0x62,0x83,0x67,0x83,0x78,0x83,0x8B,0x83,0x67)
xi.synth_result_id_to_name_cp932[15289] = string.char(0x83,0x7B,0x83,0x8B,0x83,0x67,0x83,0x78,0x83,0x8B,0x83,0x67)
xi.synth_result_id_to_name_cp932[15290] = string.char(0x83,0x77,0x83,0x43,0x83,0x58,0x83,0x67,0x83,0x78,0x83,0x8B,0x83,0x67)
xi.synth_result_id_to_name_cp932[15303] = string.char(0x83,0x56,0x83,0x83,0x83,0x43,0x83,0x8B,0x83,0x4E,0x83,0x89,0x83,0x62,0x83,0x52,0x81,0x5B)
xi.synth_result_id_to_name_cp932[15305] = string.char(0x83,0x6F,0x83,0x8D,0x81,0x5B,0x83,0x6C,0x83,0x4B,0x83,0x93,0x83,0x72,0x83,0x47,0x83,0x89)
xi.synth_result_id_to_name_cp932[15307] = string.char(0x83,0x6F,0x83,0x43,0x83,0x5C,0x83,0x93,0x83,0x51,0x83,0x7D,0x83,0x62,0x83,0x56,0x83,0x85)
xi.synth_result_id_to_name_cp932[15309] = string.char(0x83,0x43,0x83,0x4D,0x83,0x89,0x83,0x74,0x83,0x40,0x83,0x89,0x83,0x62,0x83,0x56,0x83,0x85)
xi.synth_result_id_to_name_cp932[15311] = string.char(0x83,0x6D,0x83,0x4E,0x83,0x67,0x83,0x51,0x81,0x5B,0x83,0x67,0x83,0x8B)
xi.synth_result_id_to_name_cp932[15312] = string.char(0x83,0x7E,0x83,0x58,0x83,0x67,0x83,0x70,0x83,0x93,0x83,0x76,0x83,0x58)
xi.synth_result_id_to_name_cp932[15313] = string.char(0x83,0x56,0x83,0x41,0x81,0x5B,0x83,0x70,0x83,0x93,0x83,0x76,0x83,0x58)
xi.synth_result_id_to_name_cp932[15314] = string.char(0x83,0x4B,0x83,0x8A,0x83,0x56,0x83,0x85,0x83,0x70,0x83,0x93,0x83,0x76,0x83,0x58)
xi.synth_result_id_to_name_cp932[15315] = string.char(0x83,0x56,0x83,0x46,0x81,0x5B,0x83,0x68,0x83,0x8C,0x83,0x4D,0x83,0x93,0x83,0x58)
xi.synth_result_id_to_name_cp932[15317] = string.char(0x83,0x41,0x83,0x43,0x83,0x5B,0x83,0x93,0x83,0x56,0x83,0x85,0x81,0x5B)
xi.synth_result_id_to_name_cp932[15320] = string.char(0x83,0x70,0x83,0x45,0x83,0x5F,0x81,0x5B,0x83,0x75,0x81,0x5B,0x83,0x63)
xi.synth_result_id_to_name_cp932[15329] = string.char(0x83,0x75,0x83,0x8C,0x83,0x58,0x83,0x68,0x83,0x70,0x83,0x93,0x83,0x76,0x83,0x58)
xi.synth_result_id_to_name_cp932[15330] = string.char(0x94,0xAA,0x94,0xA6,0xE3,0xF8,0x93,0x96)
xi.synth_result_id_to_name_cp932[15333] = string.char(0x83,0x8D,0x81,0x5B,0x83,0x68,0x83,0x54,0x83,0x6F,0x83,0x67,0x83,0x93)
xi.synth_result_id_to_name_cp932[15334] = string.char(0x83,0x8F,0x83,0x43,0x83,0x59,0x83,0x73,0x83,0x4B,0x83,0x62,0x83,0x56,0x83,0x85)
xi.synth_result_id_to_name_cp932[15339] = string.char(0x83,0x75,0x83,0x89,0x83,0x62,0x83,0x4E,0x83,0x5C,0x83,0x8B,0x83,0x8C,0x83,0x62,0x83,0x67)
xi.synth_result_id_to_name_cp932[15341] = string.char(0x83,0x41,0x83,0x8B,0x83,0x7E,0x83,0x69,0x83,0x5C,0x83,0x8B,0x83,0x8C)
xi.synth_result_id_to_name_cp932[15343] = string.char(0x83,0x67,0x83,0x8C,0x83,0x5F,0x81,0x5B,0x83,0x73,0x83,0x4B,0x83,0x62,0x83,0x56,0x83,0x85)
xi.synth_result_id_to_name_cp932[15345] = string.char(0x83,0x86,0x83,0x6A,0x83,0x52,0x83,0x93,0x83,0x8C,0x83,0x4D,0x83,0x93,0x83,0x58)
xi.synth_result_id_to_name_cp932[15391] = string.char(0x83,0x75,0x83,0x8C,0x83,0x58,0x83,0x68,0x83,0x59,0x83,0x7B,0x83,0x93)
xi.synth_result_id_to_name_cp932[15392] = string.char(0x94,0xAA,0x94,0xA6,0x8C,0xD1)
xi.synth_result_id_to_name_cp932[15395] = string.char(0x83,0x8D,0x81,0x5B,0x83,0x68,0x83,0x4E,0x83,0x45,0x83,0x42,0x83,0x58)
xi.synth_result_id_to_name_cp932[15396] = string.char(0x83,0x8F,0x83,0x43,0x83,0x59,0x83,0x75,0x83,0x89,0x83,0x52,0x81,0x5B,0x83,0x6A)
xi.synth_result_id_to_name_cp932[15400] = string.char(0x83,0x75,0x83,0x89,0x83,0x62,0x83,0x4E,0x83,0x4E,0x83,0x45,0x83,0x42,0x83,0x58)
xi.synth_result_id_to_name_cp932[15402] = string.char(0x83,0x41,0x83,0x8B,0x83,0x7E,0x83,0x69,0x83,0x75,0x83,0x8C,0x83,0x47,0x83,0x62,0x83,0x67)
xi.synth_result_id_to_name_cp932[15404] = string.char(0x83,0x67,0x83,0x8C,0x83,0x5F,0x81,0x5B,0x83,0x58,0x83,0x8D,0x83,0x62,0x83,0x76,0x83,0x58)
xi.synth_result_id_to_name_cp932[15406] = string.char(0x83,0x86,0x83,0x6A,0x83,0x52,0x83,0x93,0x83,0x54,0x83,0x75,0x83,0x8A,0x83,0x4B)
xi.synth_result_id_to_name_cp932[15453] = string.char(0x83,0x4E,0x83,0x89,0x83,0x80,0x83,0x8F,0x81,0x5B,0x83,0x80,0x83,0x78,0x83,0x8B,0x83,0x67)
xi.synth_result_id_to_name_cp932[15454] = string.char(0x83,0x8A,0x83,0x67,0x83,0x8B,0x83,0x8F,0x81,0x5B,0x83,0x80,0x83,0x78,0x83,0x8B,0x83,0x67)
xi.synth_result_id_to_name_cp932[15459] = string.char(0x89,0x70,0x92,0x6D,0x82,0xCC,0x8B,0xE0,0x91,0xD1)
xi.synth_result_id_to_name_cp932[15460] = string.char(0x97,0x9D,0x97,0xCD,0x82,0xCC,0x8B,0xE0,0x91,0xD1)
xi.synth_result_id_to_name_cp932[15461] = string.char(0x96,0xA3,0x98,0x66,0x82,0xCC,0x8B,0xE0,0x91,0xD1)
xi.synth_result_id_to_name_cp932[15462] = string.char(0x89,0x70,0x92,0x6D,0x82,0xCC,0x8B,0xD1,0x91,0xD1)
xi.synth_result_id_to_name_cp932[15485] = string.char(0x83,0x5E,0x83,0x8A,0x83,0x58,0x83,0x7D,0x83,0x93,0x83,0x50,0x81,0x5B,0x83,0x76)
xi.synth_result_id_to_name_cp932[15486] = string.char(0x83,0x75,0x83,0x8C,0x83,0x58,0x83,0x7D,0x83,0x93,0x83,0x67)
xi.synth_result_id_to_name_cp932[15487] = string.char(0x83,0x6E,0x83,0x43,0x83,0x75,0x83,0x8C,0x83,0x58,0x83,0x7D,0x83,0x93,0x83,0x67)
xi.synth_result_id_to_name_cp932[15526] = string.char(0x83,0x8A,0x83,0x57,0x83,0x46,0x83,0x6C,0x83,0x4A,0x83,0x89,0x81,0x5B)
xi.synth_result_id_to_name_cp932[15539] = string.char(0x91,0xE5,0x8E,0xD6,0x82,0xCC,0x8D,0x41,0x97,0xD6)
xi.synth_result_id_to_name_cp932[15558] = string.char(0x83,0x7D,0x83,0x43,0x83,0x65,0x83,0x42,0x83,0x8A,0x83,0x93,0x83,0x4F)
xi.synth_result_id_to_name_cp932[15559] = string.char(0x83,0x72,0x83,0x57,0x83,0x87,0x83,0x93,0x83,0x8A,0x83,0x93,0x83,0x4F)
xi.synth_result_id_to_name_cp932[15578] = string.char(0x83,0x4E,0x83,0x8D,0x83,0x45,0x83,0x7A,0x81,0x5B,0x83,0x59)
xi.synth_result_id_to_name_cp932[15603] = string.char(0x83,0x56,0x83,0x70,0x81,0x5B,0x83,0x71,0x83,0x5B,0x83,0x8C,0x83,0x6E)
xi.synth_result_id_to_name_cp932[15605] = string.char(0x83,0x57,0x83,0x83,0x83,0x8A,0x83,0x5F,0x83,0x56,0x83,0x83,0x83,0x8B,0x83,0x6F,0x83,0x8B)
xi.synth_result_id_to_name_cp932[15610] = string.char(0x83,0x58,0x83,0x5E,0x81,0x5B,0x83,0x66,0x83,0x42,0x83,0x67,0x83,0x89,0x83,0x45,0x83,0x55)
xi.synth_result_id_to_name_cp932[15611] = string.char(0x83,0x58,0x83,0x5E,0x81,0x5B,0x83,0x66,0x83,0x42,0x83,0x59,0x83,0x7B,0x83,0x93)
xi.synth_result_id_to_name_cp932[15615] = string.char(0x83,0x6E,0x83,0x43,0x83,0x68,0x83,0x89,0x83,0x4E,0x83,0x45,0x83,0x42,0x83,0x58)
xi.synth_result_id_to_name_cp932[15618] = string.char(0x83,0x78,0x83,0x93,0x83,0x5F,0x81,0x5B,0x83,0x58,0x83,0x8D,0x83,0x62,0x83,0x76,0x83,0x58)
xi.synth_result_id_to_name_cp932[15620] = string.char(0x83,0x56,0x83,0x8B,0x83,0x50,0x83,0x93,0x83,0x58,0x83,0x8D,0x83,0x62,0x83,0x76,0x83,0x58)
xi.synth_result_id_to_name_cp932[15645] = string.char(0x83,0x4C,0x83,0x7D,0x83,0x43,0x83,0x89,0x83,0x50,0x83,0x62,0x83,0x4E,0x83,0x58)
xi.synth_result_id_to_name_cp932[15650] = string.char(0x83,0x56,0x83,0x87,0x83,0x62,0x83,0x4E,0x83,0x54,0x83,0x75,0x83,0x8A,0x83,0x4B)
xi.synth_result_id_to_name_cp932[15651] = string.char(0x83,0x41,0x83,0x43,0x83,0x58,0x83,0x67,0x83,0x89,0x83,0x45,0x83,0x55)
xi.synth_result_id_to_name_cp932[15652] = string.char(0x83,0x75,0x83,0x8C,0x83,0x43,0x83,0x59,0x83,0x7A,0x81,0x5B,0x83,0x59)
xi.synth_result_id_to_name_cp932[15653] = string.char(0x83,0x5E,0x83,0x72,0x83,0x93,0x83,0x7A,0x81,0x5B,0x83,0x59)
xi.synth_result_id_to_name_cp932[15663] = string.char(0x83,0x4E,0x83,0x8D,0x83,0x45,0x83,0x51,0x81,0x5B,0x83,0x67,0x83,0x8B)
xi.synth_result_id_to_name_cp932[15687] = string.char(0x83,0x56,0x83,0x70,0x81,0x5B,0x83,0x71,0x83,0x75,0x81,0x5B,0x83,0x63)
xi.synth_result_id_to_name_cp932[15689] = string.char(0x83,0x57,0x83,0x83,0x83,0x8A,0x83,0x5F,0x83,0x6C,0x81,0x5B,0x83,0x8B)
xi.synth_result_id_to_name_cp932[15696] = string.char(0x83,0x7D,0x81,0x5B,0x83,0x8A,0x83,0x68,0x83,0x8C,0x83,0x4D,0x83,0x93,0x83,0x58)
xi.synth_result_id_to_name_cp932[15703] = string.char(0x83,0x6E,0x83,0x43,0x83,0x68,0x83,0x89,0x83,0x4F,0x83,0x8A,0x81,0x5B,0x83,0x94)
xi.synth_result_id_to_name_cp932[15706] = string.char(0x83,0x56,0x83,0x8B,0x83,0x50,0x83,0x93,0x83,0x73,0x83,0x4B,0x83,0x62,0x83,0x56,0x83,0x85)
xi.synth_result_id_to_name_cp932[15708] = string.char(0x83,0x41,0x81,0x5B,0x83,0x58,0x83,0x4F,0x83,0x8A,0x81,0x5B,0x83,0x94)
xi.synth_result_id_to_name_cp932[15731] = string.char(0x83,0x4C,0x83,0x7D,0x83,0x43,0x83,0x89,0x83,0x51,0x83,0x7D,0x83,0x62,0x83,0x56,0x83,0x85)
xi.synth_result_id_to_name_cp932[15738] = string.char(0x83,0x5E,0x83,0x72,0x83,0x93,0x83,0x75,0x81,0x5B,0x83,0x63)
xi.synth_result_id_to_name_cp932[15771] = string.char(0x83,0x56,0x83,0x83,0x83,0x43,0x83,0x6A,0x83,0x93,0x83,0x4F,0x83,0x8A,0x83,0x93,0x83,0x4F)
xi.synth_result_id_to_name_cp932[15780] = string.char(0x83,0x50,0x83,0x8B,0x83,0x78,0x83,0x8D,0x83,0x58,0x83,0x8A,0x83,0x93,0x83,0x4F)
xi.synth_result_id_to_name_cp932[15782] = string.char(0x83,0x7D,0x83,0x69,0x83,0x56,0x83,0x46,0x83,0x8B,0x83,0x8A,0x83,0x93,0x83,0x4F)
xi.synth_result_id_to_name_cp932[15783] = string.char(0x83,0x41,0x81,0x5B,0x83,0x7D,0x81,0x5B,0x83,0x68,0x83,0x8A,0x83,0x93,0x83,0x4F)
xi.synth_result_id_to_name_cp932[15788] = string.char(0x83,0x7D,0x81,0x5B,0x83,0x8A,0x83,0x68,0x83,0x8A,0x83,0x93,0x83,0x4F)
xi.synth_result_id_to_name_cp932[15801] = string.char(0x83,0x5E,0x83,0x43,0x83,0x4B,0x81,0x5B,0x83,0x41,0x83,0x43,0x83,0x8A,0x83,0x93,0x83,0x4F)
xi.synth_result_id_to_name_cp932[15803] = string.char(0x83,0x4E,0x83,0x8A,0x83,0x80,0x83,0x5D,0x83,0x93,0x83,0x8A,0x83,0x93,0x83,0x4F)
xi.synth_result_id_to_name_cp932[15805] = string.char(0x83,0x58,0x83,0x5E,0x81,0x5B,0x83,0x8A,0x83,0x93,0x83,0x4F)
xi.synth_result_id_to_name_cp932[15811] = string.char(0x83,0x45,0x83,0x42,0x83,0x94,0x83,0x8B,0x83,0x8A,0x83,0x93,0x83,0x4F)
xi.synth_result_id_to_name_cp932[15813] = string.char(0x83,0x67,0x83,0x89,0x83,0x93,0x83,0x79,0x83,0x62,0x83,0x67,0x83,0x8A,0x83,0x93,0x83,0x4F)
xi.synth_result_id_to_name_cp932[15815] = string.char(0x83,0x8C,0x83,0x66,0x83,0x42,0x83,0x8A,0x83,0x93,0x83,0x4F)
xi.synth_result_id_to_name_cp932[15836] = string.char(0x83,0x58,0x83,0x7E,0x83,0x8D,0x83,0x68,0x83,0x93,0x83,0x8A,0x83,0x93,0x83,0x4F)
xi.synth_result_id_to_name_cp932[15838] = string.char(0x83,0x76,0x83,0x8D,0x83,0x65,0x83,0x58,0x83,0x8A,0x83,0x93,0x83,0x4F)
xi.synth_result_id_to_name_cp932[15849] = string.char(0x83,0x4E,0x83,0x8B,0x81,0x5B,0x83,0x56,0x83,0x58,0x83,0x8A,0x83,0x93,0x83,0x4F)
xi.synth_result_id_to_name_cp932[15861] = string.char(0x97,0x9D,0x97,0xCD,0x82,0xCC,0x8B,0xD1,0x91,0xD1)
xi.synth_result_id_to_name_cp932[15862] = string.char(0x96,0xA3,0x98,0x66,0x82,0xCC,0x8B,0xD1,0x91,0xD1)
xi.synth_result_id_to_name_cp932[15863] = string.char(0x83,0x54,0x83,0x80,0x83,0x5C,0x83,0x6A,0x83,0x41,0x83,0x93,0x83,0x78,0x83,0x8B,0x83,0x67)
xi.synth_result_id_to_name_cp932[15864] = string.char(0x83,0x5E,0x83,0x74,0x83,0x78,0x83,0x8B,0x83,0x67)
xi.synth_result_id_to_name_cp932[15865] = string.char(0x83,0x89,0x83,0x93,0x83,0x69,0x81,0x5B,0x83,0x78,0x83,0x8B,0x83,0x67)
xi.synth_result_id_to_name_cp932[15866] = string.char(0x83,0x41,0x83,0x4E,0x83,0x8D,0x83,0x6F,0x83,0x62,0x83,0x67,0x83,0x78,0x83,0x8B,0x83,0x67)
xi.synth_result_id_to_name_cp932[15867] = string.char(0x83,0x58,0x83,0x8B,0x83,0x5E,0x83,0x93,0x83,0x78,0x83,0x8B,0x83,0x67)
xi.synth_result_id_to_name_cp932[15868] = string.char(0x83,0x63,0x83,0x40,0x81,0x5B,0x83,0x8A,0x83,0x78,0x83,0x8B,0x83,0x67)
xi.synth_result_id_to_name_cp932[15869] = string.char(0x83,0x79,0x83,0x93,0x83,0x68,0x83,0x89,0x83,0x53,0x83,0x93,0x83,0x78,0x83,0x8B,0x83,0x67)
xi.synth_result_id_to_name_cp932[15870] = string.char(0x83,0x7D,0x83,0x6E,0x83,0x89,0x83,0x57,0x83,0x83,0x83,0x78,0x83,0x8B,0x83,0x67)
xi.synth_result_id_to_name_cp932[15881] = string.char(0x96,0x82,0x8F,0x9C,0x82,0xAF,0x82,0xCC,0x91,0xD1)
xi.synth_result_id_to_name_cp932[15889] = string.char(0x83,0x49,0x81,0x5B,0x83,0x4F,0x83,0x81,0x83,0x93,0x83,0x67,0x83,0x78,0x83,0x8B,0x83,0x67)
xi.synth_result_id_to_name_cp932[15890] = string.char(0x83,0x7D,0x81,0x5B,0x83,0x8A,0x83,0x68,0x83,0x78,0x83,0x8B,0x83,0x67)
xi.synth_result_id_to_name_cp932[15891] = string.char(0x83,0x41,0x83,0x8B,0x83,0x55,0x83,0x72,0x83,0x54,0x83,0x62,0x83,0x56,0x83,0x85)
xi.synth_result_id_to_name_cp932[15905] = string.char(0x83,0x82,0x83,0x75,0x83,0x8F,0x83,0x54,0x83,0x62,0x83,0x56,0x83,0x85)
xi.synth_result_id_to_name_cp932[15907] = string.char(0x83,0x4C,0x83,0x4C,0x83,0x8B,0x83,0x93,0x83,0x54,0x83,0x62,0x83,0x56,0x83,0x85)
xi.synth_result_id_to_name_cp932[15913] = string.char(0x83,0x79,0x83,0x43,0x83,0x58,0x83,0x67,0x83,0x78,0x83,0x8B,0x83,0x67)
xi.synth_result_id_to_name_cp932[15933] = string.char(0x83,0x58,0x83,0x5E,0x81,0x5B,0x83,0x57,0x83,0x78,0x83,0x8B,0x83,0x67)
xi.synth_result_id_to_name_cp932[15939] = string.char(0x83,0x4F,0x83,0x8A,0x83,0x49,0x83,0x78,0x83,0x8B,0x83,0x67)
xi.synth_result_id_to_name_cp932[15991] = string.char(0x83,0x58,0x83,0x5E,0x81,0x5B,0x83,0x73,0x83,0x41,0x83,0x58)
xi.synth_result_id_to_name_cp932[15993] = string.char(0x83,0x4E,0x83,0x8A,0x83,0x80,0x83,0x5D,0x83,0x93,0x83,0x73,0x83,0x41,0x83,0x58)
xi.synth_result_id_to_name_cp932[15996] = string.char(0x83,0x8C,0x83,0x66,0x83,0x42,0x83,0x73,0x83,0x41,0x83,0x58)
xi.synth_result_id_to_name_cp932[16009] = string.char(0x83,0x79,0x83,0x69,0x83,0x93,0x83,0x73,0x83,0x41,0x83,0x58)
xi.synth_result_id_to_name_cp932[16061] = string.char(0x83,0x56,0x83,0x70,0x81,0x5B,0x83,0x71,0x83,0x5E,0x81,0x5B,0x83,0x6F,0x83,0x93)
xi.synth_result_id_to_name_cp932[16063] = string.char(0x83,0x57,0x83,0x83,0x83,0x8A,0x83,0x5F,0x83,0x4E,0x81,0x5B,0x83,0x68)
xi.synth_result_id_to_name_cp932[16073] = string.char(0x83,0x6E,0x83,0x43,0x83,0x68,0x83,0x89,0x83,0x7D,0x83,0x58,0x83,0x4E)
xi.synth_result_id_to_name_cp932[16078] = string.char(0x83,0x75,0x83,0x8A,0x83,0x58,0x83,0x74,0x83,0x8B,0x83,0x56,0x83,0x83,0x83,0x7C,0x81,0x5B)
xi.synth_result_id_to_name_cp932[16079] = string.char(0x83,0x56,0x83,0x8B,0x83,0x50,0x83,0x93,0x83,0x6E,0x83,0x62,0x83,0x67)
xi.synth_result_id_to_name_cp932[16104] = string.char(0x83,0x4C,0x83,0x7D,0x83,0x43,0x83,0x89,0x83,0x7B,0x83,0x93,0x83,0x6C,0x83,0x62,0x83,0x67)
xi.synth_result_id_to_name_cp932[16110] = string.char(0x83,0x76,0x83,0x8C,0x81,0x5B,0x83,0x93,0x83,0x4C,0x83,0x83,0x83,0x62,0x83,0x76)
xi.synth_result_id_to_name_cp932[16111] = string.char(0x83,0x5E,0x83,0x72,0x83,0x93,0x83,0x78,0x83,0x8C,0x81,0x5B)
xi.synth_result_id_to_name_cp932[16121] = string.char(0x83,0x7D,0x83,0x80,0x81,0x5B,0x83,0x57,0x83,0x83,0x83,0x77,0x83,0x8B,0x83,0x80)
xi.synth_result_id_to_name_cp932[16122] = string.char(0x83,0x67,0x83,0x8D,0x81,0x5B,0x83,0x8B,0x83,0x52,0x83,0x43,0x83,0x74)
xi.synth_result_id_to_name_cp932[16123] = string.char(0x83,0x89,0x83,0x7E,0x83,0x41,0x83,0x4B,0x81,0x5B,0x83,0x89,0x83,0x93,0x83,0x68)
xi.synth_result_id_to_name_cp932[16124] = string.char(0x83,0x4C,0x83,0x4C,0x83,0x8B,0x83,0x93,0x83,0x74,0x81,0x5B,0x83,0x68)
xi.synth_result_id_to_name_cp932[16128] = string.char(0x92,0xC6,0x82,0xCC,0x94,0xAF,0x8F,0xFC,0x82,0xE8)
xi.synth_result_id_to_name_cp932[16130] = string.char(0x83,0x45,0x83,0x42,0x83,0x94,0x83,0x8B,0x83,0x7D,0x83,0x58,0x83,0x4E)
xi.synth_result_id_to_name_cp932[16132] = string.char(0x88,0xC9,0x92,0x42,0x8A,0xE1,0x8B,0xBE)
xi.synth_result_id_to_name_cp932[16161] = string.char(0x83,0x57,0x83,0x83,0x83,0x6B,0x83,0x43,0x83,0x84)
xi.synth_result_id_to_name_cp932[16162] = string.char(0x83,0x5E,0x83,0x8A,0x83,0x4A,0x81,0x5B)
xi.synth_result_id_to_name_cp932[16166] = string.char(0x83,0x57,0x83,0x83,0x83,0x6B,0x83,0x43,0x83,0x84,0x2D,0x31)
xi.synth_result_id_to_name_cp932[16167] = string.char(0x83,0x5E,0x83,0x8A,0x83,0x4A,0x81,0x5B,0x2D,0x31)
xi.synth_result_id_to_name_cp932[16170] = string.char(0x83,0x45,0x83,0x42,0x83,0x94,0x83,0x8B,0x83,0x56,0x81,0x5B,0x83,0x8B,0x83,0x68)
xi.synth_result_id_to_name_cp932[16211] = string.char(0x83,0x7D,0x81,0x5B,0x83,0x8A,0x83,0x68,0x83,0x7D,0x83,0x93,0x83,0x67)
xi.synth_result_id_to_name_cp932[16212] = string.char(0x83,0x50,0x83,0x8B,0x83,0x78,0x83,0x8D,0x83,0x58,0x83,0x7D,0x83,0x93,0x83,0x67)
xi.synth_result_id_to_name_cp932[16213] = string.char(0x83,0x89,0x83,0x7E,0x83,0x41,0x83,0x7D,0x83,0x93,0x83,0x67)
xi.synth_result_id_to_name_cp932[16223] = string.char(0x83,0x49,0x83,0x8C,0x83,0x93,0x83,0x57,0x82,0x60,0x83,0x5E,0x83,0x93,0x83,0x4E)
xi.synth_result_id_to_name_cp932[16224] = string.char(0x83,0x41,0x83,0x62,0x83,0x76,0x83,0x8B,0x82,0x60,0x83,0x5E,0x83,0x93,0x83,0x4E)
xi.synth_result_id_to_name_cp932[16225] = string.char(0x83,0x79,0x83,0x41,0x82,0x60,0x83,0x5E,0x83,0x93,0x83,0x4E)
xi.synth_result_id_to_name_cp932[16226] = string.char(0x83,0x70,0x83,0x7D,0x83,0x7D,0x82,0x60,0x83,0x5E,0x83,0x93,0x83,0x4E)
xi.synth_result_id_to_name_cp932[16227] = string.char(0x83,0x79,0x83,0x8B,0x83,0x56,0x83,0x52,0x83,0x58,0x82,0x60,0x83,0x5E,0x83,0x93,0x83,0x4E)
xi.synth_result_id_to_name_cp932[16231] = string.char(0x83,0x58,0x83,0x7E,0x83,0x8D,0x83,0x68,0x83,0x93,0x83,0x7D,0x83,0x93,0x83,0x67)
xi.synth_result_id_to_name_cp932[16233] = string.char(0x83,0x79,0x83,0x43,0x83,0x58,0x83,0x67,0x83,0x7D,0x83,0x93,0x83,0x67)
xi.synth_result_id_to_name_cp932[16235] = string.char(0x83,0x8A,0x83,0x93,0x83,0x4E,0x83,0x58,0x83,0x7D,0x83,0x93,0x83,0x67)
xi.synth_result_id_to_name_cp932[16249] = string.char(0x83,0x47,0x83,0x8A,0x83,0x4E,0x83,0x54,0x81,0x5B,0x83,0x5E,0x83,0x93,0x83,0x4E)
xi.synth_result_id_to_name_cp932[16257] = string.char(0x83,0x53,0x81,0x5B,0x83,0x58,0x83,0x67,0x83,0x50,0x81,0x5B,0x83,0x76)
xi.synth_result_id_to_name_cp932[16261] = string.char(0x83,0x82,0x83,0x75,0x83,0x8F,0x83,0x58,0x83,0x4A,0x81,0x5B,0x83,0x74)
xi.synth_result_id_to_name_cp932[16263] = string.char(0x83,0x72,0x81,0x5B,0x83,0x4E,0x83,0x6C,0x83,0x62,0x83,0x4E,0x83,0x8C,0x83,0x58)
xi.synth_result_id_to_name_cp932[16265] = string.char(0x83,0x45,0x83,0x42,0x83,0x94,0x83,0x8B,0x83,0x53,0x83,0x8B,0x83,0x57,0x83,0x46)
xi.synth_result_id_to_name_cp932[16281] = string.char(0x83,0x6F,0x83,0x74,0x81,0x5B,0x83,0x93,0x83,0x4A,0x83,0x89,0x81,0x5B)
xi.synth_result_id_to_name_cp932[16301] = string.char(0x83,0x74,0x83,0x48,0x81,0x5B,0x83,0x4A,0x83,0x58,0x83,0x4A,0x83,0x89,0x81,0x5B)
xi.synth_result_id_to_name_cp932[16365] = string.char(0x83,0x41,0x83,0x8B,0x83,0x57,0x83,0x46,0x83,0x93,0x83,0x67,0x83,0x7A,0x81,0x5B,0x83,0x59)
xi.synth_result_id_to_name_cp932[16373] = string.char(0x8B,0xAD,0x8F,0x52,0x89,0xBA,0x82,0xCE,0x82,0xAB)
xi.synth_result_id_to_name_cp932[16385] = string.char(0x83,0x5A,0x83,0x58,0x83,0x5E,0x83,0x58)
xi.synth_result_id_to_name_cp932[16386] = string.char(0x83,0x8A,0x83,0x55,0x81,0x5B,0x83,0x68,0x83,0x5A,0x83,0x58,0x83,0x5E,0x83,0x58)
xi.synth_result_id_to_name_cp932[16387] = string.char(0x83,0x7C,0x83,0x43,0x83,0x59,0x83,0x93,0x83,0x5A,0x83,0x58,0x83,0x5E,0x83,0x58)
xi.synth_result_id_to_name_cp932[16388] = string.char(0x83,0x71,0x83,0x7D,0x83,0x93,0x83,0x65,0x83,0x58)
xi.synth_result_id_to_name_cp932[16389] = string.char(0x83,0x4E,0x83,0x40,0x81,0x5B,0x83,0x8B,0x83,0x5A,0x83,0x58,0x83,0x5E,0x83,0x58)
xi.synth_result_id_to_name_cp932[16390] = string.char(0x83,0x75,0x83,0x8D,0x83,0x93,0x83,0x59,0x83,0x69,0x83,0x62,0x83,0x4E,0x83,0x8B)
xi.synth_result_id_to_name_cp932[16391] = string.char(0x83,0x75,0x83,0x89,0x83,0x58,0x83,0x69,0x83,0x62,0x83,0x4E,0x83,0x8B)
xi.synth_result_id_to_name_cp932[16392] = string.char(0x83,0x81,0x83,0x5E,0x83,0x8B,0x83,0x69,0x83,0x62,0x83,0x4E,0x83,0x8B)
xi.synth_result_id_to_name_cp932[16393] = string.char(0x83,0x7E,0x83,0x58,0x83,0x8A,0x83,0x8B,0x83,0x69,0x83,0x62,0x83,0x4E,0x83,0x8B)
xi.synth_result_id_to_name_cp932[16394] = string.char(0x83,0x5F,0x81,0x5B,0x83,0x4E,0x83,0x69,0x83,0x62,0x83,0x4E,0x83,0x8B)
xi.synth_result_id_to_name_cp932[16395] = string.char(0x83,0x5F,0x83,0x43,0x83,0x41,0x83,0x69,0x83,0x62,0x83,0x4E,0x83,0x8B)
xi.synth_result_id_to_name_cp932[16396] = string.char(0x83,0x50,0x81,0x5B,0x83,0x6A,0x83,0x71,0x83,0x58,0x83,0x69,0x83,0x62,0x83,0x4E,0x83,0x8B)
xi.synth_result_id_to_name_cp932[16397] = string.char(0x83,0x78,0x83,0x71,0x83,0x82,0x83,0x58,0x83,0x5A,0x83,0x58,0x83,0x5E,0x83,0x58)
xi.synth_result_id_to_name_cp932[16399] = string.char(0x83,0x4A,0x83,0x5E,0x81,0x5B,0x83,0x8B)
xi.synth_result_id_to_name_cp932[16400] = string.char(0x83,0x5F,0x81,0x5B,0x83,0x4E,0x83,0x4A,0x83,0x5E,0x81,0x5B,0x83,0x8B)
xi.synth_result_id_to_name_cp932[16401] = string.char(0x83,0x57,0x83,0x83,0x83,0x7D,0x83,0x5F,0x83,0x8B)
xi.synth_result_id_to_name_cp932[16403] = string.char(0x83,0x7C,0x83,0x43,0x83,0x59,0x83,0x93,0x83,0x4A,0x83,0x5E,0x81,0x5B,0x83,0x8B)
xi.synth_result_id_to_name_cp932[16404] = string.char(0x83,0x78,0x83,0x6D,0x83,0x80,0x83,0x4A,0x83,0x5E,0x81,0x5B,0x83,0x8B)
xi.synth_result_id_to_name_cp932[16405] = string.char(0x83,0x4C,0x83,0x83,0x83,0x62,0x83,0x67,0x83,0x6F,0x83,0x4F,0x83,0x69,0x83,0x45)
xi.synth_result_id_to_name_cp932[16406] = string.char(0x83,0x6F,0x83,0x4F,0x83,0x69,0x83,0x45)
xi.synth_result_id_to_name_cp932[16407] = string.char(0x83,0x75,0x83,0x89,0x83,0x58,0x83,0x6F,0x83,0x4F,0x83,0x69,0x83,0x45)
xi.synth_result_id_to_name_cp932[16410] = string.char(0x83,0x7C,0x83,0x43,0x83,0x59,0x83,0x93,0x83,0x6F,0x83,0x4F,0x83,0x69,0x83,0x45)
xi.synth_result_id_to_name_cp932[16411] = string.char(0x83,0x4E,0x83,0x8D,0x81,0x5B)
xi.synth_result_id_to_name_cp932[16412] = string.char(0x83,0x7E,0x83,0x58,0x83,0x8A,0x83,0x8B,0x83,0x4E,0x83,0x8D,0x81,0x5B)
xi.synth_result_id_to_name_cp932[16413] = string.char(0x83,0x5F,0x81,0x5B,0x83,0x4E,0x83,0x4E,0x83,0x8D,0x81,0x5B)
xi.synth_result_id_to_name_cp932[16414] = string.char(0x83,0x54,0x81,0x5B,0x83,0x81,0x83,0x62,0x83,0x67,0x83,0x4E,0x83,0x8D,0x81,0x5B)
xi.synth_result_id_to_name_cp932[16416] = string.char(0x83,0x68,0x83,0x89,0x83,0x53,0x83,0x93,0x83,0x4E,0x83,0x8D,0x81,0x5B)
xi.synth_result_id_to_name_cp932[16417] = string.char(0x83,0x7C,0x83,0x43,0x83,0x59,0x83,0x93,0x83,0x4E,0x83,0x8D,0x81,0x5B)
xi.synth_result_id_to_name_cp932[16418] = string.char(0x83,0x78,0x83,0x6D,0x83,0x80,0x83,0x4E,0x83,0x8D,0x81,0x5B)
xi.synth_result_id_to_name_cp932[16419] = string.char(0x83,0x70,0x83,0x5E)
xi.synth_result_id_to_name_cp932[16420] = string.char(0x83,0x7B,0x81,0x5B,0x83,0x93,0x83,0x70,0x83,0x5E)
xi.synth_result_id_to_name_cp932[16421] = string.char(0x83,0x53,0x81,0x5B,0x83,0x8B,0x83,0x68,0x83,0x70,0x83,0x5E)
xi.synth_result_id_to_name_cp932[16422] = string.char(0x83,0x5E,0x83,0x43,0x83,0x4B,0x81,0x5B,0x83,0x74,0x83,0x40,0x83,0x93,0x83,0x4F)
xi.synth_result_id_to_name_cp932[16423] = string.char(0x83,0x7D,0x83,0x6D,0x83,0x76,0x83,0x8B)
xi.synth_result_id_to_name_cp932[16429] = string.char(0x83,0x54,0x83,0x43,0x83,0x8C,0x83,0x58,0x83,0x6F,0x83,0x4F,0x83,0x69,0x83,0x45)
xi.synth_result_id_to_name_cp932[16430] = string.char(0x83,0x41,0x83,0x56,0x83,0x62,0x83,0x68,0x83,0x4E,0x83,0x8D,0x81,0x5B)
xi.synth_result_id_to_name_cp932[16431] = string.char(0x83,0x58,0x83,0x5E,0x83,0x93,0x83,0x4E,0x83,0x8D,0x81,0x5B)
xi.synth_result_id_to_name_cp932[16432] = string.char(0x83,0x58,0x83,0x5E,0x83,0x93,0x83,0x57,0x83,0x83,0x83,0x7D,0x83,0x5F,0x83,0x8B)
xi.synth_result_id_to_name_cp932[16433] = string.char(0x8B,0xA4,0x98,0x61,0x8C,0x52,0x92,0x63,0x95,0xBA,0x90,0xA7,0x8E,0xAE,0x93,0x53,0x8C,0x9D)
xi.synth_result_id_to_name_cp932[16442] = string.char(0x8B,0x60,0x97,0x45,0x95,0xBA,0x82,0xCC,0x92,0xDC)
xi.synth_result_id_to_name_cp932[16443] = string.char(0x83,0x74,0x83,0x8B,0x81,0x5B,0x83,0x63,0x83,0x70,0x83,0x93,0x83,0x60)
xi.synth_result_id_to_name_cp932[16447] = string.char(0x8E,0x4B,0x82,0xD1,0x82,0xBD,0x92,0x5A,0x8C,0x95)
xi.synth_result_id_to_name_cp932[16448] = string.char(0x83,0x75,0x83,0x8D,0x83,0x93,0x83,0x59,0x83,0x5F,0x83,0x4B,0x81,0x5B)
xi.synth_result_id_to_name_cp932[16449] = string.char(0x83,0x75,0x83,0x89,0x83,0x58,0x83,0x5F,0x83,0x4B,0x81,0x5B)
xi.synth_result_id_to_name_cp932[16450] = string.char(0x83,0x5F,0x83,0x4B,0x81,0x5B)
xi.synth_result_id_to_name_cp932[16451] = string.char(0x83,0x7E,0x83,0x58,0x83,0x8A,0x83,0x8B,0x83,0x5F,0x83,0x4B,0x81,0x5B)
xi.synth_result_id_to_name_cp932[16452] = string.char(0x83,0x7E,0x83,0x5A,0x83,0x8A,0x83,0x52,0x83,0x8B,0x83,0x66)
xi.synth_result_id_to_name_cp932[16453] = string.char(0x83,0x49,0x83,0x8A,0x83,0x6E,0x83,0x8B,0x83,0x52,0x83,0x93,0x83,0x5F,0x83,0x4B,0x81,0x5B)
xi.synth_result_id_to_name_cp932[16454] = string.char(0x83,0x75,0x83,0x89,0x83,0x43,0x83,0x93,0x83,0x5F,0x83,0x4B,0x81,0x5B)
xi.synth_result_id_to_name_cp932[16455] = string.char(0x83,0x6F,0x83,0x5B,0x83,0x89,0x81,0x5B,0x83,0x68)
xi.synth_result_id_to_name_cp932[16456] = string.char(0x83,0x7E,0x83,0x58,0x83,0x8A,0x83,0x8B,0x83,0x6F,0x83,0x5B,0x83,0x89,0x81,0x5B,0x83,0x68)
xi.synth_result_id_to_name_cp932[16457] = string.char(0x83,0x5F,0x81,0x5B,0x83,0x4E,0x83,0x6F,0x83,0x5B,0x83,0x89,0x81,0x5B,0x83,0x68)
xi.synth_result_id_to_name_cp932[16458] = string.char(0x83,0x7C,0x83,0x43,0x83,0x59,0x83,0x93,0x83,0x6F,0x83,0x5B,0x83,0x89,0x81,0x5B,0x83,0x68)
xi.synth_result_id_to_name_cp932[16459] = string.char(0x83,0x41,0x83,0x56,0x83,0x62,0x83,0x68,0x83,0x6F,0x83,0x5B,0x83,0x89,0x81,0x5B,0x83,0x68)
xi.synth_result_id_to_name_cp932[16460] = string.char(0x83,0x4E,0x83,0x8A,0x83,0x58)
xi.synth_result_id_to_name_cp932[16461] = string.char(0x83,0x41,0x83,0x5F,0x83,0x7D,0x83,0x93,0x83,0x4E,0x83,0x8A,0x83,0x58)
xi.synth_result_id_to_name_cp932[16463] = string.char(0x98,0x41,0x96,0x4D,0x96,0x82,0x90,0xED,0x8E,0x6D,0x90,0xA7,0x8E,0xAE,0x92,0x5A,0x8C,0x95)
xi.synth_result_id_to_name_cp932[16465] = string.char(0x83,0x75,0x83,0x8D,0x83,0x93,0x83,0x59,0x83,0x69,0x83,0x43,0x83,0x74)
xi.synth_result_id_to_name_cp932[16466] = string.char(0x83,0x69,0x83,0x43,0x83,0x74)
xi.synth_result_id_to_name_cp932[16467] = string.char(0x83,0x7E,0x83,0x58,0x83,0x8A,0x83,0x8B,0x83,0x69,0x83,0x43,0x83,0x74)
xi.synth_result_id_to_name_cp932[16468] = string.char(0x83,0x5F,0x81,0x5B,0x83,0x4E,0x83,0x69,0x83,0x43,0x83,0x74)
xi.synth_result_id_to_name_cp932[16469] = string.char(0x83,0x54,0x81,0x5B,0x83,0x81,0x83,0x62,0x83,0x67,0x83,0x69,0x83,0x43,0x83,0x74)
xi.synth_result_id_to_name_cp932[16470] = string.char(0x83,0x4B,0x83,0x8A,0x83,0x42)
xi.synth_result_id_to_name_cp932[16471] = string.char(0x83,0x75,0x83,0x89,0x83,0x43,0x83,0x93,0x83,0x69,0x83,0x43,0x83,0x74)
xi.synth_result_id_to_name_cp932[16472] = string.char(0x83,0x7C,0x83,0x43,0x83,0x59,0x83,0x93,0x83,0x69,0x83,0x43,0x83,0x74)
xi.synth_result_id_to_name_cp932[16473] = string.char(0x83,0x4E,0x83,0x4E,0x83,0x8A)
xi.synth_result_id_to_name_cp932[16475] = string.char(0x83,0x7E,0x83,0x58,0x83,0x8A,0x83,0x8B,0x83,0x4E,0x83,0x4E,0x83,0x8A)
xi.synth_result_id_to_name_cp932[16476] = string.char(0x83,0x5F,0x81,0x5B,0x83,0x4E,0x83,0x4E,0x83,0x4E,0x83,0x8A)
xi.synth_result_id_to_name_cp932[16477] = string.char(0x83,0x54,0x81,0x5B,0x83,0x81,0x83,0x62,0x83,0x67,0x83,0x4E,0x83,0x4E,0x83,0x8A)
xi.synth_result_id_to_name_cp932[16478] = string.char(0x83,0x7C,0x83,0x43,0x83,0x59,0x83,0x93,0x83,0x4E,0x83,0x4E,0x83,0x8A)
xi.synth_result_id_to_name_cp932[16479] = string.char(0x83,0x41,0x83,0x56,0x83,0x62,0x83,0x68,0x83,0x4E,0x83,0x4E,0x83,0x8A)
xi.synth_result_id_to_name_cp932[16495] = string.char(0x83,0x54,0x83,0x43,0x83,0x8C,0x83,0x58,0x83,0x5F,0x83,0x4B,0x81,0x5B)
xi.synth_result_id_to_name_cp932[16496] = string.char(0x83,0x7C,0x83,0x43,0x83,0x59,0x83,0x93,0x83,0x5F,0x83,0x4B,0x81,0x5B)
xi.synth_result_id_to_name_cp932[16499] = string.char(0x83,0x78,0x83,0x6D,0x83,0x80,0x83,0x4E,0x83,0x8A,0x83,0x58)
xi.synth_result_id_to_name_cp932[16501] = string.char(0x83,0x41,0x83,0x56,0x83,0x62,0x83,0x68,0x83,0x69,0x83,0x43,0x83,0x74)
xi.synth_result_id_to_name_cp932[16502] = string.char(0x83,0x78,0x83,0x6D,0x83,0x80,0x83,0x69,0x83,0x43,0x83,0x74)
xi.synth_result_id_to_name_cp932[16503] = string.char(0x83,0x58,0x83,0x5E,0x83,0x93,0x83,0x69,0x83,0x43,0x83,0x74)
xi.synth_result_id_to_name_cp932[16505] = string.char(0x83,0x78,0x83,0x6D,0x83,0x80,0x83,0x4E,0x83,0x4E,0x83,0x8A)
xi.synth_result_id_to_name_cp932[16506] = string.char(0x83,0x58,0x83,0x5E,0x83,0x93,0x83,0x4E,0x83,0x4E,0x83,0x8A)
xi.synth_result_id_to_name_cp932[16507] = string.char(0x83,0x78,0x83,0x6D,0x83,0x80,0x83,0x6F,0x83,0x5B,0x83,0x89,0x81,0x5B,0x83,0x68)
xi.synth_result_id_to_name_cp932[16512] = string.char(0x83,0x72,0x83,0x8B,0x83,0x7B)
xi.synth_result_id_to_name_cp932[16513] = string.char(0x83,0x5E,0x83,0x62,0x83,0x4E)
xi.synth_result_id_to_name_cp932[16514] = string.char(0x83,0x81,0x83,0x43,0x83,0x8B,0x83,0x75,0x83,0x8C,0x83,0x43,0x83,0x4A,0x81,0x5B)
xi.synth_result_id_to_name_cp932[16515] = string.char(0x83,0x4E,0x83,0x8A,0x83,0x56,0x83,0x85,0x83,0x7D,0x83,0x8B,0x83,0x68)
xi.synth_result_id_to_name_cp932[16516] = string.char(0x8F,0x79,0x8F,0x65,0x8E,0x6D,0x90,0xA7,0x8E,0xAE,0x8F,0xAC,0x8C,0x95)
xi.synth_result_id_to_name_cp932[16517] = string.char(0x83,0x66,0x81,0x5B,0x83,0x51,0x83,0x93)
xi.synth_result_id_to_name_cp932[16518] = string.char(0x83,0x7E,0x83,0x58,0x83,0x8A,0x83,0x8B,0x83,0x66,0x81,0x5B,0x83,0x51,0x83,0x93)
xi.synth_result_id_to_name_cp932[16519] = string.char(0x83,0x56,0x83,0x85,0x83,0x8C,0x83,0x43,0x83,0x4B,0x81,0x5B)
xi.synth_result_id_to_name_cp932[16520] = string.char(0x83,0x94,0x83,0x46,0x83,0x8B,0x83,0x5F,0x83,0x93)
xi.synth_result_id_to_name_cp932[16521] = string.char(0x83,0x8C,0x83,0x43,0x83,0x73,0x83,0x41)
xi.synth_result_id_to_name_cp932[16522] = string.char(0x83,0x74,0x83,0x8C,0x83,0x43,0x83,0x80,0x83,0x66,0x81,0x5B,0x83,0x51,0x83,0x93)
xi.synth_result_id_to_name_cp932[16523] = string.char(0x83,0x7A,0x81,0x5B,0x83,0x8A,0x81,0x5B,0x83,0x66,0x81,0x5B,0x83,0x51,0x83,0x93)
xi.synth_result_id_to_name_cp932[16524] = string.char(0x83,0x74,0x83,0x8B,0x81,0x5B,0x83,0x8C)
xi.synth_result_id_to_name_cp932[16525] = string.char(0x83,0x7A,0x81,0x5B,0x83,0x6C,0x83,0x62,0x83,0x67,0x83,0x74,0x83,0x8B,0x81,0x5B,0x83,0x8C)
xi.synth_result_id_to_name_cp932[16526] = string.char(0x83,0x56,0x83,0x85,0x83,0x94,0x83,0x46,0x81,0x5B,0x83,0x8B,0x83,0x67)
xi.synth_result_id_to_name_cp932[16527] = string.char(0x83,0x47,0x83,0x79)
xi.synth_result_id_to_name_cp932[16528] = string.char(0x83,0x75,0x83,0x89,0x83,0x62,0x83,0x66,0x83,0x42,0x83,0x8C,0x83,0x43,0x83,0x73,0x83,0x41)
xi.synth_result_id_to_name_cp932[16529] = string.char(0x8F,0x65,0x8E,0x6D,0x90,0xA7,0x8E,0xAE,0x8C,0x95)
xi.synth_result_id_to_name_cp932[16530] = string.char(0x83,0x54,0x83,0x43,0x83,0x74,0x83,0x48,0x83,0x58)
xi.synth_result_id_to_name_cp932[16531] = string.char(0x83,0x75,0x83,0x89,0x83,0x58,0x83,0x54,0x83,0x43,0x83,0x74,0x83,0x48,0x83,0x58)
xi.synth_result_id_to_name_cp932[16532] = string.char(0x83,0x4F,0x83,0x89,0x83,0x66,0x83,0x42,0x83,0x45,0x83,0x58)
xi.synth_result_id_to_name_cp932[16535] = string.char(0x83,0x75,0x83,0x8D,0x83,0x93,0x83,0x59,0x83,0x5C,0x81,0x5B,0x83,0x68)
xi.synth_result_id_to_name_cp932[16536] = string.char(0x83,0x41,0x83,0x43,0x83,0x41,0x83,0x93,0x83,0x5C,0x81,0x5B,0x83,0x68)
xi.synth_result_id_to_name_cp932[16537] = string.char(0x83,0x7E,0x83,0x58,0x83,0x8A,0x83,0x8B,0x83,0x5C,0x81,0x5B,0x83,0x68)
xi.synth_result_id_to_name_cp932[16538] = string.char(0x83,0x5F,0x81,0x5B,0x83,0x4E,0x83,0x5C,0x81,0x5B,0x83,0x68)
xi.synth_result_id_to_name_cp932[16539] = string.char(0x83,0x54,0x81,0x5B,0x83,0x81,0x83,0x62,0x83,0x67,0x83,0x5C,0x81,0x5B,0x83,0x68)
xi.synth_result_id_to_name_cp932[16541] = string.char(0x83,0x57,0x83,0x83,0x83,0x68,0x83,0x76,0x83,0x89,0x81,0x5B,0x83,0x65)
xi.synth_result_id_to_name_cp932[16542] = string.char(0x83,0x45,0x83,0x42,0x83,0x93,0x83,0x4F,0x83,0x5C,0x81,0x5B,0x83,0x68)
xi.synth_result_id_to_name_cp932[16543] = string.char(0x83,0x74,0x83,0x40,0x83,0x43,0x83,0x41,0x83,0x5C,0x81,0x5B,0x83,0x68)
xi.synth_result_id_to_name_cp932[16544] = string.char(0x89,0xA4,0x8D,0x91,0x8B,0x7C,0x95,0xBA,0x90,0xA7,0x8E,0xAE,0x8C,0x95)
xi.synth_result_id_to_name_cp932[16545] = string.char(0x83,0x75,0x83,0x8D,0x81,0x5B,0x83,0x68,0x83,0x5C,0x81,0x5B,0x83,0x68)
xi.synth_result_id_to_name_cp932[16546] = string.char(0x83,0x4A,0x83,0x62,0x83,0x63,0x83,0x6F,0x83,0x8B,0x83,0x51,0x83,0x8B)
xi.synth_result_id_to_name_cp932[16547] = string.char(0x83,0x41,0x83,0x6C,0x83,0x89,0x83,0x58)
xi.synth_result_id_to_name_cp932[16548] = string.char(0x8E,0x58,0x8C,0xE8,0x82,0xCC,0x8C,0x95)
xi.synth_result_id_to_name_cp932[16549] = string.char(0x83,0x66,0x83,0x42,0x83,0x6F,0x83,0x43,0x83,0x93,0x83,0x5C,0x81,0x5B,0x83,0x68)
xi.synth_result_id_to_name_cp932[16550] = string.char(0x83,0x6E,0x83,0x8D,0x83,0x45,0x83,0x46,0x83,0x68,0x83,0x5C,0x81,0x5B,0x83,0x68)
xi.synth_result_id_to_name_cp932[16551] = string.char(0x83,0x54,0x83,0x70,0x83,0x89)
xi.synth_result_id_to_name_cp932[16552] = string.char(0x83,0x56,0x83,0x7E,0x83,0x5E,0x81,0x5B)
xi.synth_result_id_to_name_cp932[16553] = string.char(0x83,0x5E,0x83,0x8B,0x83,0x8F,0x81,0x5B,0x83,0x8B)
xi.synth_result_id_to_name_cp932[16554] = string.char(0x83,0x6E,0x83,0x93,0x83,0x4B,0x81,0x5B)
xi.synth_result_id_to_name_cp932[16556] = string.char(0x83,0x75,0x83,0x89,0x83,0x62,0x83,0x66,0x83,0x42,0x83,0x75,0x83,0x8C,0x81,0x5B,0x83,0x68)
xi.synth_result_id_to_name_cp932[16558] = string.char(0x83,0x74,0x83,0x40,0x83,0x8B,0x83,0x56,0x83,0x49,0x83,0x93)
xi.synth_result_id_to_name_cp932[16559] = string.char(0x83,0x5F,0x81,0x5B,0x83,0x4E,0x83,0x74,0x83,0x40,0x83,0x8B,0x83,0x56,0x83,0x49,0x83,0x93)
xi.synth_result_id_to_name_cp932[16560] = string.char(0x83,0x4A,0x83,0x67,0x83,0x89,0x83,0x58)
xi.synth_result_id_to_name_cp932[16562] = string.char(0x83,0x76,0x83,0x89,0x83,0x60,0x83,0x69,0x83,0x4A,0x83,0x67,0x83,0x89,0x83,0x58)
xi.synth_result_id_to_name_cp932[16564] = string.char(0x83,0x74,0x83,0x8C,0x83,0x43,0x83,0x80,0x83,0x75,0x83,0x8C,0x81,0x5B,0x83,0x68)
xi.synth_result_id_to_name_cp932[16565] = string.char(0x83,0x58,0x83,0x70,0x83,0x5E)
xi.synth_result_id_to_name_cp932[16566] = string.char(0x83,0x8D,0x83,0x93,0x83,0x4F,0x83,0x5C,0x81,0x5B,0x83,0x68)
xi.synth_result_id_to_name_cp932[16567] = string.char(0x83,0x69,0x83,0x43,0x83,0x67,0x83,0x5C,0x81,0x5B,0x83,0x68)
xi.synth_result_id_to_name_cp932[16568] = string.char(0x83,0x54,0x81,0x5B,0x83,0x78,0x83,0x8B)
xi.synth_result_id_to_name_cp932[16569] = string.char(0x83,0x53,0x81,0x5B,0x83,0x8B,0x83,0x68,0x83,0x5C,0x81,0x5B,0x83,0x68)
xi.synth_result_id_to_name_cp932[16571] = string.char(0x90,0x5F,0x93,0x61,0x8B,0x52,0x8E,0x6D,0x92,0x63,0x90,0xA7,0x8E,0xAE,0x92,0xB7,0x8C,0x95)
xi.synth_result_id_to_name_cp932[16572] = string.char(0x83,0x72,0x81,0x5B,0x83,0x58,0x83,0x70,0x83,0x5E)
xi.synth_result_id_to_name_cp932[16576] = string.char(0x83,0x6E,0x83,0x93,0x83,0x65,0x83,0x42,0x83,0x93,0x83,0x4F,0x83,0x5C,0x81,0x5B,0x83,0x68)
xi.synth_result_id_to_name_cp932[16577] = string.char(0x83,0x6F,0x83,0x58,0x83,0x5E,0x81,0x5B,0x83,0x68,0x83,0x5C,0x81,0x5B,0x83,0x68)
xi.synth_result_id_to_name_cp932[16578] = string.char(0x83,0x47,0x83,0x58,0x83,0x70,0x83,0x68,0x83,0x93)
xi.synth_result_id_to_name_cp932[16579] = string.char(0x83,0x4A,0x83,0x58,0x83,0x4A,0x83,0x89)
xi.synth_result_id_to_name_cp932[16581] = string.char(0x83,0x7A,0x81,0x5B,0x83,0x8A,0x81,0x5B,0x83,0x5C,0x81,0x5B,0x83,0x68)
xi.synth_result_id_to_name_cp932[16583] = string.char(0x83,0x4E,0x83,0x8C,0x83,0x43,0x83,0x82,0x83,0x41)
xi.synth_result_id_to_name_cp932[16584] = string.char(0x83,0x7E,0x83,0x58,0x83,0x8A,0x83,0x8B,0x83,0x4E,0x83,0x8C,0x83,0x43,0x83,0x82,0x83,0x41)
xi.synth_result_id_to_name_cp932[16585] = string.char(0x83,0x5F,0x81,0x5B,0x83,0x4E,0x83,0x4E,0x83,0x8C,0x83,0x43,0x83,0x82,0x83,0x41)
xi.synth_result_id_to_name_cp932[16587] = string.char(0x83,0x53,0x81,0x5B,0x83,0x8B,0x83,0x68,0x83,0x41,0x83,0x8B,0x83,0x53,0x83,0x8B)
xi.synth_result_id_to_name_cp932[16588] = string.char(0x83,0x74,0x83,0x8C,0x83,0x43,0x83,0x80,0x83,0x4E,0x83,0x8C,0x83,0x43,0x83,0x82,0x83,0x41)
xi.synth_result_id_to_name_cp932[16589] = string.char(0x83,0x67,0x83,0x44,0x83,0x6E,0x83,0x93,0x83,0x68,0x83,0x5C,0x81,0x5B,0x83,0x68)
xi.synth_result_id_to_name_cp932[16590] = string.char(0x83,0x4F,0x83,0x8C,0x81,0x5B,0x83,0x67,0x83,0x5C,0x81,0x5B,0x83,0x68)
xi.synth_result_id_to_name_cp932[16591] = string.char(0x83,0x63,0x83,0x6F,0x83,0x43,0x83,0x6E,0x83,0x93,0x83,0x5F,0x81,0x5B)
xi.synth_result_id_to_name_cp932[16593] = string.char(0x83,0x76,0x83,0x8C,0x81,0x5B,0x83,0x93,0x83,0x5C,0x81,0x5B,0x83,0x68)
xi.synth_result_id_to_name_cp932[16594] = string.char(0x83,0x43,0x83,0x93,0x83,0x74,0x83,0x46,0x83,0x8B,0x83,0x6D,0x83,0x5C,0x81,0x5B,0x83,0x68)
xi.synth_result_id_to_name_cp932[16595] = string.char(0x83,0x89,0x83,0x80,0x81,0x45,0x83,0x5F,0x83,0x49)
xi.synth_result_id_to_name_cp932[16596] = string.char(0x83,0x74,0x83,0x89,0x83,0x93,0x83,0x78,0x83,0x8B,0x83,0x57,0x83,0x85)
xi.synth_result_id_to_name_cp932[16597] = string.char(0x83,0x69,0x81,0x5B,0x83,0x4B,0x83,0x93)
xi.synth_result_id_to_name_cp932[16600] = string.char(0x83,0x8F,0x83,0x62,0x83,0x4E,0x83,0x58,0x83,0x5C,0x81,0x5B,0x83,0x68)
xi.synth_result_id_to_name_cp932[16601] = string.char(0x89,0xA4,0x8D,0x91,0x8C,0x95,0x8E,0x6D,0x90,0xA7,0x8E,0xAE,0x91,0xE5,0x8C,0x95)
xi.synth_result_id_to_name_cp932[16603] = string.char(0x83,0x77,0x83,0x43,0x83,0x8D,0x81,0x5B,0x83,0x4E,0x83,0x8C,0x83,0x43,0x83,0x82,0x83,0x41)
xi.synth_result_id_to_name_cp932[16606] = string.char(0x8E,0x4B,0x82,0xD1,0x82,0xBD,0x91,0xE5,0x8C,0x95)
xi.synth_result_id_to_name_cp932[16609] = string.char(0x83,0x75,0x83,0x89,0x83,0x62,0x83,0x66,0x83,0x42,0x83,0x5C,0x81,0x5B,0x83,0x68)
xi.synth_result_id_to_name_cp932[16613] = string.char(0x83,0x58,0x83,0x73,0x83,0x8A,0x83,0x62,0x83,0x67,0x83,0x5C,0x81,0x5B,0x83,0x68)
xi.synth_result_id_to_name_cp932[16640] = string.char(0x83,0x75,0x83,0x8D,0x83,0x93,0x83,0x59,0x83,0x41,0x83,0x4E,0x83,0x58)
xi.synth_result_id_to_name_cp932[16641] = string.char(0x83,0x75,0x83,0x89,0x83,0x58,0x83,0x41,0x83,0x4E,0x83,0x58)
xi.synth_result_id_to_name_cp932[16642] = string.char(0x83,0x7B,0x81,0x5B,0x83,0x93,0x83,0x41,0x83,0x4E,0x83,0x58)
xi.synth_result_id_to_name_cp932[16643] = string.char(0x83,0x6F,0x83,0x67,0x83,0x8B,0x83,0x41,0x83,0x4E,0x83,0x58)
xi.synth_result_id_to_name_cp932[16644] = string.char(0x83,0x7E,0x83,0x58,0x83,0x8A,0x83,0x8B,0x83,0x41,0x83,0x4E,0x83,0x58)
xi.synth_result_id_to_name_cp932[16645] = string.char(0x83,0x5F,0x81,0x5B,0x83,0x4E,0x83,0x41,0x83,0x4E,0x83,0x58)
xi.synth_result_id_to_name_cp932[16648] = string.char(0x8B,0xA4,0x98,0x61,0x8C,0x52,0x92,0x63,0x95,0xBA,0x90,0xA7,0x8E,0xAE,0x90,0xED,0x95,0x80)
xi.synth_result_id_to_name_cp932[16649] = string.char(0x83,0x7B,0x81,0x5B,0x83,0x93,0x83,0x73,0x83,0x62,0x83,0x4E)
xi.synth_result_id_to_name_cp932[16650] = string.char(0x83,0x45,0x83,0x48,0x81,0x5B,0x83,0x73,0x83,0x62,0x83,0x4E)
xi.synth_result_id_to_name_cp932[16651] = string.char(0x83,0x7E,0x83,0x58,0x83,0x8A,0x83,0x8B,0x83,0x73,0x83,0x62,0x83,0x4E)
xi.synth_result_id_to_name_cp932[16652] = string.char(0x83,0x5F,0x81,0x5B,0x83,0x4E,0x83,0x73,0x83,0x62,0x83,0x4E)
xi.synth_result_id_to_name_cp932[16653] = string.char(0x83,0x69,0x83,0x67,0x83,0x57,0x81,0x5B,0x83,0x4E)
xi.synth_result_id_to_name_cp932[16655] = string.char(0x8E,0x4B,0x82,0xD1,0x82,0xBD,0x92,0xC8,0x96,0x67)
xi.synth_result_id_to_name_cp932[16657] = string.char(0x83,0x5E,0x83,0x6F,0x81,0x5B,0x83,0x8B)
xi.synth_result_id_to_name_cp932[16658] = string.char(0x83,0x5F,0x81,0x5B,0x83,0x4E,0x83,0x5E,0x83,0x6F,0x81,0x5B,0x83,0x8B)
xi.synth_result_id_to_name_cp932[16659] = string.char(0x83,0x5E,0x83,0x6F,0x83,0x8B,0x83,0x57,0x83,0x93)
xi.synth_result_id_to_name_cp932[16669] = string.char(0x98,0x41,0x96,0x4D,0x96,0x82,0x90,0xED,0x8E,0x6D,0x90,0xA7,0x8E,0xAE,0x90,0xED,0x95,0x80)
xi.synth_result_id_to_name_cp932[16691] = string.char(0x89,0xA4,0x8D,0x91,0x8B,0x7C,0x95,0xBA,0x90,0xA7,0x8E,0xAE,0x90,0xED,0x8C,0x9D)
xi.synth_result_id_to_name_cp932[16694] = string.char(0x98,0x41,0x96,0x4D,0x8C,0x52,0x8E,0x74,0x90,0xA7,0x8E,0xAE,0x8E,0x77,0x8A,0xF6,0x96,0x5F)
xi.synth_result_id_to_name_cp932[16704] = string.char(0x83,0x6F,0x83,0x5E,0x83,0x74,0x83,0x89,0x83,0x43,0x83,0x41,0x83,0x4E,0x83,0x58)
xi.synth_result_id_to_name_cp932[16705] = string.char(0x83,0x4F,0x83,0x8C,0x81,0x5B,0x83,0x67,0x83,0x41,0x83,0x4E,0x83,0x58)
xi.synth_result_id_to_name_cp932[16706] = string.char(0x83,0x77,0x83,0x94,0x83,0x42,0x83,0x41,0x83,0x4E,0x83,0x58)
xi.synth_result_id_to_name_cp932[16707] = string.char(0x83,0x75,0x81,0x5B,0x83,0x57)
xi.synth_result_id_to_name_cp932[16709] = string.char(0x83,0x43,0x83,0x93,0x83,0x74,0x83,0x46,0x83,0x8B,0x83,0x6D,0x83,0x41,0x83,0x4E,0x83,0x58)
xi.synth_result_id_to_name_cp932[16710] = string.char(0x83,0x4D,0x83,0x4B,0x83,0x93,0x83,0x67,0x83,0x41,0x83,0x4E,0x83,0x58)
xi.synth_result_id_to_name_cp932[16712] = string.char(0x95,0x53,0x90,0x6C,0x91,0xE0,0x92,0xB7,0x90,0xA7,0x8E,0xAE,0x91,0xE5,0x95,0x80)
xi.synth_result_id_to_name_cp932[16724] = string.char(0x83,0x77,0x83,0x94,0x83,0x42,0x83,0x5F,0x81,0x5B,0x83,0x4E,0x83,0x41,0x83,0x4E,0x83,0x58)
xi.synth_result_id_to_name_cp932[16730] = string.char(0x83,0x52,0x83,0x8D,0x83,0x62,0x83,0x54,0x83,0x8B,0x83,0x41,0x83,0x4E,0x83,0x58)
xi.synth_result_id_to_name_cp932[16732] = string.char(0x95,0x53,0x90,0x6C,0x91,0xE0,0x92,0xB7,0x91,0xE5,0x95,0x80,0x2B,0x31)
xi.synth_result_id_to_name_cp932[16744] = string.char(0x89,0xA4,0x8D,0x91,0x8F,0x5D,0x8B,0x52,0x8E,0x6D,0x90,0xA7,0x8E,0xAE,0x92,0x5A,0x8C,0x95)
xi.synth_result_id_to_name_cp932[16745] = string.char(0x8F,0x5C,0x90,0x6C,0x91,0xE0,0x92,0xB7,0x90,0xA7,0x8E,0xAE,0x83,0x5F,0x83,0x4B,0x81,0x5B)
xi.synth_result_id_to_name_cp932[16746] = string.char(0x97,0x62,0x95,0xBA,0x82,0xCC,0x83,0x69,0x83,0x43,0x83,0x74)
xi.synth_result_id_to_name_cp932[16747] = string.char(0x97,0x62,0x95,0xBA,0x91,0xE0,0x92,0xB7,0x82,0xCC,0x83,0x4E,0x83,0x4E,0x83,0x8A)
xi.synth_result_id_to_name_cp932[16755] = string.char(0x83,0x41,0x81,0x5B,0x83,0x60,0x83,0x83,0x81,0x5B,0x83,0x69,0x83,0x43,0x83,0x74)
xi.synth_result_id_to_name_cp932[16759] = string.char(0x83,0x5F,0x81,0x5B,0x83,0x4E,0x83,0x4E,0x83,0x8A,0x83,0x58)
xi.synth_result_id_to_name_cp932[16768] = string.char(0x83,0x75,0x83,0x8D,0x83,0x93,0x83,0x59,0x83,0x55,0x83,0x4F,0x83,0x69,0x83,0x8B)
xi.synth_result_id_to_name_cp932[16769] = string.char(0x83,0x75,0x83,0x89,0x83,0x58,0x83,0x55,0x83,0x4F,0x83,0x69,0x83,0x8B)
xi.synth_result_id_to_name_cp932[16770] = string.char(0x83,0x55,0x83,0x4F,0x83,0x69,0x83,0x8B)
xi.synth_result_id_to_name_cp932[16774] = string.char(0x83,0x54,0x83,0x43,0x83,0x59)
xi.synth_result_id_to_name_cp932[16775] = string.char(0x83,0x7E,0x83,0x58,0x83,0x8A,0x83,0x8B,0x83,0x54,0x83,0x43,0x83,0x59)
xi.synth_result_id_to_name_cp932[16776] = string.char(0x97,0x62,0x95,0xBA,0x91,0xE0,0x92,0xB7,0x82,0xCC,0x91,0xE5,0x8A,0x99)
xi.synth_result_id_to_name_cp932[16777] = string.char(0x83,0x66,0x83,0x58,0x83,0x54,0x83,0x43,0x83,0x59)
xi.synth_result_id_to_name_cp932[16780] = string.char(0x8B,0xA4,0x98,0x61,0x8C,0x52,0x92,0x63,0x95,0xBA,0x90,0xA7,0x8E,0xAE,0x90,0xED,0x8A,0x99)
xi.synth_result_id_to_name_cp932[16789] = string.char(0x83,0x5F,0x81,0x5B,0x83,0x4E,0x83,0x54,0x83,0x43,0x83,0x59)
xi.synth_result_id_to_name_cp932[16794] = string.char(0x83,0x7B,0x81,0x5B,0x83,0x93,0x83,0x54,0x83,0x43,0x83,0x59)
xi.synth_result_id_to_name_cp932[16796] = string.char(0x83,0x7E,0x83,0x58,0x83,0x8A,0x83,0x8B,0x83,0x55,0x83,0x4F,0x83,0x69,0x83,0x8B)
xi.synth_result_id_to_name_cp932[16806] = string.char(0x95,0x53,0x90,0x6C,0x91,0xE0,0x92,0xB7,0x90,0xA7,0x8E,0xAE,0x8C,0x95)
xi.synth_result_id_to_name_cp932[16807] = string.char(0x98,0x41,0x96,0x4D,0x96,0x82,0x90,0xED,0x8E,0x6D,0x90,0xA7,0x8E,0xAE,0x8B,0xC8,0x93,0x81)
xi.synth_result_id_to_name_cp932[16810] = string.char(0x98,0x41,0x96,0x4D,0x8C,0x52,0x8E,0x74,0x90,0xA7,0x8E,0xAE,0x91,0xD1,0x8C,0x95)
xi.synth_result_id_to_name_cp932[16832] = string.char(0x83,0x6E,0x81,0x5B,0x83,0x76,0x81,0x5B,0x83,0x93)
xi.synth_result_id_to_name_cp932[16833] = string.char(0x83,0x75,0x83,0x8D,0x83,0x93,0x83,0x59,0x83,0x58,0x83,0x73,0x83,0x41)
xi.synth_result_id_to_name_cp932[16834] = string.char(0x83,0x75,0x83,0x89,0x83,0x58,0x83,0x58,0x83,0x73,0x83,0x41)
xi.synth_result_id_to_name_cp932[16835] = string.char(0x83,0x58,0x83,0x73,0x83,0x41)
xi.synth_result_id_to_name_cp932[16836] = string.char(0x83,0x6E,0x83,0x8B,0x83,0x6F,0x81,0x5B,0x83,0x68)
xi.synth_result_id_to_name_cp932[16837] = string.char(0x83,0x67,0x83,0x89,0x83,0x43,0x83,0x66,0x83,0x93,0x83,0x67)
xi.synth_result_id_to_name_cp932[16839] = string.char(0x83,0x70,0x83,0x8B,0x83,0x60,0x83,0x55,0x83,0x93)
xi.synth_result_id_to_name_cp932[16840] = string.char(0x83,0x49,0x83,0x62,0x83,0x4E,0x83,0x58,0x83,0x5E,0x83,0x93)
xi.synth_result_id_to_name_cp932[16841] = string.char(0x94,0xF2,0x97,0xB3,0x82,0xCC,0x91,0x84)
xi.synth_result_id_to_name_cp932[16842] = string.char(0x83,0x53,0x81,0x5B,0x83,0x8B,0x83,0x66,0x83,0x93,0x83,0x58,0x83,0x73,0x83,0x41)
xi.synth_result_id_to_name_cp932[16844] = string.char(0x89,0xA4,0x8D,0x91,0x8F,0x5D,0x8B,0x52,0x8E,0x6D,0x90,0xA7,0x8E,0xAE,0x91,0x84,0x95,0x80)
xi.synth_result_id_to_name_cp932[16845] = string.char(0x83,0x89,0x83,0x93,0x83,0x58)
xi.synth_result_id_to_name_cp932[16846] = string.char(0x83,0x75,0x83,0x89,0x83,0x62,0x83,0x66,0x83,0x42,0x83,0x89,0x83,0x93,0x83,0x58)
xi.synth_result_id_to_name_cp932[16847] = string.char(0x83,0x7E,0x83,0x58,0x83,0x8A,0x83,0x8B,0x83,0x89,0x83,0x93,0x83,0x58)
xi.synth_result_id_to_name_cp932[16848] = string.char(0x83,0x5F,0x81,0x5B,0x83,0x4E,0x83,0x89,0x83,0x93,0x83,0x58)
xi.synth_result_id_to_name_cp932[16849] = string.char(0x83,0x54,0x81,0x5B,0x83,0x81,0x83,0x62,0x83,0x67,0x83,0x89,0x83,0x93,0x83,0x58)
xi.synth_result_id_to_name_cp932[16851] = string.char(0x89,0xA4,0x97,0xA7,0x8B,0x52,0x8E,0x6D,0x92,0x63,0x90,0xA7,0x8E,0xAE,0x8B,0x52,0x91,0x84)
xi.synth_result_id_to_name_cp932[16852] = string.char(0x89,0xA4,0x8D,0x91,0x91,0x84,0x95,0xBA,0x90,0xA7,0x8E,0xAE,0x91,0x84)
xi.synth_result_id_to_name_cp932[16856] = string.char(0x83,0x49,0x83,0x78,0x83,0x8A,0x83,0x58,0x83,0x4E)
xi.synth_result_id_to_name_cp932[16858] = string.char(0x83,0x54,0x83,0x4E,0x83,0x8C,0x83,0x62,0x83,0x68,0x83,0x89,0x83,0x93,0x83,0x58)
xi.synth_result_id_to_name_cp932[16860] = string.char(0x83,0x7A,0x81,0x5B,0x83,0x8A,0x81,0x5B,0x83,0x89,0x83,0x93,0x83,0x58)
xi.synth_result_id_to_name_cp932[16861] = string.char(0x83,0x41,0x83,0x43,0x83,0x58,0x83,0x89,0x83,0x93,0x83,0x58)
xi.synth_result_id_to_name_cp932[16871] = string.char(0x8A,0x99,0x91,0x84)
xi.synth_result_id_to_name_cp932[16888] = string.char(0x83,0x6F,0x83,0x67,0x83,0x8B,0x83,0x74,0x83,0x48,0x81,0x5B,0x83,0x4E)
xi.synth_result_id_to_name_cp932[16890] = string.char(0x83,0x49,0x83,0x78,0x83,0x8A,0x83,0x58,0x83,0x4E,0x83,0x89,0x83,0x93,0x83,0x58)
xi.synth_result_id_to_name_cp932[16896] = string.char(0x8B,0xEA,0x96,0xB3)
xi.synth_result_id_to_name_cp932[16900] = string.char(0x98,0x65,0x8E,0x77)
xi.synth_result_id_to_name_cp932[16901] = string.char(0x8F,0xAC,0x91,0xBE,0x93,0x81)
xi.synth_result_id_to_name_cp932[16902] = string.char(0x8D,0xF7,0x90,0x81,0x90,0xE1)
xi.synth_result_id_to_name_cp932[16903] = string.char(0x8A,0x95,0x8A,0x84)
xi.synth_result_id_to_name_cp932[16905] = string.char(0x96,0x6E,0x93,0x81)
xi.synth_result_id_to_name_cp932[16906] = string.char(0x96,0xD9,0x93,0x81)
xi.synth_result_id_to_name_cp932[16907] = string.char(0x95,0x8D,0x8E,0x71,0x93,0x81)
xi.synth_result_id_to_name_cp932[16908] = string.char(0x97,0x6E,0x93,0x81)
xi.synth_result_id_to_name_cp932[16909] = string.char(0x8C,0xD5,0x98,0x54,0x97,0x9F,0x93,0x81)
xi.synth_result_id_to_name_cp932[16910] = string.char(0xE5,0x9D,0x93,0x81)
xi.synth_result_id_to_name_cp932[16915] = string.char(0x94,0xF2,0x89,0x8D)
xi.synth_result_id_to_name_cp932[16919] = string.char(0x94,0x45,0x93,0x81)
xi.synth_result_id_to_name_cp932[16930] = string.char(0x97,0x62,0x95,0xBA,0x82,0xCC,0x91,0xE5,0x8C,0x95)
xi.synth_result_id_to_name_cp932[16944] = string.char(0x83,0x8D,0x83,0x62,0x83,0x4E,0x83,0x6E,0x81,0x5B,0x83,0x67)
xi.synth_result_id_to_name_cp932[16946] = string.char(0x97,0x62,0x95,0xBA,0x91,0xE5,0x8C,0x95,0x2B,0x31)
xi.synth_result_id_to_name_cp932[16948] = string.char(0x89,0xA4,0x8D,0x91,0x8C,0x95,0x8E,0x6D,0x91,0xE5,0x8C,0x95,0x2B,0x31)
xi.synth_result_id_to_name_cp932[16950] = string.char(0x83,0x7E,0x83,0x58,0x83,0x8A,0x83,0x8B,0x83,0x6E,0x81,0x5B,0x83,0x67)
xi.synth_result_id_to_name_cp932[16954] = string.char(0x83,0x73,0x81,0x5B,0x83,0x8B,0x83,0x69,0x81,0x5B,0x83,0x4B,0x83,0x93)
xi.synth_result_id_to_name_cp932[16957] = string.char(0x83,0x74,0x83,0x48,0x83,0x5A)
xi.synth_result_id_to_name_cp932[16960] = string.char(0x91,0xC5,0x93,0x81)
xi.synth_result_id_to_name_cp932[16962] = string.char(0x88,0xA2,0x8F,0x43,0x97,0x85)
xi.synth_result_id_to_name_cp932[16964] = string.char(0x8E,0x61,0x94,0x6E,0x93,0x81)
xi.synth_result_id_to_name_cp932[16966] = string.char(0x91,0xBE,0x93,0x81)
xi.synth_result_id_to_name_cp932[16967] = string.char(0x8E,0x4F,0x93,0xFA,0x8C,0x8E)
xi.synth_result_id_to_name_cp932[16970] = string.char(0x8D,0xD7,0x91,0xBE,0x93,0x81)
xi.synth_result_id_to_name_cp932[16972] = string.char(0x8F,0xFC,0x91,0xBE,0x93,0x81)
xi.synth_result_id_to_name_cp932[16973] = string.char(0x89,0x8B)
xi.synth_result_id_to_name_cp932[16975] = string.char(0x8C,0x93,0x92,0xE8)
xi.synth_result_id_to_name_cp932[16982] = string.char(0x96,0xEC,0x91,0xBE,0x93,0x81)
xi.synth_result_id_to_name_cp932[16984] = string.char(0x90,0x77,0x91,0xBE,0x93,0x81)
xi.synth_result_id_to_name_cp932[16988] = string.char(0x8C,0xD5,0x93,0x4F)
xi.synth_result_id_to_name_cp932[16992] = string.char(0x83,0x75,0x83,0x8A,0x90,0xD8,0x82,0xE8,0x90,0x67)
xi.synth_result_id_to_name_cp932[16993] = string.char(0x82,0xDE,0x82,0xAB,0x83,0x55,0x83,0x8A,0x83,0x4B,0x83,0x6A)
xi.synth_result_id_to_name_cp932[16994] = string.char(0x83,0x74,0x83,0x69,0x90,0xD8,0x82,0xE8,0x90,0x67)
xi.synth_result_id_to_name_cp932[16995] = string.char(0x95,0x85,0x93,0xF7)
xi.synth_result_id_to_name_cp932[16996] = string.char(0x83,0x43,0x83,0x8F,0x83,0x56,0x83,0x5F,0x83,0x93,0x83,0x53)
xi.synth_result_id_to_name_cp932[16997] = string.char(0x83,0x47,0x83,0x72,0x83,0x5F,0x83,0x93,0x83,0x53)
xi.synth_result_id_to_name_cp932[16998] = string.char(0x92,0x8E,0x83,0x5F,0x83,0x93,0x83,0x53)
xi.synth_result_id_to_name_cp932[16999] = string.char(0x83,0x7D,0x83,0x58,0x83,0x5F,0x83,0x93,0x83,0x53)
xi.synth_result_id_to_name_cp932[17000] = string.char(0x93,0xF7,0x83,0x5F,0x83,0x93,0x83,0x53)
xi.synth_result_id_to_name_cp932[17014] = string.char(0x83,0x71,0x83,0x85,0x81,0x5B,0x83,0x80,0x8E,0xAE,0x92,0xDE,0x8A,0xC6)
xi.synth_result_id_to_name_cp932[17015] = string.char(0x83,0x6E,0x83,0x8B,0x83,0x56,0x83,0x49,0x83,0x93,0x83,0x8D,0x83,0x62,0x83,0x68)
xi.synth_result_id_to_name_cp932[17016] = string.char(0x83,0x79,0x83,0x62,0x83,0x67,0x83,0x41,0x83,0x8B,0x83,0x74,0x83,0x40)
xi.synth_result_id_to_name_cp932[17017] = string.char(0x83,0x79,0x83,0x62,0x83,0x67,0x83,0x78,0x81,0x5B,0x83,0x5E)
xi.synth_result_id_to_name_cp932[17018] = string.char(0x83,0x79,0x83,0x62,0x83,0x67,0x83,0x4B,0x83,0x93,0x83,0x7D)
xi.synth_result_id_to_name_cp932[17019] = string.char(0x83,0x79,0x83,0x62,0x83,0x67,0x83,0x66,0x83,0x8B,0x83,0x5E)
xi.synth_result_id_to_name_cp932[17020] = string.char(0x83,0x79,0x83,0x62,0x83,0x67,0x83,0x43,0x83,0x76,0x83,0x56,0x83,0x8D,0x83,0x93)
xi.synth_result_id_to_name_cp932[17021] = string.char(0x83,0x79,0x83,0x62,0x83,0x67,0x83,0x5B,0x81,0x5B,0x83,0x5E)
xi.synth_result_id_to_name_cp932[17022] = string.char(0x83,0x79,0x83,0x62,0x83,0x67,0x83,0x47,0x81,0x5B,0x83,0x5E)
xi.synth_result_id_to_name_cp932[17023] = string.char(0x83,0x79,0x83,0x62,0x83,0x67,0x83,0x56,0x81,0x5B,0x83,0x5E)
xi.synth_result_id_to_name_cp932[17024] = string.char(0x83,0x41,0x83,0x62,0x83,0x56,0x83,0x85,0x83,0x4E,0x83,0x89,0x83,0x75)
xi.synth_result_id_to_name_cp932[17025] = string.char(0x83,0x60,0x83,0x46,0x83,0x58,0x83,0x69,0x83,0x62,0x83,0x67,0x83,0x4E,0x83,0x89,0x83,0x75)
xi.synth_result_id_to_name_cp932[17026] = string.char(0x83,0x7B,0x81,0x5B,0x83,0x93,0x83,0x4A,0x83,0x57,0x83,0x46,0x83,0x8B)
xi.synth_result_id_to_name_cp932[17027] = string.char(0x83,0x49,0x81,0x5B,0x83,0x4E,0x83,0x4A,0x83,0x57,0x83,0x46,0x83,0x8B)
xi.synth_result_id_to_name_cp932[17028] = string.char(0x8B,0x60,0x97,0x45,0x95,0xBA,0x82,0xCC,0x9E,0x9E,0x96,0x5F)
xi.synth_result_id_to_name_cp932[17030] = string.char(0x83,0x4F,0x83,0x8C,0x81,0x5B,0x83,0x67,0x83,0x4E,0x83,0x89,0x83,0x75)
xi.synth_result_id_to_name_cp932[17034] = string.char(0x83,0x75,0x83,0x8D,0x83,0x93,0x83,0x59,0x83,0x81,0x83,0x43,0x83,0x58)
xi.synth_result_id_to_name_cp932[17035] = string.char(0x83,0x81,0x83,0x43,0x83,0x58)
xi.synth_result_id_to_name_cp932[17036] = string.char(0x83,0x7E,0x83,0x58,0x83,0x8A,0x83,0x8B,0x83,0x81,0x83,0x43,0x83,0x58)
xi.synth_result_id_to_name_cp932[17037] = string.char(0x83,0x5F,0x81,0x5B,0x83,0x4E,0x83,0x81,0x83,0x43,0x83,0x58)
xi.synth_result_id_to_name_cp932[17038] = string.char(0x83,0x75,0x83,0x62,0x83,0x66,0x83,0x42,0x83,0x4B,0x83,0x93)
xi.synth_result_id_to_name_cp932[17039] = string.char(0x83,0x76,0x83,0x89,0x83,0x60,0x83,0x69,0x83,0x81,0x83,0x43,0x83,0x58)
xi.synth_result_id_to_name_cp932[17040] = string.char(0x83,0x66,0x83,0x57,0x83,0x87,0x83,0x93,0x83,0x4A,0x83,0x57,0x83,0x46,0x83,0x8B)
xi.synth_result_id_to_name_cp932[17041] = string.char(0x83,0x7A,0x81,0x5B,0x83,0x8A,0x81,0x5B,0x83,0x81,0x83,0x43,0x83,0x58)
xi.synth_result_id_to_name_cp932[17042] = string.char(0x83,0x75,0x83,0x8D,0x83,0x93,0x83,0x59,0x83,0x6E,0x83,0x93,0x83,0x7D,0x81,0x5B)
xi.synth_result_id_to_name_cp932[17043] = string.char(0x83,0x75,0x83,0x89,0x83,0x58,0x83,0x6E,0x83,0x93,0x83,0x7D,0x81,0x5B)
xi.synth_result_id_to_name_cp932[17044] = string.char(0x83,0x45,0x83,0x48,0x81,0x5B,0x83,0x6E,0x83,0x93,0x83,0x7D,0x81,0x5B)
xi.synth_result_id_to_name_cp932[17045] = string.char(0x83,0x82,0x81,0x5B,0x83,0x8B)
xi.synth_result_id_to_name_cp932[17046] = string.char(0x83,0x5F,0x81,0x5B,0x83,0x4E,0x83,0x82,0x81,0x5B,0x83,0x8B)
xi.synth_result_id_to_name_cp932[17048] = string.char(0x8F,0x5C,0x90,0x6C,0x91,0xE0,0x92,0xB7,0x90,0xA7,0x8E,0xAE,0x90,0xED,0x92,0xC8)
xi.synth_result_id_to_name_cp932[17049] = string.char(0x83,0x81,0x81,0x5B,0x83,0x76,0x83,0x8B,0x83,0x8F,0x83,0x93,0x83,0x68)
xi.synth_result_id_to_name_cp932[17050] = string.char(0x83,0x45,0x83,0x42,0x83,0x8D,0x81,0x5B,0x83,0x8F,0x83,0x93,0x83,0x68)
xi.synth_result_id_to_name_cp932[17051] = string.char(0x83,0x86,0x81,0x5B,0x83,0x8F,0x83,0x93,0x83,0x68)
xi.synth_result_id_to_name_cp932[17052] = string.char(0x83,0x60,0x83,0x46,0x83,0x58,0x83,0x69,0x83,0x62,0x83,0x67,0x83,0x8F,0x83,0x93,0x83,0x68)
xi.synth_result_id_to_name_cp932[17053] = string.char(0x83,0x8D,0x81,0x5B,0x83,0x59,0x83,0x8F,0x83,0x93,0x83,0x68)
xi.synth_result_id_to_name_cp932[17054] = string.char(0x83,0x47,0x83,0x7B,0x83,0x6A,0x81,0x5B,0x83,0x8F,0x83,0x93,0x83,0x68)
xi.synth_result_id_to_name_cp932[17056] = string.char(0x90,0x5F,0x91,0xE3,0x82,0xCC,0x8E,0xE0)
xi.synth_result_id_to_name_cp932[17059] = string.char(0x83,0x75,0x83,0x8D,0x83,0x93,0x83,0x59,0x83,0x8D,0x83,0x62,0x83,0x68)
xi.synth_result_id_to_name_cp932[17060] = string.char(0x83,0x8D,0x83,0x62,0x83,0x68)
xi.synth_result_id_to_name_cp932[17061] = string.char(0x83,0x7E,0x83,0x58,0x83,0x8A,0x83,0x8B,0x83,0x8D,0x83,0x62,0x83,0x68)
xi.synth_result_id_to_name_cp932[17062] = string.char(0x83,0x7B,0x81,0x5B,0x83,0x93,0x83,0x8D,0x83,0x62,0x83,0x68)
xi.synth_result_id_to_name_cp932[17063] = string.char(0x83,0x5F,0x81,0x5B,0x83,0x4E,0x83,0x8D,0x83,0x62,0x83,0x68)
xi.synth_result_id_to_name_cp932[17064] = string.char(0x83,0x5A,0x83,0x76,0x83,0x5E,0x81,0x5B)
xi.synth_result_id_to_name_cp932[17065] = string.char(0x83,0x76,0x83,0x89,0x83,0x60,0x83,0x69,0x83,0x8D,0x83,0x62,0x83,0x68)
xi.synth_result_id_to_name_cp932[17080] = string.char(0x83,0x7A,0x81,0x5B,0x83,0x8A,0x81,0x5B,0x83,0x82,0x81,0x5B,0x83,0x8B)
xi.synth_result_id_to_name_cp932[17081] = string.char(0x83,0x75,0x83,0x89,0x83,0x58,0x83,0x8D,0x83,0x62,0x83,0x68)
xi.synth_result_id_to_name_cp932[17082] = string.char(0x98,0x41,0x96,0x4D,0x8C,0x52,0x8E,0x74,0x90,0xA7,0x8E,0xAE,0x8E,0xE0)
xi.synth_result_id_to_name_cp932[17085] = string.char(0x83,0x7A,0x81,0x5B,0x83,0x8A,0x81,0x5B,0x83,0x8F,0x83,0x93,0x83,0x68)
xi.synth_result_id_to_name_cp932[17088] = string.char(0x83,0x41,0x83,0x62,0x83,0x56,0x83,0x85,0x83,0x58,0x83,0x5E,0x83,0x62,0x83,0x74)
xi.synth_result_id_to_name_cp932[17089] = string.char(0x83,0x7A,0x83,0x8A,0x81,0x5B,0x83,0x58,0x83,0x5E,0x83,0x62,0x83,0x74)
xi.synth_result_id_to_name_cp932[17090] = string.char(0x83,0x47,0x83,0x8B,0x83,0x80,0x83,0x58,0x83,0x5E,0x83,0x62,0x83,0x74)
xi.synth_result_id_to_name_cp932[17091] = string.char(0x83,0x49,0x81,0x5B,0x83,0x4E,0x83,0x58,0x83,0x5E,0x83,0x62,0x83,0x74)
xi.synth_result_id_to_name_cp932[17092] = string.char(0x83,0x7D,0x83,0x7A,0x83,0x4B,0x83,0x6A,0x81,0x5B,0x83,0x58,0x83,0x5E,0x83,0x62,0x83,0x74)
xi.synth_result_id_to_name_cp932[17095] = string.char(0x83,0x41,0x83,0x62,0x83,0x56,0x83,0x85,0x83,0x7C,0x81,0x5B,0x83,0x8B)
xi.synth_result_id_to_name_cp932[17096] = string.char(0x83,0x7A,0x83,0x8A,0x81,0x5B,0x83,0x7C,0x81,0x5B,0x83,0x8B)
xi.synth_result_id_to_name_cp932[17097] = string.char(0x83,0x47,0x83,0x8B,0x83,0x80,0x83,0x7C,0x81,0x5B,0x83,0x8B)
xi.synth_result_id_to_name_cp932[17098] = string.char(0x83,0x49,0x81,0x5B,0x83,0x4E,0x83,0x7C,0x81,0x5B,0x83,0x8B)
xi.synth_result_id_to_name_cp932[17099] = string.char(0x83,0x7D,0x83,0x7A,0x83,0x4B,0x83,0x6A,0x81,0x5B,0x83,0x7C,0x81,0x5B,0x83,0x8B)
xi.synth_result_id_to_name_cp932[17100] = string.char(0x83,0x47,0x83,0x7B,0x83,0x6A,0x81,0x5B,0x83,0x7C,0x81,0x5B,0x83,0x8B)
xi.synth_result_id_to_name_cp932[17101] = string.char(0x90,0x5F,0x91,0xE3,0x82,0xCC,0x8F,0xF1)
xi.synth_result_id_to_name_cp932[17102] = string.char(0x94,0xAA,0x8A,0x70,0x96,0x5F)
xi.synth_result_id_to_name_cp932[17103] = string.char(0x97,0x62,0x95,0xBA,0x82,0xCC,0x9E,0x9E)
xi.synth_result_id_to_name_cp932[17108] = string.char(0x96,0xFC,0x82,0xB5,0x82,0xCC,0x8F,0xF1)
xi.synth_result_id_to_name_cp932[17128] = string.char(0x8B,0xA4,0x98,0x61,0x8C,0x52,0x92,0x63,0x95,0xBA,0x90,0xA7,0x8E,0xAE,0x90,0xED,0x8F,0xF1)
xi.synth_result_id_to_name_cp932[17129] = string.char(0x8F,0x65,0x8E,0x6D,0x90,0xA7,0x8E,0xAE,0x90,0xED,0x96,0x5F)
xi.synth_result_id_to_name_cp932[17130] = string.char(0x8B,0x60,0x97,0x45,0x95,0xBA,0x82,0xCC,0x90,0xED,0x8F,0xF1)
xi.synth_result_id_to_name_cp932[17134] = string.char(0x83,0x68,0x83,0x8B,0x83,0x74,0x83,0x42,0x83,0x93,0x83,0x58,0x83,0x5E,0x83,0x62,0x83,0x74)
xi.synth_result_id_to_name_cp932[17150] = string.char(0x89,0xA4,0x8D,0x91,0x8F,0x5D,0x8B,0x52,0x8E,0x6D,0x90,0xA7,0x8E,0xAE,0x90,0xED,0x92,0xC8)
xi.synth_result_id_to_name_cp932[17152] = string.char(0x83,0x56,0x83,0x87,0x81,0x5B,0x83,0x67,0x83,0x7B,0x83,0x45)
xi.synth_result_id_to_name_cp932[17153] = string.char(0x83,0x5A,0x83,0x8B,0x83,0x74,0x83,0x7B,0x83,0x45)
xi.synth_result_id_to_name_cp932[17154] = string.char(0x83,0x89,0x83,0x62,0x83,0x76,0x83,0x68,0x83,0x7B,0x83,0x45)
xi.synth_result_id_to_name_cp932[17155] = string.char(0x83,0x52,0x83,0x93,0x83,0x7C,0x83,0x57,0x83,0x62,0x83,0x67,0x83,0x7B,0x83,0x45)
xi.synth_result_id_to_name_cp932[17156] = string.char(0x83,0x4A,0x83,0x7D,0x83,0x93)
xi.synth_result_id_to_name_cp932[17157] = string.char(0x83,0x89,0x83,0x73,0x83,0x62,0x83,0x68,0x83,0x7B,0x83,0x45)
xi.synth_result_id_to_name_cp932[17159] = string.char(0x8B,0x60,0x97,0x45,0x95,0xBA,0x82,0xCC,0x8B,0x7C)
xi.synth_result_id_to_name_cp932[17160] = string.char(0x83,0x8D,0x83,0x93,0x83,0x4F,0x83,0x7B,0x83,0x45)
xi.synth_result_id_to_name_cp932[17161] = string.char(0x83,0x70,0x83,0x8F,0x81,0x5B,0x83,0x7B,0x83,0x45)
xi.synth_result_id_to_name_cp932[17162] = string.char(0x83,0x4F,0x83,0x8C,0x81,0x5B,0x83,0x67,0x83,0x7B,0x83,0x45)
xi.synth_result_id_to_name_cp932[17163] = string.char(0x83,0x6F,0x83,0x67,0x83,0x8B,0x83,0x7B,0x83,0x45)
xi.synth_result_id_to_name_cp932[17164] = string.char(0x83,0x45,0x83,0x48,0x81,0x5B,0x83,0x7B,0x83,0x45)
xi.synth_result_id_to_name_cp932[17166] = string.char(0x83,0x89,0x83,0x7E,0x83,0x41,0x83,0x93,0x83,0x4A,0x83,0x7D,0x83,0x93)
xi.synth_result_id_to_name_cp932[17167] = string.char(0x89,0xA4,0x8D,0x91,0x8B,0x7C,0x95,0xBA,0x90,0xA7,0x8E,0xAE,0x92,0xB7,0x8B,0x7C)
xi.synth_result_id_to_name_cp932[17184] = string.char(0x83,0x41,0x83,0x54,0x83,0x56,0x83,0x93,0x83,0x7B,0x83,0x45)
xi.synth_result_id_to_name_cp932[17193] = string.char(0x83,0x56,0x83,0x83,0x83,0x68,0x83,0x45,0x83,0x7B,0x83,0x45)
xi.synth_result_id_to_name_cp932[17195] = string.char(0x8B,0x60,0x97,0x45,0x95,0xBA,0x8B,0x7C,0x2B,0x31)
xi.synth_result_id_to_name_cp932[17197] = string.char(0x89,0xA4,0x8D,0x91,0x8B,0x7C,0x95,0xBA,0x92,0xB7,0x8B,0x7C,0x2B,0x31)
xi.synth_result_id_to_name_cp932[17200] = string.char(0x83,0x8D,0x81,0x5B,0x83,0x5B,0x83,0x93,0x83,0x7B,0x81,0x5B,0x83,0x51,0x83,0x93)
xi.synth_result_id_to_name_cp932[17205] = string.char(0x83,0x57,0x83,0x46,0x83,0x93,0x83,0x5F,0x83,0x8F)
xi.synth_result_id_to_name_cp932[17213] = string.char(0x83,0x58,0x83,0x5E,0x83,0x45,0x83,0x8D,0x81,0x5B,0x83,0x7B,0x83,0x45)
xi.synth_result_id_to_name_cp932[17216] = string.char(0x83,0x89,0x83,0x43,0x83,0x67,0x83,0x4E,0x83,0x8D,0x83,0x58,0x83,0x7B,0x83,0x45)
xi.synth_result_id_to_name_cp932[17217] = string.char(0x83,0x4E,0x83,0x8D,0x83,0x58,0x83,0x7B,0x83,0x45)
xi.synth_result_id_to_name_cp932[17218] = string.char(0x83,0x55,0x83,0x93,0x83,0x6F,0x81,0x5B,0x83,0x6E)
xi.synth_result_id_to_name_cp932[17219] = string.char(0x83,0x41,0x83,0x8B,0x83,0x6F,0x83,0x8C,0x83,0x58,0x83,0x67)
xi.synth_result_id_to_name_cp932[17220] = string.char(0x83,0x77,0x83,0x94,0x83,0x42,0x83,0x4E,0x83,0x8D,0x83,0x58,0x83,0x7B,0x83,0x45)
xi.synth_result_id_to_name_cp932[17221] = string.char(0x83,0x8A,0x83,0x73,0x81,0x5B,0x83,0x65,0x83,0x42,0x83,0x93,0x83,0x4F,0x83,0x7B,0x83,0x45)
xi.synth_result_id_to_name_cp932[17222] = string.char(0x83,0x77,0x83,0x4C,0x83,0x54,0x83,0x4B,0x83,0x93)
xi.synth_result_id_to_name_cp932[17223] = string.char(0x8B,0xA4,0x98,0x61,0x8C,0x52,0x92,0x63,0x95,0xBA,0x90,0xA7,0x8E,0xAE,0x90,0xCE,0x8B,0x7C)
xi.synth_result_id_to_name_cp932[17232] = string.char(0x83,0x89,0x83,0x43,0x83,0x49,0x83,0x93,0x83,0x4E,0x83,0x8D,0x83,0x58,0x83,0x7B,0x83,0x45)
xi.synth_result_id_to_name_cp932[17236] = string.char(0x83,0x8C,0x83,0x49,0x83,0x4E,0x83,0x8D,0x83,0x58,0x83,0x7B,0x83,0x45)
xi.synth_result_id_to_name_cp932[17238] = string.char(0x8B,0xA4,0x98,0x61,0x8C,0x52,0x92,0x63,0x95,0xBA,0x90,0xCE,0x8B,0x7C,0x2B,0x31)
xi.synth_result_id_to_name_cp932[17240] = string.char(0x83,0x89,0x83,0x43,0x83,0x67,0x83,0x6A,0x83,0x93,0x83,0x4F,0x83,0x7B,0x83,0x45)
xi.synth_result_id_to_name_cp932[17242] = string.char(0x83,0x78,0x83,0x8D,0x83,0x56,0x83,0x65,0x83,0x42,0x83,0x7B,0x83,0x45)
xi.synth_result_id_to_name_cp932[17248] = string.char(0x83,0x41,0x81,0x5B,0x83,0x4E,0x83,0x44,0x83,0x43,0x83,0x6F,0x83,0x58)
xi.synth_result_id_to_name_cp932[17250] = string.char(0x83,0x7D,0x83,0x62,0x83,0x60,0x83,0x8D,0x83,0x62,0x83,0x4E,0x83,0x4B,0x83,0x93)
xi.synth_result_id_to_name_cp932[17251] = string.char(0x83,0x77,0x83,0x8B,0x83,0x74,0x83,0x40,0x83,0x43,0x83,0x41)
xi.synth_result_id_to_name_cp932[17252] = string.char(0x83,0x4A,0x83,0x8B,0x83,0x6F,0x83,0x8A,0x83,0x93)
xi.synth_result_id_to_name_cp932[17253] = string.char(0x8F,0x65,0x8E,0x6D,0x90,0xA7,0x8E,0xAE,0x92,0xB7,0x8F,0x65)
xi.synth_result_id_to_name_cp932[17257] = string.char(0x83,0x6F,0x83,0x93,0x83,0x66,0x83,0x42,0x83,0x62,0x83,0x67,0x83,0x4B,0x83,0x93)
xi.synth_result_id_to_name_cp932[17259] = string.char(0x83,0x70,0x83,0x43,0x83,0x8C,0x81,0x5B,0x83,0x67,0x83,0x4B,0x83,0x93)
xi.synth_result_id_to_name_cp932[17262] = string.char(0x83,0x52,0x83,0x8B,0x83,0x5A,0x83,0x41,0x83,0x4B,0x83,0x93)
xi.synth_result_id_to_name_cp932[17265] = string.char(0x8E,0xED,0x8E,0x71,0x93,0x87)
xi.synth_result_id_to_name_cp932[17267] = string.char(0x8D,0xAA,0x97,0x88,0x8E,0xAE,0x93,0x53,0x96,0x43)
xi.synth_result_id_to_name_cp932[17269] = string.char(0x8F,0x65,0x8E,0x6D,0x92,0xB7,0x8F,0x65,0x2B,0x31)
xi.synth_result_id_to_name_cp932[17278] = string.char(0x83,0x53,0x81,0x5B,0x83,0x8B,0x83,0x68,0x83,0x75,0x83,0x8C,0x83,0x62,0x83,0x67)
xi.synth_result_id_to_name_cp932[17280] = string.char(0x83,0x75,0x81,0x5B,0x83,0x81,0x83,0x89,0x83,0x93)
xi.synth_result_id_to_name_cp932[17281] = string.char(0x83,0x45,0x83,0x42,0x83,0x93,0x83,0x4F,0x83,0x47,0x83,0x62,0x83,0x57)
xi.synth_result_id_to_name_cp932[17282] = string.char(0x98,0x41,0x96,0x4D,0x96,0x82,0x90,0xED,0x8E,0x6D,0x90,0xA7,0x8E,0xAE,0x93,0x8A,0x93,0x81)
xi.synth_result_id_to_name_cp932[17283] = string.char(0x8F,0x79,0x8F,0x65,0x8E,0x6D,0x90,0xA7,0x8E,0xAE,0x93,0x8A,0x97,0xD6)
xi.synth_result_id_to_name_cp932[17284] = string.char(0x83,0x60,0x83,0x83,0x83,0x4E,0x83,0x89,0x83,0x80)
xi.synth_result_id_to_name_cp932[17285] = string.char(0x89,0x7E,0x8C,0x8E,0x97,0xD6)
xi.synth_result_id_to_name_cp932[17286] = string.char(0x83,0x89,0x83,0x43,0x83,0x57,0x83,0x93,0x83,0x4F,0x83,0x54,0x83,0x93)
xi.synth_result_id_to_name_cp932[17296] = string.char(0x90,0xCE,0x82,0xC2,0x82,0xD4,0x82,0xC4)
xi.synth_result_id_to_name_cp932[17298] = string.char(0x83,0x5E,0x83,0x58,0x83,0x89,0x83,0x80)
xi.synth_result_id_to_name_cp932[17299] = string.char(0x83,0x41,0x83,0x58,0x83,0x67,0x83,0x89,0x83,0x4B,0x83,0x8B,0x83,0x58)
xi.synth_result_id_to_name_cp932[17300] = string.char(0x83,0x76,0x83,0x89,0x83,0x60,0x83,0x69,0x83,0x75,0x83,0x8C,0x83,0x62,0x83,0x67)
xi.synth_result_id_to_name_cp932[17301] = string.char(0x8E,0xE8,0x97,0xA0,0x8C,0x95)
xi.synth_result_id_to_name_cp932[17302] = string.char(0x8F,0x5C,0x8E,0x9A,0x8E,0xE8,0x97,0xA0,0x8C,0x95)
xi.synth_result_id_to_name_cp932[17303] = string.char(0x99,0xC2,0x8E,0xE8,0x97,0xA0,0x8C,0x95)
xi.synth_result_id_to_name_cp932[17304] = string.char(0x95,0x97,0x96,0x82,0x8E,0xE8,0x97,0xA0,0x8C,0x95)
xi.synth_result_id_to_name_cp932[17305] = string.char(0x83,0x4E,0x83,0x89,0x83,0x58,0x83,0x5E,0x81,0x5B,0x82,0xCC,0x82,0xA4,0x82,0xC5)
xi.synth_result_id_to_name_cp932[17306] = string.char(0x83,0x58,0x83,0x6D,0x81,0x5B,0x83,0x8B,0x82,0xCC,0x82,0xA4,0x82,0xC5)
xi.synth_result_id_to_name_cp932[17307] = string.char(0x83,0x5F,0x81,0x5B,0x83,0x67)
xi.synth_result_id_to_name_cp932[17308] = string.char(0x83,0x7A,0x81,0x5B,0x83,0x4E,0x83,0x41,0x83,0x43)
xi.synth_result_id_to_name_cp932[17309] = string.char(0x95,0x97,0x8E,0xD4)
xi.synth_result_id_to_name_cp932[17310] = string.char(0x83,0x71,0x83,0x87,0x83,0x45)
xi.synth_result_id_to_name_cp932[17312] = string.char(0x83,0x41,0x83,0x43,0x83,0x41,0x83,0x93,0x83,0x75,0x83,0x8C,0x83,0x62,0x83,0x67)
xi.synth_result_id_to_name_cp932[17313] = string.char(0x83,0x4F,0x83,0x8C,0x83,0x6C,0x81,0x5B,0x83,0x68)
xi.synth_result_id_to_name_cp932[17314] = string.char(0x90,0x6B,0x93,0x56,0x97,0x8B)
xi.synth_result_id_to_name_cp932[17315] = string.char(0x83,0x89,0x83,0x43,0x83,0x41,0x83,0x62,0x83,0x67)
xi.synth_result_id_to_name_cp932[17316] = string.char(0x83,0x7B,0x83,0x80,0x82,0xCC,0x82,0xA4,0x82,0xC5)
xi.synth_result_id_to_name_cp932[17317] = string.char(0x89,0xA9,0x8B,0xE0,0x82,0xCC,0x96,0xEE)
xi.synth_result_id_to_name_cp932[17318] = string.char(0x96,0xD8,0x82,0xCC,0x96,0xEE)
xi.synth_result_id_to_name_cp932[17319] = string.char(0x8D,0x9C,0x82,0xCC,0x96,0xEE)
xi.synth_result_id_to_name_cp932[17320] = string.char(0x93,0x53,0x82,0xCC,0x96,0xEE)
xi.synth_result_id_to_name_cp932[17321] = string.char(0x8B,0xE2,0x82,0xCC,0x96,0xEE)
xi.synth_result_id_to_name_cp932[17322] = string.char(0x89,0x8A,0x82,0xCC,0x96,0xEE)
xi.synth_result_id_to_name_cp932[17323] = string.char(0x95,0x58,0x82,0xCC,0x96,0xEE)
xi.synth_result_id_to_name_cp932[17324] = string.char(0x97,0x8B,0x82,0xCC,0x96,0xEE)
xi.synth_result_id_to_name_cp932[17325] = string.char(0x93,0x4C,0x96,0xEE)
xi.synth_result_id_to_name_cp932[17330] = string.char(0x90,0xCE,0x82,0xCC,0x96,0xEE)
xi.synth_result_id_to_name_cp932[17332] = string.char(0x83,0x74,0x83,0x40,0x83,0x93,0x83,0x4F,0x83,0x41,0x83,0x8D,0x81,0x5B)
xi.synth_result_id_to_name_cp932[17334] = string.char(0x94,0x92,0x8B,0xE0,0x82,0xCC,0x96,0xEE)
xi.synth_result_id_to_name_cp932[17336] = string.char(0x83,0x4E,0x83,0x8D,0x83,0x58,0x83,0x7B,0x83,0x45,0x83,0x7B,0x83,0x8B,0x83,0x67)
xi.synth_result_id_to_name_cp932[17337] = string.char(0x83,0x7E,0x83,0x58,0x83,0x8A,0x83,0x8B,0x83,0x7B,0x83,0x8B,0x83,0x67)
xi.synth_result_id_to_name_cp932[17338] = string.char(0x83,0x5F,0x81,0x5B,0x83,0x4E,0x83,0x7B,0x83,0x8B,0x83,0x67)
xi.synth_result_id_to_name_cp932[17339] = string.char(0x83,0x75,0x83,0x8D,0x83,0x93,0x83,0x59,0x83,0x7B,0x83,0x8B,0x83,0x67)
xi.synth_result_id_to_name_cp932[17340] = string.char(0x83,0x75,0x83,0x8C,0x83,0x62,0x83,0x67)
xi.synth_result_id_to_name_cp932[17341] = string.char(0x83,0x56,0x83,0x8B,0x83,0x6F,0x81,0x5B,0x83,0x75,0x83,0x8C,0x83,0x62,0x83,0x67)
xi.synth_result_id_to_name_cp932[17342] = string.char(0x83,0x4A,0x83,0x6D,0x83,0x93,0x83,0x56,0x83,0x46,0x83,0x8B)
xi.synth_result_id_to_name_cp932[17343] = string.char(0x83,0x75,0x83,0x8D,0x83,0x93,0x83,0x59,0x83,0x75,0x83,0x8C,0x83,0x62,0x83,0x67)
xi.synth_result_id_to_name_cp932[17344] = string.char(0x83,0x52,0x83,0x8B,0x83,0x6C,0x83,0x62,0x83,0x67)
xi.synth_result_id_to_name_cp932[17345] = string.char(0x83,0x74,0x83,0x8B,0x81,0x5B,0x83,0x67)
xi.synth_result_id_to_name_cp932[17347] = string.char(0x83,0x73,0x83,0x62,0x83,0x52,0x83,0x8D)
xi.synth_result_id_to_name_cp932[17348] = string.char(0x83,0x67,0x83,0x89,0x83,0x78,0x83,0x8B,0x83,0x56,0x83,0x47,0x81,0x5B,0x83,0x8B)
xi.synth_result_id_to_name_cp932[17350] = string.char(0x83,0x47,0x83,0x93,0x83,0x5B,0x83,0x8B,0x83,0x74,0x83,0x8B,0x81,0x5B,0x83,0x67)
xi.synth_result_id_to_name_cp932[17351] = string.char(0x83,0x51,0x83,0x80,0x83,0x56,0x83,0x87,0x83,0x8B,0x83,0x93)
xi.synth_result_id_to_name_cp932[17352] = string.char(0x83,0x7A,0x83,0x8B,0x83,0x93)
xi.synth_result_id_to_name_cp932[17353] = string.char(0x83,0x81,0x81,0x5B,0x83,0x76,0x83,0x8B,0x83,0x6E,0x81,0x5B,0x83,0x76)
xi.synth_result_id_to_name_cp932[17354] = string.char(0x83,0x6E,0x81,0x5B,0x83,0x76)
xi.synth_result_id_to_name_cp932[17355] = string.char(0x83,0x8D,0x81,0x5B,0x83,0x59,0x83,0x6E,0x81,0x5B,0x83,0x76)
xi.synth_result_id_to_name_cp932[17357] = string.char(0x83,0x47,0x83,0x7B,0x83,0x6A,0x81,0x5B,0x83,0x6E,0x81,0x5B,0x83,0x76)
xi.synth_result_id_to_name_cp932[17359] = string.char(0x90,0x5F,0x91,0xE3,0x82,0xCC,0x92,0x47,0x8B,0xD5)
xi.synth_result_id_to_name_cp932[17361] = string.char(0x83,0x4E,0x83,0x89,0x83,0x80,0x83,0x7A,0x83,0x8B,0x83,0x93)
xi.synth_result_id_to_name_cp932[17362] = string.char(0x83,0x56,0x83,0x87,0x83,0x74,0x83,0x40,0x81,0x5B)
xi.synth_result_id_to_name_cp932[17364] = string.char(0x83,0x4C,0x83,0x5E,0x83,0x89,0x83,0x41,0x83,0x93,0x83,0x4F,0x83,0x8A,0x83,0x4A)
xi.synth_result_id_to_name_cp932[17367] = string.char(0x89,0xA4,0x8D,0x91,0x91,0x84,0x95,0xBA,0x90,0xA7,0x8E,0xAE,0x8A,0x70,0x93,0x4A)
xi.synth_result_id_to_name_cp932[17380] = string.char(0x83,0x7E,0x83,0x58,0x83,0x89,0x8E,0xAE,0x92,0xDE,0x8A,0xC6)
xi.synth_result_id_to_name_cp932[17381] = string.char(0x95,0xA1,0x8D,0x87,0x91,0x66,0x8D,0xDE,0x82,0xCC,0x8A,0xC6)
xi.synth_result_id_to_name_cp932[17382] = string.char(0x88,0xEA,0x96,0x7B,0x92,0xDE,0x82,0xE8,0x82,0xCC,0x8A,0xC6)
xi.synth_result_id_to_name_cp932[17383] = string.char(0x95,0xA8,0x8A,0xB1,0x82,0xB5,0x8A,0xC6)
xi.synth_result_id_to_name_cp932[17384] = string.char(0x83,0x4A,0x81,0x5B,0x83,0x7B,0x83,0x93,0x83,0x8D,0x83,0x62,0x83,0x68)
xi.synth_result_id_to_name_cp932[17385] = string.char(0x83,0x4F,0x83,0x89,0x83,0x58,0x83,0x8D,0x83,0x62,0x83,0x68)
xi.synth_result_id_to_name_cp932[17387] = string.char(0x83,0x5E,0x83,0x8B,0x83,0x5E,0x83,0x8B,0x8E,0xAE,0x92,0xDE,0x8A,0xC6)
xi.synth_result_id_to_name_cp932[17388] = string.char(0x8C,0x6B,0x97,0xAC,0x8A,0xC6)
xi.synth_result_id_to_name_cp932[17389] = string.char(0x83,0x6F,0x83,0x93,0x83,0x75,0x81,0x5B,0x83,0x8D,0x83,0x62,0x83,0x68)
xi.synth_result_id_to_name_cp932[17390] = string.char(0x83,0x43,0x83,0x60,0x83,0x43,0x82,0xCC,0x92,0xDE,0x8A,0xC6)
xi.synth_result_id_to_name_cp932[17391] = string.char(0x83,0x84,0x83,0x69,0x83,0x4D,0x82,0xCC,0x92,0xDE,0x8A,0xC6)
xi.synth_result_id_to_name_cp932[17392] = string.char(0x83,0x43,0x83,0x8F,0x83,0x56,0x90,0xD8,0x82,0xE8,0x90,0x67)
xi.synth_result_id_to_name_cp932[17393] = string.char(0x83,0x5E,0x83,0x89,0x90,0xD8,0x82,0xE8,0x90,0x67)
xi.synth_result_id_to_name_cp932[17394] = string.char(0x82,0xDE,0x82,0xAB,0x83,0x47,0x83,0x72)
xi.synth_result_id_to_name_cp932[17395] = string.char(0x83,0x53,0x83,0x4A,0x83,0x43)
xi.synth_result_id_to_name_cp932[17396] = string.char(0x83,0x8A,0x83,0x67,0x83,0x8B,0x83,0x8F,0x81,0x5B,0x83,0x80)
xi.synth_result_id_to_name_cp932[17397] = string.char(0x83,0x88,0x83,0x8D,0x83,0x43,0xE5,0xB3)
xi.synth_result_id_to_name_cp932[17399] = string.char(0x82,0xB3,0x82,0xD1,0x82,0xAB,0x90,0x6A)
xi.synth_result_id_to_name_cp932[17402] = string.char(0x83,0x56,0x83,0x85,0x83,0x8A,0x83,0x93,0x83,0x76,0x83,0x8B,0x83,0x41,0x81,0x5B)
xi.synth_result_id_to_name_cp932[17403] = string.char(0x83,0x74,0x83,0x8D,0x83,0x62,0x83,0x4F,0x83,0x8B,0x83,0x41,0x81,0x5B)
xi.synth_result_id_to_name_cp932[17404] = string.char(0x83,0x8F,0x81,0x5B,0x83,0x80,0x83,0x8B,0x83,0x41,0x81,0x5B)
xi.synth_result_id_to_name_cp932[17405] = string.char(0x83,0x74,0x83,0x89,0x83,0x43)
xi.synth_result_id_to_name_cp932[17407] = string.char(0x83,0x7E,0x83,0x6D,0x81,0x5B)
xi.synth_result_id_to_name_cp932[17413] = string.char(0x83,0x6E,0x81,0x5B,0x83,0x7E,0x83,0x62,0x83,0x67,0x83,0x8F,0x83,0x93,0x83,0x68)
xi.synth_result_id_to_name_cp932[17424] = string.char(0x83,0x58,0x83,0x70,0x83,0x43,0x83,0x4E,0x83,0x68,0x83,0x4E,0x83,0x89,0x83,0x75)
xi.synth_result_id_to_name_cp932[17441] = string.char(0x83,0x47,0x83,0x8C,0x83,0x7D,0x83,0x43,0x83,0x67,0x83,0x8F,0x83,0x93,0x83,0x68)
xi.synth_result_id_to_name_cp932[17444] = string.char(0x8B,0x60,0x97,0x45,0x95,0xBA,0x9E,0x9E,0x96,0x5F,0x2B,0x31)
xi.synth_result_id_to_name_cp932[17446] = string.char(0x98,0x41,0x96,0x4D,0x8C,0x52,0x8E,0x74,0x8E,0xE0,0x2B,0x31)
xi.synth_result_id_to_name_cp932[17448] = string.char(0x89,0xA4,0x8D,0x91,0x8F,0x5D,0x8B,0x52,0x8E,0x6D,0x90,0xED,0x92,0xC8,0x2B,0x31)
xi.synth_result_id_to_name_cp932[17452] = string.char(0x8F,0x5C,0x90,0x6C,0x91,0xE0,0x92,0xB7,0x90,0xED,0x92,0xC8,0x2B,0x31)
xi.synth_result_id_to_name_cp932[17470] = string.char(0x83,0x73,0x81,0x5B,0x83,0x8B,0x83,0x75,0x83,0x62,0x83,0x66,0x83,0x42,0x83,0x4B,0x83,0x93)
xi.synth_result_id_to_name_cp932[17493] = string.char(0x83,0x67,0x83,0x8D,0x83,0x73,0x83,0x4A,0x83,0x8B,0x83,0x70,0x83,0x93,0x83,0x60)
xi.synth_result_id_to_name_cp932[17495] = string.char(0x89,0xA4,0x8D,0x91,0x8B,0x7C,0x95,0xBA,0x90,0xED,0x8C,0x9D,0x2B,0x31)
xi.synth_result_id_to_name_cp932[17497] = string.char(0x8B,0x60,0x97,0x45,0x95,0xBA,0x92,0xDC,0x2B,0x31)
xi.synth_result_id_to_name_cp932[17499] = string.char(0x8B,0xA4,0x98,0x61,0x8C,0x52,0x92,0x63,0x95,0xBA,0x93,0x53,0x8C,0x9D,0x2B,0x31)
xi.synth_result_id_to_name_cp932[17501] = string.char(0x98,0x41,0x96,0x4D,0x8C,0x52,0x8E,0x74,0x8E,0x77,0x8A,0xF6,0x96,0x5F,0x2B,0x31)
xi.synth_result_id_to_name_cp932[17505] = string.char(0x83,0x69,0x83,0x89,0x83,0x56,0x83,0x93,0x83,0x6E,0x83,0x5A,0x83,0x58,0x83,0x5E,0x83,0x58)
xi.synth_result_id_to_name_cp932[17512] = string.char(0x83,0x6E,0x83,0x43,0x83,0x68,0x83,0x8D,0x83,0x6F,0x83,0x4F,0x83,0x69,0x83,0x45)
xi.synth_result_id_to_name_cp932[17514] = string.char(0x83,0x6E,0x83,0x43,0x83,0x68,0x83,0x8D,0x83,0x4E,0x83,0x8D,0x81,0x5B)
xi.synth_result_id_to_name_cp932[17516] = string.char(0x83,0x6E,0x83,0x43,0x83,0x68,0x83,0x8D,0x83,0x70,0x83,0x5E)
xi.synth_result_id_to_name_cp932[17523] = string.char(0x83,0x4E,0x83,0x48,0x81,0x5B,0x83,0x5E,0x81,0x5B,0x83,0x58,0x83,0x5E,0x83,0x62,0x83,0x74)
xi.synth_result_id_to_name_cp932[17533] = string.char(0x83,0x7A,0x83,0x47,0x81,0x5B,0x83,0x8B,0x83,0x58,0x83,0x5E,0x83,0x62,0x83,0x74)
xi.synth_result_id_to_name_cp932[17535] = string.char(0x97,0x62,0x95,0xBA,0x9E,0x9E,0x2B,0x31)
xi.synth_result_id_to_name_cp932[17537] = string.char(0x8B,0x60,0x97,0x45,0x95,0xBA,0x90,0xED,0x8F,0xF1,0x2B,0x31)
xi.synth_result_id_to_name_cp932[17539] = string.char(0x8F,0x65,0x8E,0x6D,0x90,0xED,0x96,0x5F,0x2B,0x31)
xi.synth_result_id_to_name_cp932[17541] = string.char(0x8B,0xA4,0x98,0x61,0x8C,0x52,0x92,0x63,0x95,0xBA,0x90,0xED,0x8F,0xF1,0x2B,0x31)
xi.synth_result_id_to_name_cp932[17543] = string.char(0x83,0x6F,0x83,0x67,0x83,0x8B,0x83,0x58,0x83,0x5E,0x83,0x62,0x83,0x74)
xi.synth_result_id_to_name_cp932[17545] = string.char(0x83,0x74,0x83,0x40,0x83,0x43,0x83,0x41,0x83,0x58,0x83,0x5E,0x83,0x62,0x83,0x74)
xi.synth_result_id_to_name_cp932[17547] = string.char(0x83,0x41,0x83,0x43,0x83,0x58,0x83,0x58,0x83,0x5E,0x83,0x62,0x83,0x74)
xi.synth_result_id_to_name_cp932[17549] = string.char(0x83,0x45,0x83,0x42,0x83,0x93,0x83,0x68,0x83,0x58,0x83,0x5E,0x83,0x62,0x83,0x74)
xi.synth_result_id_to_name_cp932[17551] = string.char(0x83,0x41,0x81,0x5B,0x83,0x58,0x83,0x58,0x83,0x5E,0x83,0x62,0x83,0x74)
xi.synth_result_id_to_name_cp932[17553] = string.char(0x83,0x54,0x83,0x93,0x83,0x5F,0x81,0x5B,0x83,0x58,0x83,0x5E,0x83,0x62,0x83,0x74)
xi.synth_result_id_to_name_cp932[17555] = string.char(0x83,0x45,0x83,0x48,0x81,0x5B,0x83,0x5E,0x83,0x58,0x83,0x5E,0x83,0x62,0x83,0x74)
xi.synth_result_id_to_name_cp932[17557] = string.char(0x83,0x89,0x83,0x43,0x83,0x67,0x83,0x58,0x83,0x5E,0x83,0x62,0x83,0x74)
xi.synth_result_id_to_name_cp932[17559] = string.char(0x83,0x5F,0x81,0x5B,0x83,0x4E,0x83,0x58,0x83,0x5E,0x83,0x62,0x83,0x74)
xi.synth_result_id_to_name_cp932[17561] = string.char(0x83,0x8A,0x83,0x78,0x83,0x93,0x83,0x57,0x83,0x58,0x83,0x5E,0x83,0x62,0x83,0x74)
xi.synth_result_id_to_name_cp932[17569] = string.char(0x93,0x53,0x8D,0xD3,0x96,0x5F)
xi.synth_result_id_to_name_cp932[17590] = string.char(0x89,0x8E,0x9E,0x9E)
xi.synth_result_id_to_name_cp932[17592] = string.char(0x8B,0xE0,0xE2,0xB0,0x96,0x5F)
xi.synth_result_id_to_name_cp932[17596] = string.char(0x8D,0x7C,0x8D,0xD3,0x96,0x5F)
xi.synth_result_id_to_name_cp932[17601] = string.char(0x83,0x66,0x81,0x5B,0x83,0x82,0x83,0x93,0x83,0x69,0x83,0x43,0x83,0x74)
xi.synth_result_id_to_name_cp932[17605] = string.char(0x83,0x41,0x83,0x56,0x83,0x62,0x83,0x68,0x83,0x5F,0x83,0x4B,0x81,0x5B)
xi.synth_result_id_to_name_cp932[17610] = string.char(0x83,0x7B,0x81,0x5B,0x83,0x93,0x83,0x69,0x83,0x43,0x83,0x74)
xi.synth_result_id_to_name_cp932[17612] = string.char(0x83,0x72,0x81,0x5B,0x83,0x67,0x83,0x8B,0x83,0x69,0x83,0x43,0x83,0x74)
xi.synth_result_id_to_name_cp932[17625] = string.char(0x83,0x7C,0x83,0x93,0x83,0x66,0x83,0x89,0x83,0x58,0x83,0x4B,0x83,0x8A,0x83,0x42)
xi.synth_result_id_to_name_cp932[17628] = string.char(0x83,0x78,0x83,0x71,0x81,0x5B,0x83,0x82,0x83,0x58,0x83,0x69,0x83,0x43,0x83,0x74)
xi.synth_result_id_to_name_cp932[17630] = string.char(0x83,0x7A,0x81,0x5B,0x83,0x4A,0x81,0x5B,0x83,0x69,0x83,0x43,0x83,0x74)
xi.synth_result_id_to_name_cp932[17660] = string.char(0x83,0x4C,0x83,0x8A,0x83,0x57)
xi.synth_result_id_to_name_cp932[17666] = string.char(0x8F,0x79,0x8F,0x65,0x8E,0x6D,0x8F,0xAC,0x8C,0x95,0x2B,0x31)
xi.synth_result_id_to_name_cp932[17670] = string.char(0x90,0x5F,0x93,0x61,0x8B,0x52,0x8E,0x6D,0x92,0x63,0x92,0xB7,0x8C,0x95,0x2B,0x31)
xi.synth_result_id_to_name_cp932[17672] = string.char(0x95,0x53,0x90,0x6C,0x91,0xE0,0x92,0xB7,0x8C,0x95,0x2B,0x31)
xi.synth_result_id_to_name_cp932[17674] = string.char(0x98,0x41,0x96,0x4D,0x96,0x82,0x90,0xED,0x8E,0x6D,0x8B,0xC8,0x93,0x81,0x2B,0x31)
xi.synth_result_id_to_name_cp932[17676] = string.char(0x98,0x41,0x96,0x4D,0x8C,0x52,0x8E,0x74,0x91,0xD1,0x8C,0x95,0x2B,0x31)
xi.synth_result_id_to_name_cp932[17678] = string.char(0x89,0xA4,0x8D,0x91,0x8B,0x7C,0x95,0xBA,0x8C,0x95,0x2B,0x31)
xi.synth_result_id_to_name_cp932[17680] = string.char(0x8F,0x65,0x8E,0x6D,0x8C,0x95,0x2B,0x31)
xi.synth_result_id_to_name_cp932[17682] = string.char(0x83,0x54,0x83,0x4E,0x83,0x8C,0x83,0x62,0x83,0x68,0x83,0x5C,0x81,0x5B,0x83,0x68)
xi.synth_result_id_to_name_cp932[17683] = string.char(0x83,0x54,0x83,0x4E,0x83,0x8C,0x83,0x62,0x83,0x68,0x83,0x66,0x81,0x5B,0x83,0x51,0x83,0x93)
xi.synth_result_id_to_name_cp932[17686] = string.char(0x83,0x58,0x83,0x70,0x81,0x5B,0x83,0x4E,0x83,0x72,0x83,0x8B,0x83,0x7B)
xi.synth_result_id_to_name_cp932[17688] = string.char(0x83,0x58,0x83,0x70,0x81,0x5B,0x83,0x4E,0x83,0x66,0x81,0x5B,0x83,0x51,0x83,0x93)
xi.synth_result_id_to_name_cp932[17690] = string.char(0x83,0x58,0x83,0x70,0x81,0x5B,0x83,0x4E,0x83,0x8C,0x83,0x43,0x83,0x73,0x83,0x41)
xi.synth_result_id_to_name_cp932[17701] = string.char(0x83,0x56,0x83,0x87,0x83,0x65,0x83,0x8B)
xi.synth_result_id_to_name_cp932[17703] = string.char(0x83,0x73,0x81,0x5B,0x83,0x8B,0x83,0x41,0x83,0x6C,0x83,0x89,0x83,0x58)
xi.synth_result_id_to_name_cp932[17704] = string.char(0x83,0x6F,0x83,0x8B,0x83,0x4A,0x83,0x93,0x83,0x5C,0x81,0x5B,0x83,0x68)
xi.synth_result_id_to_name_cp932[17705] = string.char(0x83,0x6F,0x83,0x8B,0x83,0x4A,0x83,0x93,0x83,0x66,0x81,0x5B,0x83,0x51,0x83,0x93)
xi.synth_result_id_to_name_cp932[17706] = string.char(0x83,0x6F,0x83,0x8B,0x83,0x4A,0x83,0x93,0x83,0x75,0x83,0x8C,0x81,0x5B,0x83,0x68)
xi.synth_result_id_to_name_cp932[17713] = string.char(0x83,0x7D,0x83,0x4E,0x83,0x41,0x83,0x74,0x83,0x65,0x83,0x42,0x83,0x8B)
xi.synth_result_id_to_name_cp932[17716] = string.char(0x83,0x7D,0x83,0x4E,0x83,0x41,0x83,0x74,0x83,0x65,0x83,0x42,0x83,0x8B,0x2D,0x31)
xi.synth_result_id_to_name_cp932[17724] = string.char(0x83,0x5F,0x81,0x5B,0x83,0x4E,0x83,0x4C,0x83,0x8A,0x83,0x57)
xi.synth_result_id_to_name_cp932[17727] = string.char(0x83,0x41,0x83,0x5F,0x83,0x7D,0x83,0x93,0x83,0x4C,0x83,0x8A,0x83,0x57)
xi.synth_result_id_to_name_cp932[17729] = string.char(0x83,0x94,0x83,0x40,0x81,0x5B,0x83,0x7E,0x83,0x58,0x83,0x8C,0x83,0x43,0x83,0x84,0x81,0x5B)
xi.synth_result_id_to_name_cp932[17731] = string.char(0x83,0x41,0x83,0x4E,0x83,0x41,0x83,0x93,0x83,0x58,0x83,0x8C,0x83,0x43,0x83,0x84,0x81,0x5B)
xi.synth_result_id_to_name_cp932[17733] = string.char(0x83,0x68,0x83,0x89,0x83,0x53,0x83,0x93,0x83,0x58,0x83,0x8C,0x83,0x43,0x83,0x84,0x81,0x5B)
xi.synth_result_id_to_name_cp932[17735] = string.char(0x83,0x66,0x81,0x5B,0x83,0x82,0x83,0x93,0x83,0x58,0x83,0x8C,0x83,0x43,0x83,0x84,0x81,0x5B)
xi.synth_result_id_to_name_cp932[17739] = string.char(0x83,0x58,0x83,0x60,0x81,0x5B,0x83,0x8B,0x83,0x4C,0x83,0x8A,0x83,0x57)
xi.synth_result_id_to_name_cp932[17746] = string.char(0x83,0x54,0x81,0x5B,0x83,0x81,0x83,0x62,0x83,0x67,0x83,0x4C,0x83,0x8A,0x83,0x57)
xi.synth_result_id_to_name_cp932[17761] = string.char(0x83,0x49,0x83,0x78,0x83,0x8D,0x83,0x93,0x83,0x8C,0x83,0x43,0x83,0x73,0x83,0x41)
xi.synth_result_id_to_name_cp932[17762] = string.char(0x83,0x47,0x83,0x8B,0x83,0x4C,0x83,0x93,0x83,0x4F,0x83,0x5C,0x81,0x5B,0x83,0x68)
xi.synth_result_id_to_name_cp932[17763] = string.char(0x83,0x47,0x83,0x8B,0x83,0x4C,0x83,0x93,0x83,0x4F,0x83,0x75,0x83,0x8C,0x81,0x5B,0x83,0x68)
xi.synth_result_id_to_name_cp932[17776] = string.char(0x89,0x5F,0x90,0x9D)
xi.synth_result_id_to_name_cp932[17778] = string.char(0x96,0xB3,0x8C,0x8C)
xi.synth_result_id_to_name_cp932[17780] = string.char(0x8B,0xAD,0x95,0x97)
xi.synth_result_id_to_name_cp932[17782] = string.char(0x97,0xF3,0x95,0x97)
xi.synth_result_id_to_name_cp932[17784] = string.char(0x8C,0x8C,0x95,0x97)
xi.synth_result_id_to_name_cp932[17795] = string.char(0xE7,0xDE)
xi.synth_result_id_to_name_cp932[17797] = string.char(0x90,0xC3,0x93,0x81)
xi.synth_result_id_to_name_cp932[17816] = string.char(0x8C,0xD5,0x93,0x4F,0x89,0xFC)
xi.synth_result_id_to_name_cp932[17818] = string.char(0x8C,0x93,0x92,0xE8,0x89,0xFC)
xi.synth_result_id_to_name_cp932[17826] = string.char(0x96,0xC5,0x8E,0xAE,0x8A,0xDB)
xi.synth_result_id_to_name_cp932[17828] = string.char(0x8D,0x67,0x89,0x8B)
xi.synth_result_id_to_name_cp932[17835] = string.char(0x89,0xA4,0x8D,0x91,0x91,0x84,0x95,0xBA,0x8A,0x70,0x93,0x4A,0x2B,0x31)
xi.synth_result_id_to_name_cp932[17849] = string.char(0x83,0x77,0x83,0x8B,0x83,0x59,0x83,0x72,0x83,0x85,0x81,0x5B,0x83,0x4F,0x83,0x8B)
xi.synth_result_id_to_name_cp932[17860] = string.char(0x90,0x6C,0x8E,0x51,0x8F,0x60)
xi.synth_result_id_to_name_cp932[17862] = string.char(0xE5,0xB3,0x8F,0x60)
xi.synth_result_id_to_name_cp932[17864] = string.char(0x91,0x90,0x8F,0x60)
xi.synth_result_id_to_name_cp932[17866] = string.char(0x95,0x85,0x93,0xF7,0x8F,0x60)
xi.synth_result_id_to_name_cp932[17868] = string.char(0x95,0x85,0x97,0x74,0x93,0x79)
xi.synth_result_id_to_name_cp932[17869] = string.char(0x8D,0x82,0x8B,0x89,0x95,0x85,0x97,0x74,0x93,0x79)
xi.synth_result_id_to_name_cp932[17870] = string.char(0x93,0xF7,0x8F,0x60)
xi.synth_result_id_to_name_cp932[17872] = string.char(0x8E,0xF7,0x89,0x74)
xi.synth_result_id_to_name_cp932[17874] = string.char(0xE0,0xC2,0x8C,0xAB,0x82,0xA2,0x94,0x5D,0x8F,0x60)
xi.synth_result_id_to_name_cp932[17875] = string.char(0x89,0x73,0x82,0xA2,0x94,0x5D,0x8F,0x60)
xi.synth_result_id_to_name_cp932[17876] = string.char(0x8B,0x9B,0x8F,0x60)
xi.synth_result_id_to_name_cp932[17878] = string.char(0x8D,0x4B,0x82,0xB9,0x82,0xCC,0x90,0x6C,0x8E,0x51,0x8F,0x60)
xi.synth_result_id_to_name_cp932[17879] = string.char(0x92,0x78,0x8D,0xE7,0x82,0xAB,0x82,0xCC,0x8C,0x8C,0x92,0xAA,0x8F,0x60)
xi.synth_result_id_to_name_cp932[17881] = string.char(0x90,0xAE,0x82,0xC1,0x82,0xBD,0x95,0x63,0x8F,0xB0)
xi.synth_result_id_to_name_cp932[17882] = string.char(0x98,0x42,0x8B,0xE0,0x8F,0x70,0x8E,0x74,0x82,0xCC,0x90,0x85)
xi.synth_result_id_to_name_cp932[17883] = string.char(0x82,0xDC,0x82,0xEB,0x82,0xE2,0x82,0xA9,0x82,0xC8,0x92,0xB9,0x8F,0x60)
xi.synth_result_id_to_name_cp932[17884] = string.char(0x91,0xBE,0x97,0x7A,0x82,0xCC,0x90,0x85)
xi.synth_result_id_to_name_cp932[17885] = string.char(0x94,0xF2,0xE5,0x9B,0x8F,0x60)
xi.synth_result_id_to_name_cp932[17887] = string.char(0x93,0x79,0x97,0xB3,0x8F,0x60)
xi.synth_result_id_to_name_cp932[17889] = string.char(0x8C,0x8C,0x8F,0x60)
xi.synth_result_id_to_name_cp932[17891] = string.char(0x8B,0x61,0x90,0x6C,0x8F,0x60)
xi.synth_result_id_to_name_cp932[17893] = string.char(0x96,0xFB,0x9A,0xE2)
xi.synth_result_id_to_name_cp932[17894] = string.char(0x8A,0xAE,0x8F,0x6E,0x95,0x85,0x97,0x74,0x93,0x79)
xi.synth_result_id_to_name_cp932[17895] = string.char(0x97,0x78,0x82,0xE9,0x91,0x90,0x8F,0x60)
xi.synth_result_id_to_name_cp932[17896] = string.char(0x83,0x53,0x83,0x75,0x83,0x8A,0x83,0x93,0x95,0x97,0xE5,0xB3,0x8F,0x60)
xi.synth_result_id_to_name_cp932[17897] = string.char(0x8E,0xCF,0x82,0xA6,0x97,0xA7,0x82,0xC2,0x95,0x85,0x93,0xF7,0x8F,0x60)
xi.synth_result_id_to_name_cp932[17898] = string.char(0x8B,0xBF,0x82,0xDF,0x82,0xAD,0x94,0xF2,0xE5,0x9B,0x8F,0x60)
xi.synth_result_id_to_name_cp932[17899] = string.char(0x97,0x90,0x96,0x5C,0x82,0xC8,0x93,0x79,0x97,0xB3,0x8F,0x60)
xi.synth_result_id_to_name_cp932[17900] = string.char(0x91,0xF7,0x82,0xC1,0x82,0xBD,0x94,0x9E,0x8F,0x60)
xi.synth_result_id_to_name_cp932[17901] = string.char(0x94,0x5A,0x8C,0xFA,0x82,0xC8,0x93,0xF7,0x8F,0x60)
xi.synth_result_id_to_name_cp932[17902] = string.char(0x94,0x8E,0x91,0xC5,0x8F,0x60)
xi.synth_result_id_to_name_cp932[17903] = string.char(0x88,0xC5,0x8F,0x60)
xi.synth_result_id_to_name_cp932[17904] = string.char(0x89,0xAB,0x8B,0x9B,0x8F,0x60)
xi.synth_result_id_to_name_cp932[17905] = string.char(0x92,0x6E,0x97,0xB3,0x8F,0x60)
xi.synth_result_id_to_name_cp932[17906] = string.char(0x8B,0xC9,0x8C,0xF5,0x8F,0x60)
xi.synth_result_id_to_name_cp932[17907] = string.char(0x96,0xFC,0x82,0xB5,0x82,0xCC,0x90,0x6C,0x8E,0x51,0x8F,0x60)
xi.synth_result_id_to_name_cp932[17908] = string.char(0x8B,0x9B,0x8F,0xDD,0x8F,0x60)
xi.synth_result_id_to_name_cp932[17909] = string.char(0x8E,0xE1,0x97,0x74,0x8F,0x60)
xi.synth_result_id_to_name_cp932[17911] = string.char(0x95,0x97,0x92,0x6D,0x91,0x90)
xi.synth_result_id_to_name_cp932[17912] = string.char(0x8D,0x92,0x95,0xA8,0x8F,0x60)
xi.synth_result_id_to_name_cp932[17913] = string.char(0x98,0x42,0x8B,0xE0,0x8F,0x70,0x8E,0x74,0x82,0xCC,0x96,0xF2)
xi.synth_result_id_to_name_cp932[17914] = string.char(0x8E,0xE9,0x92,0x6E,0x97,0xB3,0x8F,0x60)
xi.synth_result_id_to_name_cp932[17929] = string.char(0x8B,0xA4,0x98,0x61,0x8C,0x52,0x92,0x63,0x95,0xBA,0x90,0xED,0x95,0x80,0x2B,0x31)
xi.synth_result_id_to_name_cp932[17931] = string.char(0x98,0x41,0x96,0x4D,0x96,0x82,0x90,0xED,0x8E,0x6D,0x90,0xED,0x95,0x80,0x2B,0x31)
xi.synth_result_id_to_name_cp932[17942] = string.char(0x83,0x67,0x83,0x7D,0x83,0x7A,0x81,0x5B,0x83,0x4E)
xi.synth_result_id_to_name_cp932[17949] = string.char(0x83,0x74,0x83,0x40,0x83,0x69,0x83,0x58,0x83,0x5E,0x83,0x6F,0x83,0x8B,0x83,0x57,0x83,0x93)
xi.synth_result_id_to_name_cp932[17954] = string.char(0x83,0x57,0x83,0x87,0x83,0x8B,0x83,0x67,0x83,0x41,0x83,0x4E,0x83,0x58)
xi.synth_result_id_to_name_cp932[17955] = string.char(0x83,0x76,0x83,0x8C,0x81,0x5B,0x83,0x93,0x83,0x73,0x83,0x62,0x83,0x4E)
xi.synth_result_id_to_name_cp932[17957] = string.char(0x83,0x6C,0x81,0x5B,0x83,0x72,0x81,0x5B,0x83,0x41,0x83,0x4E,0x83,0x58)
xi.synth_result_id_to_name_cp932[17966] = string.char(0x83,0x47,0x83,0x8B,0x83,0x4C,0x83,0x93,0x83,0x4F,0x83,0x5E,0x83,0x6F,0x81,0x5B,0x83,0x8B)
xi.synth_result_id_to_name_cp932[17968] = string.char(0x83,0x94,0x83,0x46,0x83,0x8B,0x83,0x67,0x83,0x41,0x83,0x4E,0x83,0x58)
xi.synth_result_id_to_name_cp932[17972] = string.char(0x89,0xA4,0x8D,0x91,0x8F,0x5D,0x8B,0x52,0x8E,0x6D,0x92,0x5A,0x8C,0x95,0x2B,0x31)
xi.synth_result_id_to_name_cp932[17974] = string.char(0x8F,0x5C,0x90,0x6C,0x91,0xE0,0x92,0xB7,0x83,0x5F,0x83,0x4B,0x81,0x5B,0x2B,0x31)
xi.synth_result_id_to_name_cp932[17976] = string.char(0x97,0x62,0x95,0xBA,0x83,0x69,0x83,0x43,0x83,0x74,0x2B,0x31)
xi.synth_result_id_to_name_cp932[17978] = string.char(0x97,0x62,0x95,0xBA,0x91,0xE0,0x92,0xB7,0x83,0x4E,0x83,0x4E,0x83,0x8A,0x2B,0x31)
xi.synth_result_id_to_name_cp932[17984] = string.char(0x83,0x58,0x83,0x70,0x81,0x5B,0x83,0x4E,0x83,0x5F,0x83,0x4B,0x81,0x5B)
xi.synth_result_id_to_name_cp932[17986] = string.char(0x83,0x58,0x83,0x70,0x81,0x5B,0x83,0x4E,0x83,0x6F,0x83,0x5B,0x83,0x89,0x81,0x5B,0x83,0x68)
xi.synth_result_id_to_name_cp932[17988] = string.char(0x83,0x58,0x83,0x70,0x81,0x5B,0x83,0x4E,0x83,0x4E,0x83,0x8A,0x83,0x58)
xi.synth_result_id_to_name_cp932[17990] = string.char(0x98,0x41,0x96,0x4D,0x96,0x82,0x90,0xED,0x8E,0x6D,0x92,0x5A,0x8C,0x95,0x2B,0x31)
xi.synth_result_id_to_name_cp932[18008] = string.char(0x83,0x6E,0x83,0x62,0x83,0x56,0x83,0x85,0x83,0x5F,0x83,0x4B,0x81,0x5B)
xi.synth_result_id_to_name_cp932[18010] = string.char(0x83,0x81,0x83,0x8B,0x83,0x67,0x83,0x5F,0x83,0x4B,0x81,0x5B)
xi.synth_result_id_to_name_cp932[18011] = string.char(0x83,0x81,0x83,0x8B,0x83,0x67,0x83,0x69,0x83,0x43,0x83,0x74)
xi.synth_result_id_to_name_cp932[18012] = string.char(0x83,0x81,0x83,0x8B,0x83,0x67,0x83,0x6F,0x83,0x5B,0x83,0x89,0x81,0x5B,0x83,0x68)
xi.synth_result_id_to_name_cp932[18013] = string.char(0x83,0x81,0x83,0x8B,0x83,0x67,0x83,0x4E,0x83,0x4E,0x83,0x8A)
xi.synth_result_id_to_name_cp932[18014] = string.char(0x90,0xB6,0x8F,0x4C,0x95,0xF7,0x92,0x9A)
xi.synth_result_id_to_name_cp932[18023] = string.char(0x83,0x57,0x83,0x83,0x83,0x93,0x83,0x72,0x83,0x41)
xi.synth_result_id_to_name_cp932[18029] = string.char(0x83,0x73,0x83,0x41,0x83,0x62,0x83,0x56,0x83,0x93,0x83,0x4F,0x83,0x5F,0x83,0x4B,0x81,0x5B)
xi.synth_result_id_to_name_cp932[18030] = string.char(0x83,0x4C,0x83,0x7D,0x83,0x43,0x83,0x89,0x83,0x57,0x83,0x83,0x83,0x93,0x83,0x72,0x83,0x41)
xi.synth_result_id_to_name_cp932[18032] = string.char(0x83,0x41,0x83,0x5F,0x81,0x5B,0x83,0x57,0x83,0x83,0x83,0x93,0x83,0x72,0x83,0x41)
xi.synth_result_id_to_name_cp932[18035] = string.char(0x83,0x66,0x83,0x58,0x83,0x7B,0x81,0x5B,0x83,0x93,0x83,0x69,0x83,0x43,0x83,0x74)
xi.synth_result_id_to_name_cp932[18036] = string.char(0x97,0x62,0x95,0xBA,0x91,0xE0,0x92,0xB7,0x91,0xE5,0x8A,0x99,0x2B,0x31)
xi.synth_result_id_to_name_cp932[18038] = string.char(0x8B,0xA4,0x98,0x61,0x8C,0x52,0x92,0x63,0x95,0xBA,0x90,0xED,0x8A,0x99,0x2B,0x31)
xi.synth_result_id_to_name_cp932[18050] = string.char(0x83,0x7D,0x83,0x93,0x83,0x66,0x83,0x75,0x83,0x89,0x83,0x56,0x83,0x62,0x83,0x4E,0x83,0x8B)
xi.synth_result_id_to_name_cp932[18054] = string.char(0x83,0x41,0x83,0x43,0x83,0x7B,0x83,0x8A,0x83,0x56,0x83,0x62,0x83,0x4E,0x83,0x8B)
xi.synth_result_id_to_name_cp932[18058] = string.char(0x83,0x49,0x83,0x8A,0x83,0x6E,0x83,0x8B,0x83,0x52,0x83,0x93,0x83,0x54,0x83,0x43,0x83,0x59)
xi.synth_result_id_to_name_cp932[18060] = string.char(0x83,0x75,0x83,0x8A,0x83,0x55,0x81,0x5B,0x83,0x68,0x83,0x54,0x83,0x43,0x83,0x59)
xi.synth_result_id_to_name_cp932[18062] = string.char(0x83,0x8B,0x83,0x5A,0x83,0x93,0x83,0x67,0x83,0x54,0x83,0x43,0x83,0x59)
xi.synth_result_id_to_name_cp932[18067] = string.char(0x83,0x4C,0x81,0x5B,0x83,0x93,0x83,0x55,0x83,0x4F,0x83,0x69,0x83,0x8B)
xi.synth_result_id_to_name_cp932[18068] = string.char(0x89,0xA4,0x8D,0x91,0x91,0x84,0x95,0xBA,0x91,0x84,0x2B,0x31)
xi.synth_result_id_to_name_cp932[18070] = string.char(0x89,0xA4,0x8D,0x91,0x8F,0x5D,0x8B,0x52,0x8E,0x6D,0x91,0x84,0x95,0x80,0x2B,0x31)
xi.synth_result_id_to_name_cp932[18072] = string.char(0x89,0xA4,0x97,0xA7,0x8B,0x52,0x8E,0x6D,0x92,0x63,0x8B,0x52,0x91,0x84,0x2B,0x31)
xi.synth_result_id_to_name_cp932[18076] = string.char(0x83,0x58,0x83,0x70,0x81,0x5B,0x83,0x4E,0x83,0x58,0x83,0x73,0x83,0x41)
xi.synth_result_id_to_name_cp932[18078] = string.char(0x83,0x58,0x83,0x70,0x81,0x5B,0x83,0x4E,0x83,0x89,0x83,0x93,0x83,0x58)
xi.synth_result_id_to_name_cp932[18080] = string.char(0x83,0x58,0x83,0x70,0x81,0x5B,0x83,0x4E,0x83,0x74,0x83,0x48,0x81,0x5B,0x83,0x4E)
xi.synth_result_id_to_name_cp932[18082] = string.char(0x83,0x6F,0x83,0x8B,0x81,0x5B,0x83,0x60,0x83,0x83)
xi.synth_result_id_to_name_cp932[18093] = string.char(0x83,0x4E,0x81,0x5B,0x83,0x5B)
xi.synth_result_id_to_name_cp932[18095] = string.char(0x83,0x66,0x83,0x42,0x83,0x58,0x83,0x79,0x83,0x8B,0x83,0x4E,0x81,0x5B,0x83,0x5B)
xi.synth_result_id_to_name_cp932[18105] = string.char(0x83,0x49,0x83,0x8A,0x83,0x6E,0x83,0x8B,0x83,0x52,0x83,0x93,0x83,0x89,0x83,0x93,0x83,0x58)
xi.synth_result_id_to_name_cp932[18107] = string.char(0x83,0x7C,0x83,0x93,0x83,0x66,0x83,0x89,0x83,0x58,0x83,0x89,0x83,0x93,0x83,0x58)
xi.synth_result_id_to_name_cp932[18108] = string.char(0x83,0x8B,0x83,0x5A,0x83,0x93,0x83,0x67,0x83,0x89,0x83,0x93,0x83,0x58)
xi.synth_result_id_to_name_cp932[18110] = string.char(0x83,0x81,0x83,0x55,0x83,0x89,0x83,0x4E)
xi.synth_result_id_to_name_cp932[18115] = string.char(0x98,0xEE,0x8C,0x8E,0x93,0x81)
xi.synth_result_id_to_name_cp932[18117] = string.char(0x83,0x4D,0x83,0x80,0x83,0x8C,0x83,0x62,0x83,0x67,0x83,0x58,0x83,0x73,0x83,0x41)
xi.synth_result_id_to_name_cp932[18118] = string.char(0x83,0x5F,0x81,0x5B,0x83,0x4E,0x83,0x81,0x83,0x55,0x83,0x89,0x83,0x4E)
xi.synth_result_id_to_name_cp932[18122] = string.char(0x83,0x75,0x83,0x8D,0x81,0x5B,0x83,0x60,0x83,0x89,0x83,0x93,0x83,0x58)
xi.synth_result_id_to_name_cp932[18123] = string.char(0x83,0x54,0x83,0x89,0x83,0x5C,0x83,0x4E,0x83,0x89,0x83,0x62,0x83,0x67)
xi.synth_result_id_to_name_cp932[18129] = string.char(0x8E,0xD6,0x96,0xB5)
xi.synth_result_id_to_name_cp932[18132] = string.char(0x98,0x41,0x96,0x4D,0x96,0x82,0x90,0xED,0x8E,0x6D,0x93,0x8A,0x93,0x81,0x2B,0x31)
xi.synth_result_id_to_name_cp932[18134] = string.char(0x8F,0x79,0x8F,0x65,0x8E,0x6D,0x93,0x8A,0x97,0xD6,0x2B,0x31)
xi.synth_result_id_to_name_cp932[18136] = string.char(0x83,0x82,0x83,0x8A,0x83,0x49,0x83,0x93,0x83,0x5E,0x83,0x58,0x83,0x89,0x83,0x80)
xi.synth_result_id_to_name_cp932[18140] = string.char(0x83,0x74,0x83,0x40,0x83,0x93,0x83,0x67,0x83,0x80,0x83,0x5E,0x83,0x58,0x83,0x89,0x83,0x80)
xi.synth_result_id_to_name_cp932[18142] = string.char(0x8F,0x64,0x93,0xA1,0x8B,0x7C)
xi.synth_result_id_to_name_cp932[18148] = string.char(0x83,0x41,0x83,0x56,0x83,0x62,0x83,0x68,0x83,0x7B,0x83,0x8B,0x83,0x67)
xi.synth_result_id_to_name_cp932[18149] = string.char(0x83,0x58,0x83,0x8A,0x83,0x76,0x83,0x8B,0x83,0x7B,0x83,0x8B,0x83,0x67)
xi.synth_result_id_to_name_cp932[18150] = string.char(0x83,0x75,0x83,0x89,0x83,0x43,0x83,0x93,0x83,0x7B,0x83,0x8B,0x83,0x67)
xi.synth_result_id_to_name_cp932[18151] = string.char(0x83,0x75,0x83,0x89,0x83,0x62,0x83,0x66,0x83,0x42,0x83,0x7B,0x83,0x8B,0x83,0x67)
xi.synth_result_id_to_name_cp932[18152] = string.char(0x83,0x78,0x83,0x6D,0x83,0x80,0x83,0x7B,0x83,0x8B,0x83,0x67)
xi.synth_result_id_to_name_cp932[18153] = string.char(0x83,0x7A,0x81,0x5B,0x83,0x8A,0x81,0x5B,0x83,0x7B,0x83,0x8B,0x83,0x67)
xi.synth_result_id_to_name_cp932[18154] = string.char(0x83,0x72,0x81,0x5B,0x83,0x67,0x83,0x8B,0x83,0x41,0x83,0x8D,0x81,0x5B)
xi.synth_result_id_to_name_cp932[18155] = string.char(0x83,0x58,0x83,0x52,0x81,0x5B,0x83,0x73,0x83,0x49,0x83,0x93,0x83,0x41,0x83,0x8D,0x81,0x5B)
xi.synth_result_id_to_name_cp932[18156] = string.char(0x83,0x7A,0x81,0x5B,0x83,0x93,0x83,0x41,0x83,0x8D,0x81,0x5B)
xi.synth_result_id_to_name_cp932[18157] = string.char(0x83,0x7C,0x83,0x43,0x83,0x59,0x83,0x93,0x83,0x41,0x83,0x8D,0x81,0x5B)
xi.synth_result_id_to_name_cp932[18158] = string.char(0x83,0x58,0x83,0x8A,0x83,0x76,0x83,0x8B,0x83,0x41,0x83,0x8D,0x81,0x5B)
xi.synth_result_id_to_name_cp932[18159] = string.char(0x83,0x66,0x81,0x5B,0x83,0x82,0x83,0x93,0x83,0x41,0x83,0x8D,0x81,0x5B)
xi.synth_result_id_to_name_cp932[18160] = string.char(0x83,0x58,0x83,0x70,0x83,0x8B,0x83,0x5E,0x83,0x93,0x83,0x75,0x83,0x8C,0x83,0x62,0x83,0x67)
xi.synth_result_id_to_name_cp932[18168] = string.char(0x83,0x43,0x83,0x93,0x83,0x79,0x83,0x8A,0x83,0x41,0x83,0x8B,0x83,0x47,0x83,0x62,0x83,0x4F)
xi.synth_result_id_to_name_cp932[18178] = string.char(0x83,0x7B,0x83,0x68,0x83,0x4C,0x83,0x93,0x83,0x41,0x83,0x8D,0x81,0x5B)
xi.synth_result_id_to_name_cp932[18200] = string.char(0x83,0x6E,0x83,0x43,0x83,0x68,0x83,0x8D,0x83,0x41,0x83,0x4E,0x83,0x58)
xi.synth_result_id_to_name_cp932[18202] = string.char(0x83,0x6E,0x83,0x43,0x83,0x68,0x83,0x8D,0x83,0x4A,0x83,0x62,0x83,0x5E,0x81,0x5B)
xi.synth_result_id_to_name_cp932[18204] = string.char(0x83,0x6E,0x83,0x43,0x83,0x68,0x83,0x8D,0x83,0x60,0x83,0x87,0x83,0x62,0x83,0x70,0x81,0x5B)
xi.synth_result_id_to_name_cp932[18207] = string.char(0x83,0x50,0x81,0x5B,0x83,0x65,0x83,0x93)
xi.synth_result_id_to_name_cp932[18214] = string.char(0x83,0x94,0x83,0x48,0x83,0x45,0x83,0x57,0x83,0x46)
xi.synth_result_id_to_name_cp932[18216] = string.char(0x83,0x67,0x83,0x8F,0x83,0x43,0x83,0x54,0x81,0x5B)
xi.synth_result_id_to_name_cp932[18218] = string.char(0x83,0x8C,0x83,0x52,0x83,0x58,0x83,0x94,0x83,0x48,0x83,0x45,0x83,0x57,0x83,0x46)
xi.synth_result_id_to_name_cp932[18220] = string.char(0x83,0x76,0x83,0x8D,0x83,0x7E,0x83,0x6C,0x83,0x93,0x83,0x58,0x83,0x41,0x83,0x4E,0x83,0x58)
xi.synth_result_id_to_name_cp932[18223] = string.char(0x83,0x67,0x83,0x7C,0x83,0x8D,0x83,0x4E)
xi.synth_result_id_to_name_cp932[18225] = string.char(0x83,0x75,0x83,0x8A,0x83,0x55,0x81,0x5B,0x83,0x68,0x83,0x67,0x83,0x7C,0x83,0x8D,0x83,0x4E)
xi.synth_result_id_to_name_cp932[18226] = string.char(0x83,0x5F,0x81,0x5B,0x83,0x4E,0x83,0x94,0x83,0x48,0x83,0x45,0x83,0x57,0x83,0x46)
xi.synth_result_id_to_name_cp932[18228] = string.char(0x83,0x6F,0x83,0x62,0x83,0x65,0x83,0x8A,0x81,0x5B)
xi.synth_result_id_to_name_cp932[18229] = string.char(0x83,0x4C,0x83,0x8D,0x83,0x6F,0x83,0x62,0x83,0x65,0x83,0x8A,0x81,0x5B)
xi.synth_result_id_to_name_cp932[18230] = string.char(0x83,0x81,0x83,0x4B,0x83,0x6F,0x83,0x62,0x83,0x65,0x83,0x8A,0x81,0x5B)
xi.synth_result_id_to_name_cp932[18232] = string.char(0x83,0x6E,0x83,0x43,0x83,0x68,0x83,0x8D,0x83,0x7C,0x83,0x93,0x83,0x76)
xi.synth_result_id_to_name_cp932[18233] = string.char(0x83,0x4C,0x83,0x8D,0x83,0x7C,0x83,0x93,0x83,0x76)
xi.synth_result_id_to_name_cp932[18234] = string.char(0x83,0x81,0x83,0x4B,0x83,0x7C,0x83,0x93,0x83,0x76)
xi.synth_result_id_to_name_cp932[18236] = string.char(0x83,0x45,0x83,0x42,0x83,0x93,0x83,0x68,0x83,0x74,0x83,0x40,0x83,0x93)
xi.synth_result_id_to_name_cp932[18237] = string.char(0x83,0x4C,0x83,0x8D,0x83,0x74,0x83,0x40,0x83,0x93)
xi.synth_result_id_to_name_cp932[18238] = string.char(0x83,0x81,0x83,0x4B,0x83,0x74,0x83,0x40,0x83,0x93)
xi.synth_result_id_to_name_cp932[18258] = string.char(0x82,0x73,0x81,0x44,0x83,0x67,0x83,0x7D,0x83,0x7A,0x81,0x5B,0x83,0x4E)
xi.synth_result_id_to_name_cp932[18259] = string.char(0x83,0x41,0x83,0x93,0x83,0x53,0x83,0x93)
xi.synth_result_id_to_name_cp932[18353] = string.char(0x83,0x41,0x83,0x5F,0x81,0x5B,0x83,0x4B)
xi.synth_result_id_to_name_cp932[18355] = string.char(0x83,0x6E,0x83,0x62,0x83,0x56,0x83,0x85,0x83,0x6F,0x83,0x4F,0x83,0x69,0x83,0x45)
xi.synth_result_id_to_name_cp932[18357] = string.char(0x83,0x81,0x83,0x8B,0x83,0x67,0x83,0x4E,0x83,0x8D,0x81,0x5B)
xi.synth_result_id_to_name_cp932[18361] = string.char(0x83,0x7C,0x83,0x93,0x83,0x66,0x83,0x89,0x83,0x58,0x83,0x7D,0x83,0x6D,0x83,0x76,0x83,0x8B)
xi.synth_result_id_to_name_cp932[18362] = string.char(0x83,0x54,0x83,0x43,0x83,0x93,0x83,0x65,0x83,0x42)
xi.synth_result_id_to_name_cp932[18366] = string.char(0x83,0x4B,0x83,0x58,0x83,0x67,0x83,0x4E,0x83,0x8C,0x83,0x43,0x83,0x82,0x83,0x41)
xi.synth_result_id_to_name_cp932[18368] = string.char(0x83,0x4B,0x83,0x58,0x83,0x67,0x83,0x5C,0x81,0x5B,0x83,0x68)
xi.synth_result_id_to_name_cp932[18370] = string.char(0x83,0x4B,0x83,0x58,0x83,0x67,0x83,0x5E,0x83,0x93)
xi.synth_result_id_to_name_cp932[18375] = string.char(0x83,0x74,0x83,0x40,0x83,0x8B,0x83,0x4E,0x83,0x58)
xi.synth_result_id_to_name_cp932[18379] = string.char(0x83,0x6F,0x83,0x8B,0x83,0x4A,0x83,0x93,0x83,0x4E,0x83,0x8C,0x83,0x43,0x83,0x82,0x83,0x41)
xi.synth_result_id_to_name_cp932[18381] = string.char(0x83,0x76,0x83,0x8D,0x83,0x7E,0x83,0x6C,0x83,0x93,0x83,0x58,0x83,0x5C,0x81,0x5B,0x83,0x68)
xi.synth_result_id_to_name_cp932[18382] = string.char(0x83,0x5F,0x81,0x5B,0x83,0x4E,0x83,0x74,0x83,0x40,0x83,0x8B,0x83,0x4E,0x83,0x58)
xi.synth_result_id_to_name_cp932[18384] = string.char(0x83,0x8B,0x83,0x5A,0x83,0x93,0x83,0x67,0x83,0x5C,0x81,0x5B,0x83,0x68)
xi.synth_result_id_to_name_cp932[18391] = string.char(0x83,0x54,0x83,0x4E,0x83,0x8C,0x83,0x62,0x83,0x68,0x83,0x81,0x83,0x43,0x83,0x58)
xi.synth_result_id_to_name_cp932[18392] = string.char(0x83,0x54,0x83,0x4E,0x83,0x8C,0x83,0x62,0x83,0x68,0x83,0x82,0x81,0x5B,0x83,0x8B)
xi.synth_result_id_to_name_cp932[18393] = string.char(0x83,0x54,0x83,0x4E,0x83,0x8C,0x83,0x62,0x83,0x68,0x83,0x8F,0x83,0x93,0x83,0x68)
xi.synth_result_id_to_name_cp932[18402] = string.char(0x83,0x7D,0x83,0x69,0x83,0x8F,0x83,0x93,0x83,0x68)
xi.synth_result_id_to_name_cp932[18403] = string.char(0x83,0x6E,0x83,0x43,0x83,0x7D,0x83,0x69,0x83,0x8F,0x83,0x93,0x83,0x68)
xi.synth_result_id_to_name_cp932[18405] = string.char(0x83,0x57,0x83,0x83,0x83,0x5F,0x83,0x4F,0x83,0x69)
xi.synth_result_id_to_name_cp932[18409] = string.char(0x83,0x57,0x83,0x83,0x83,0x5F,0x83,0x4F,0x83,0x69,0x2D,0x31)
xi.synth_result_id_to_name_cp932[18410] = string.char(0x94,0x4D,0x93,0x81)
xi.synth_result_id_to_name_cp932[18413] = string.char(0x94,0xEA,0x98,0x41,0x90,0x9D)
xi.synth_result_id_to_name_cp932[18415] = string.char(0x93,0xAC,0x90,0x9D)
xi.synth_result_id_to_name_cp932[18420] = string.char(0x94,0xB9)
xi.synth_result_id_to_name_cp932[18423] = string.char(0x8F,0x5C,0x98,0x5A,0x96,0xE9)
xi.synth_result_id_to_name_cp932[18427] = string.char(0x89,0xD4,0x90,0x81,0x90,0xE1)
xi.synth_result_id_to_name_cp932[18431] = string.char(0x95,0x90,0x91,0xBE,0x93,0x81)
xi.synth_result_id_to_name_cp932[18439] = string.char(0x94,0x92,0x93,0x81)
xi.synth_result_id_to_name_cp932[18444] = string.char(0x8C,0x95,0x91,0xBE,0x93,0x81)
xi.synth_result_id_to_name_cp932[18452] = string.char(0x97,0xB3,0x92,0x5F,0x8A,0xDB)
xi.synth_result_id_to_name_cp932[18462] = string.char(0x8D,0xF9,0x8A,0xD1)
xi.synth_result_id_to_name_cp932[18481] = string.char(0x83,0x8B,0x83,0x5A,0x83,0x93,0x83,0x67,0x83,0x41,0x83,0x4E,0x83,0x58)
xi.synth_result_id_to_name_cp932[18482] = string.char(0x83,0x41,0x83,0x80,0x81,0x5B,0x83,0x68)
xi.synth_result_id_to_name_cp932[18488] = string.char(0x83,0x41,0x83,0x54,0x83,0x43,0x83,0x89,0x83,0x93,0x83,0x67,0x83,0x41,0x83,0x4E,0x83,0x58)
xi.synth_result_id_to_name_cp932[18489] = string.char(0x83,0x5F,0x81,0x5B,0x83,0x4E,0x83,0x41,0x83,0x80,0x81,0x5B,0x83,0x68)
xi.synth_result_id_to_name_cp932[18493] = string.char(0x83,0x8C,0x83,0x57,0x83,0x81,0x83,0x93,0x83,0x67,0x83,0x50,0x81,0x5B,0x83,0x65,0x83,0x93)
xi.synth_result_id_to_name_cp932[18505] = string.char(0x83,0x47,0x83,0x8B,0x83,0x4C,0x83,0x93,0x83,0x4F,0x83,0x50,0x81,0x5B,0x83,0x65,0x83,0x93)
xi.synth_result_id_to_name_cp932[18506] = string.char(0x83,0x67,0x83,0x44,0x83,0x6E,0x83,0x67,0x83,0x44,0x83,0x6E)
xi.synth_result_id_to_name_cp932[18522] = string.char(0x83,0x74,0x83,0x42,0x83,0x8B,0x83,0x93,0x83,0x41,0x83,0x62,0x83,0x4E,0x83,0x58)
xi.synth_result_id_to_name_cp932[18543] = string.char(0x83,0x75,0x83,0x8C,0x83,0x43,0x83,0x5F,0x83,0x4E,0x83,0x58)
xi.synth_result_id_to_name_cp932[18561] = string.char(0x83,0x84,0x83,0x67,0x83,0x68,0x83,0x40,0x81,0x5B,0x83,0x89)
xi.synth_result_id_to_name_cp932[18586] = string.char(0x83,0x74,0x83,0x8C,0x83,0x4C,0x83,0x56,0x83,0x75,0x83,0x8B,0x83,0x7C,0x81,0x5B,0x83,0x8B)
xi.synth_result_id_to_name_cp932[18591] = string.char(0x83,0x70,0x83,0x58,0x83,0x67,0x83,0x89,0x83,0x8B,0x83,0x58,0x83,0x5E,0x83,0x62,0x83,0x74)
xi.synth_result_id_to_name_cp932[18601] = string.char(0x83,0x74,0x83,0x46,0x83,0x43,0x83,0x4E,0x83,0x8D,0x81,0x5B,0x83,0x57,0x83,0x83,0x81,0x5B)
xi.synth_result_id_to_name_cp932[18602] = string.char(0x83,0x74,0x83,0x46,0x83,0x43,0x83,0x58,0x83,0x5E,0x83,0x62,0x83,0x74)
xi.synth_result_id_to_name_cp932[18606] = string.char(0x8C,0x79,0x88,0xC0,0x82,0xCC,0x8F,0xF1)
xi.synth_result_id_to_name_cp932[18611] = string.char(0x83,0x60,0x81,0x5B,0x83,0x58,0x83,0x5E,0x83,0x62,0x83,0x74)
xi.synth_result_id_to_name_cp932[18628] = string.char(0x83,0x74,0x83,0x8C,0x81,0x5B,0x83,0x67,0x83,0x7C,0x81,0x5B,0x83,0x8B)
xi.synth_result_id_to_name_cp932[18630] = string.char(0x83,0x69,0x83,0x67,0x83,0x74,0x83,0x56,0x83,0x85,0x83,0x6C)
xi.synth_result_id_to_name_cp932[18634] = string.char(0x83,0x55,0x83,0x80,0x83,0x59,0x83,0x7E,0x83,0x80,0x83,0x58,0x83,0x5E,0x83,0x62,0x83,0x74)
xi.synth_result_id_to_name_cp932[18681] = string.char(0x83,0x41,0x83,0x67,0x83,0x8B,0x83,0x4B,0x83,0x93,0x83,0x5F,0x81,0x5B,0x83,0x67)
xi.synth_result_id_to_name_cp932[18688] = string.char(0x83,0x89,0x83,0x7E,0x83,0x41,0x83,0x93,0x83,0x4A,0x83,0x7D,0x83,0x93,0x2D,0x31)
xi.synth_result_id_to_name_cp932[18695] = string.char(0x83,0x50,0x83,0x8B,0x83,0x78,0x83,0x8D,0x83,0x58,0x83,0x7B,0x83,0x45)
xi.synth_result_id_to_name_cp932[18696] = string.char(0x83,0x70,0x83,0x89,0x83,0x8A,0x83,0x56,0x83,0x58,0x83,0x41,0x83,0x8D,0x81,0x5B)
xi.synth_result_id_to_name_cp932[18697] = string.char(0x83,0x7D,0x81,0x5B,0x83,0x8A,0x83,0x68,0x83,0x41,0x83,0x8D,0x81,0x5B)
xi.synth_result_id_to_name_cp932[18698] = string.char(0x90,0x85,0x82,0xCC,0x96,0xEE)
xi.synth_result_id_to_name_cp932[18699] = string.char(0x93,0x79,0x82,0xCC,0x96,0xEE)
xi.synth_result_id_to_name_cp932[18700] = string.char(0x95,0x97,0x82,0xCC,0x96,0xEE)
xi.synth_result_id_to_name_cp932[18704] = string.char(0x83,0x5F,0x81,0x5B,0x83,0x4E,0x83,0x77,0x83,0x4C,0x83,0x54,0x83,0x4B,0x83,0x93)
xi.synth_result_id_to_name_cp932[18708] = string.char(0x83,0x58,0x83,0x6C,0x81,0x5B,0x83,0x4E,0x83,0x41,0x83,0x43)
xi.synth_result_id_to_name_cp932[18710] = string.char(0x83,0x56,0x81,0x5B,0x83,0x68,0x83,0x62,0x83,0x4F,0x83,0x4B,0x83,0x93)
xi.synth_result_id_to_name_cp932[18713] = string.char(0x83,0x4A,0x83,0x62,0x83,0x70,0x81,0x5B,0x83,0x75,0x83,0x8C,0x83,0x62,0x83,0x67)
xi.synth_result_id_to_name_cp932[18715] = string.char(0x83,0x7D,0x81,0x5B,0x83,0x59,0x83,0x77,0x83,0x4C,0x83,0x54,0x83,0x4B,0x83,0x93)
xi.synth_result_id_to_name_cp932[18723] = string.char(0x83,0x58,0x83,0x60,0x81,0x5B,0x83,0x8B,0x83,0x75,0x83,0x8C,0x83,0x62,0x83,0x67)
xi.synth_result_id_to_name_cp932[18726] = string.char(0x83,0x79,0x83,0x43,0x83,0x58,0x83,0x67,0x83,0x5F,0x81,0x5B,0x83,0x67)
xi.synth_result_id_to_name_cp932[18730] = string.char(0x83,0x49,0x83,0x75,0x83,0x56,0x83,0x66,0x83,0x42,0x83,0x41,0x83,0x41,0x83,0x8D,0x81,0x5B)
xi.synth_result_id_to_name_cp932[18731] = string.char(0x83,0x8B,0x83,0x75,0x83,0x8A,0x83,0x4A,0x83,0x93,0x83,0x67)
xi.synth_result_id_to_name_cp932[18732] = string.char(0x83,0x8B,0x83,0x75,0x83,0x8A,0x83,0x4A,0x83,0x93,0x83,0x67,0x2B,0x31)
xi.synth_result_id_to_name_cp932[18733] = string.char(0x83,0x8B,0x83,0x75,0x83,0x8A,0x83,0x4A,0x83,0x93,0x83,0x67,0x2B,0x32)
xi.synth_result_id_to_name_cp932[18736] = string.char(0x83,0x74,0x83,0x46,0x83,0x43,0x83,0x57,0x83,0x46,0x83,0x93,0x83,0x5F,0x83,0x8F)
xi.synth_result_id_to_name_cp932[18737] = string.char(0x83,0x74,0x83,0x46,0x83,0x43,0x83,0x93,0x83,0x77,0x83,0x4C,0x83,0x54,0x83,0x4B,0x83,0x93)
xi.synth_result_id_to_name_cp932[18743] = string.char(0x83,0x5F,0x81,0x5B,0x83,0x4E,0x83,0x54,0x83,0x43,0x83,0x93,0x83,0x65,0x83,0x42)
xi.synth_result_id_to_name_cp932[18745] = string.char(0x83,0x41,0x83,0x5F,0x83,0x7D,0x83,0x93,0x83,0x54,0x83,0x43,0x83,0x93,0x83,0x65,0x83,0x42)
xi.synth_result_id_to_name_cp932[18747] = string.char(0x83,0x58,0x83,0x7D,0x83,0x62,0x83,0x56,0x83,0x85,0x83,0x5A,0x83,0x58,0x83,0x5E,0x83,0x58)
xi.synth_result_id_to_name_cp932[18748] = string.char(0x83,0x6E,0x83,0x66,0x83,0x58,0x83,0x54,0x83,0x43,0x83,0x93,0x83,0x65,0x83,0x42)
xi.synth_result_id_to_name_cp932[18750] = string.char(0x83,0x75,0x83,0x89,0x83,0x62,0x83,0x4E,0x83,0x41,0x83,0x5F,0x81,0x5B,0x83,0x4B)
xi.synth_result_id_to_name_cp932[18755] = string.char(0x83,0x6D,0x81,0x5B,0x83,0x75,0x83,0x8B,0x83,0x71,0x83,0x7D,0x83,0x93,0x83,0x65,0x83,0x58)
xi.synth_result_id_to_name_cp932[18757] = string.char(0x83,0x6D,0x81,0x5B,0x83,0x8B,0x83,0x54,0x83,0x43,0x83,0x93,0x83,0x65,0x83,0x42)
xi.synth_result_id_to_name_cp932[18764] = string.char(0x83,0x49,0x83,0x78,0x83,0x8D,0x83,0x93,0x83,0x69,0x83,0x62,0x83,0x4E,0x83,0x8B)
xi.synth_result_id_to_name_cp932[18765] = string.char(0x83,0x49,0x83,0x78,0x83,0x8D,0x83,0x93,0x83,0x54,0x83,0x43,0x83,0x93,0x83,0x65,0x83,0x42)
xi.synth_result_id_to_name_cp932[18766] = string.char(0x83,0x5E,0x83,0x43,0x83,0x8D,0x83,0x4A,0x83,0x5E,0x81,0x5B,0x83,0x8B)
xi.synth_result_id_to_name_cp932[18769] = string.char(0x83,0x5A,0x83,0x94,0x83,0x46,0x83,0x8B,0x83,0x58,0x83,0x4E,0x83,0x8D,0x81,0x5B)
xi.synth_result_id_to_name_cp932[18789] = string.char(0x83,0x7D,0x83,0x89,0x83,0x58,0x83,0x6F,0x83,0x4F,0x83,0x69,0x83,0x45)
xi.synth_result_id_to_name_cp932[18791] = string.char(0x83,0x75,0x83,0x59,0x83,0x6F,0x83,0x54,0x83,0x43,0x83,0x93,0x83,0x65,0x83,0x42)
xi.synth_result_id_to_name_cp932[18793] = string.char(0x83,0x75,0x83,0x8B,0x81,0x5B,0x83,0x67,0x83,0x4E,0x83,0x89,0x83,0x8C,0x83,0x93)
xi.synth_result_id_to_name_cp932[18827] = string.char(0x83,0x49,0x83,0x4E,0x83,0x5C,0x83,0x56,0x83,0x74,0x83,0x40,0x83,0x52,0x83,0x93)
xi.synth_result_id_to_name_cp932[18848] = string.char(0x83,0x75,0x83,0x89,0x83,0x58,0x83,0x57,0x83,0x83,0x83,0x5F,0x83,0x4F,0x83,0x69)
xi.synth_result_id_to_name_cp932[18853] = string.char(0x83,0x58,0x83,0x73,0x83,0x8A,0x83,0x62,0x83,0x67,0x83,0x82,0x81,0x5B,0x83,0x8B)
xi.synth_result_id_to_name_cp932[18858] = string.char(0x83,0x74,0x83,0x89,0x83,0x93,0x83,0x57,0x83,0x68,0x83,0x81,0x83,0x43,0x83,0x58)
xi.synth_result_id_to_name_cp932[18868] = string.char(0x83,0x8C,0x83,0x66,0x83,0x42,0x83,0x78,0x83,0x8B)
xi.synth_result_id_to_name_cp932[18870] = string.char(0x83,0x68,0x83,0x44,0x83,0x47,0x83,0x49,0x83,0x7D,0x81,0x5B,0x83,0x82,0x81,0x5B,0x83,0x8B)
xi.synth_result_id_to_name_cp932[18873] = string.char(0x83,0x75,0x83,0x8A,0x81,0x5B,0x83,0x59,0x83,0x49)
xi.synth_result_id_to_name_cp932[18884] = string.char(0x83,0x78,0x83,0x88,0x83,0x72,0x83,0x58,0x83,0x8F,0x83,0x93,0x83,0x68)
xi.synth_result_id_to_name_cp932[18910] = string.char(0x83,0x41,0x83,0x79,0x83,0x55,0x83,0x93,0x83,0x67)
xi.synth_result_id_to_name_cp932[18914] = string.char(0x83,0x4C,0x83,0x89,0x81,0x5B,0x83,0x4C,0x83,0x8A,0x83,0x57)
xi.synth_result_id_to_name_cp932[18941] = string.char(0x93,0xE3,0x8A,0x99)
xi.synth_result_id_to_name_cp932[18945] = string.char(0x83,0x57,0x83,0x46,0x83,0x62,0x83,0x67,0x83,0x56,0x83,0x62,0x83,0x4E,0x83,0x8B)
xi.synth_result_id_to_name_cp932[18954] = string.char(0x83,0x49,0x81,0x5B,0x83,0x4B,0x83,0x56,0x83,0x62,0x83,0x4E,0x83,0x8B)
xi.synth_result_id_to_name_cp932[18955] = string.char(0x83,0x68,0x83,0x44,0x83,0x47,0x83,0x49,0x83,0x7D,0x81,0x5B,0x83,0x54,0x83,0x43,0x83,0x59)
xi.synth_result_id_to_name_cp932[18956] = string.char(0x83,0x5A,0x83,0x8B,0x83,0x79,0x83,0x62,0x83,0x67)
xi.synth_result_id_to_name_cp932[18957] = string.char(0x83,0x58,0x83,0x7D,0x83,0x43,0x83,0x67,0x83,0x54,0x83,0x43,0x83,0x59)
xi.synth_result_id_to_name_cp932[19009] = string.char(0x83,0x75,0x83,0x89,0x83,0x58,0x83,0x4F,0x83,0x8A,0x83,0x62,0x83,0x76)
xi.synth_result_id_to_name_cp932[19011] = string.char(0x83,0x8A,0x83,0x55,0x81,0x5B,0x83,0x68,0x83,0x58,0x83,0x67,0x83,0x89,0x83,0x62,0x83,0x76)
xi.synth_result_id_to_name_cp932[19013] = string.char(0x83,0x7E,0x83,0x58,0x83,0x8A,0x83,0x8B,0x83,0x4F,0x83,0x8A,0x83,0x62,0x83,0x76)
xi.synth_result_id_to_name_cp932[19015] = string.char(0x83,0x89,0x83,0x76,0x83,0x67,0x83,0x8B,0x83,0x58,0x83,0x67,0x83,0x89,0x83,0x62,0x83,0x76)
xi.synth_result_id_to_name_cp932[19017] = string.char(0x83,0x75,0x83,0x4B,0x81,0x5B,0x83,0x68,0x83,0x58,0x83,0x67,0x83,0x89,0x83,0x62,0x83,0x76)
xi.synth_result_id_to_name_cp932[19019] = string.char(0x83,0x76,0x83,0x89,0x83,0x60,0x83,0x69,0x83,0x4F,0x83,0x8A,0x83,0x62,0x83,0x76)
xi.synth_result_id_to_name_cp932[19046] = string.char(0x83,0x8A,0x81,0x5B,0x83,0x6F,0x81,0x5B,0x83,0x4F,0x83,0x8A,0x83,0x62,0x83,0x76)
xi.synth_result_id_to_name_cp932[19103] = string.char(0x83,0x5F,0x81,0x5B,0x83,0x4E,0x83,0x57,0x83,0x83,0x83,0x93,0x83,0x72,0x83,0x41)
xi.synth_result_id_to_name_cp932[19105] = string.char(0x83,0x54,0x83,0x4F,0x83,0x57,0x83,0x83,0x83,0x93,0x83,0x72,0x83,0x41)
xi.synth_result_id_to_name_cp932[19115] = string.char(0x83,0x74,0x83,0x46,0x83,0x43,0x83,0x93,0x83,0x6F,0x83,0x5B,0x83,0x89,0x81,0x5B,0x83,0x68)
xi.synth_result_id_to_name_cp932[19116] = string.char(0x83,0x68,0x83,0x44,0x83,0x47,0x83,0x49,0x83,0x7D,0x81,0x5B,0x83,0x69,0x83,0x43,0x83,0x74)
xi.synth_result_id_to_name_cp932[19117] = string.char(0x83,0x49,0x81,0x5B,0x83,0x4B,0x83,0x57,0x83,0x83,0x83,0x93,0x83,0x72,0x83,0x41)
xi.synth_result_id_to_name_cp932[19119] = string.char(0x83,0x8C,0x83,0x93,0x83,0x57,0x83,0x93,0x83,0x4F,0x83,0x69,0x83,0x43,0x83,0x74)
xi.synth_result_id_to_name_cp932[19151] = string.char(0x83,0x6F,0x83,0x6E,0x83,0x68,0x83,0x44,0x81,0x5B,0x83,0x8B)
xi.synth_result_id_to_name_cp932[19177] = string.char(0x83,0x47,0x83,0x63,0x83,0x8B,0x83,0x66,0x83,0x42,0x83,0x54,0x83,0x93,0x83,0x67)
xi.synth_result_id_to_name_cp932[19185] = string.char(0x83,0x8B,0x83,0x75,0x83,0x8A,0x83,0x4A,0x83,0x93,0x83,0x67,0x2B,0x33)
xi.synth_result_id_to_name_cp932[19200] = string.char(0x83,0x75,0x83,0x89,0x83,0x62,0x83,0x4E,0x83,0x7B,0x83,0x8B,0x83,0x67)
xi.synth_result_id_to_name_cp932[19201] = string.char(0x83,0x47,0x83,0x8C,0x83,0x4E,0x83,0x67,0x83,0x89,0x83,0x75,0x83,0x8C,0x83,0x62,0x83,0x67)
xi.synth_result_id_to_name_cp932[19206] = string.char(0x83,0x56,0x83,0x8B,0x83,0x6F,0x81,0x5B,0x83,0x4A,0x83,0x54,0x83,0x93,0x83,0x68,0x83,0x89)
xi.synth_result_id_to_name_cp932[19224] = string.char(0x83,0x7D,0x83,0x58,0x83,0x50,0x83,0x67,0x83,0x93)
xi.synth_result_id_to_name_cp932[19226] = string.char(0x83,0x75,0x83,0x89,0x83,0x93,0x83,0x5F,0x81,0x5B,0x83,0x6F,0x83,0x58)
xi.synth_result_id_to_name_cp932[19228] = string.char(0x83,0x70,0x83,0x4E,0x83,0x5E,0x83,0x93,0x83,0x75,0x83,0x8C,0x83,0x62,0x83,0x67)
xi.synth_result_id_to_name_cp932[19229] = string.char(0x83,0x65,0x83,0x42,0x83,0x93,0x83,0x75,0x83,0x8C,0x83,0x62,0x83,0x67)
xi.synth_result_id_to_name_cp932[19231] = string.char(0x83,0x67,0x83,0x89,0x83,0x62,0x83,0x4A,0x81,0x5B,0x83,0x7B,0x83,0x45)
xi.synth_result_id_to_name_cp932[19240] = string.char(0x83,0x49,0x83,0x82,0x83,0x6A,0x83,0x47,0x81,0x5B,0x83,0x8B)
xi.synth_result_id_to_name_cp932[19251] = string.char(0x83,0x79,0x83,0x62,0x83,0x67,0x83,0x8C,0x83,0x6F,0x83,0x89,0x83,0x93,0x83,0x67)
xi.synth_result_id_to_name_cp932[19275] = string.char(0x8B,0xE3,0x8F,0x5C,0x8B,0xE3)
xi.synth_result_id_to_name_cp932[19276] = string.char(0x97,0x90)
xi.synth_result_id_to_name_cp932[19299] = string.char(0x8F,0x48,0x8D,0xB9)
xi.synth_result_id_to_name_cp932[19303] = string.char(0x83,0x74,0x83,0x46,0x83,0x43,0x83,0x89,0x83,0x93,0x83,0x58)
xi.synth_result_id_to_name_cp932[19326] = string.char(0x8A,0x43,0x97,0xB3,0x82,0xCC,0x8A,0xCC)
xi.synth_result_id_to_name_cp932[19741] = string.char(0x83,0x6E,0x83,0x93,0x83,0x68,0x83,0x53,0x83,0x93,0x83,0x6C)
xi.synth_result_id_to_name_cp932[19743] = string.char(0x83,0x49,0x83,0x76,0x83,0x8A,0x83,0x82)
xi.synth_result_id_to_name_cp932[19783] = string.char(0x88,0xC9,0x89,0xEA,0x8E,0xE8,0x97,0xA0,0x8C,0x95)
xi.synth_result_id_to_name_cp932[19784] = string.char(0x83,0x89,0x83,0x69,0x81,0x5B,0x83,0x7B,0x83,0x45)
xi.synth_result_id_to_name_cp932[19786] = string.char(0x93,0x68,0xE2,0xC4,0x93,0xA1,0x82,0xCC,0x8B,0x7C)
xi.synth_result_id_to_name_cp932[19788] = string.char(0x83,0x53,0x83,0x8B,0x83,0x4A,0x83,0x8A,0x83,0x4E,0x83,0x4E,0x83,0x8A)
xi.synth_result_id_to_name_cp932[19796] = string.char(0x83,0x8D,0x83,0x62,0x83,0x58,0x83,0x56,0x83,0x93,0x83,0x5F,0x81,0x5B)
xi.synth_result_id_to_name_cp932[20621] = string.char(0x83,0x69,0x83,0x93,0x83,0x65,0x83,0x42,0x83,0x69,0x83,0x43,0x83,0x74)
xi.synth_result_id_to_name_cp932[20639] = string.char(0x83,0x49,0x83,0x4C,0x83,0x56,0x83,0x68,0x83,0x6F,0x83,0x5B,0x83,0x89,0x81,0x5B,0x83,0x68)
xi.synth_result_id_to_name_cp932[20644] = string.char(0x83,0x63,0x83,0x58,0x83,0x65,0x83,0x58,0x83,0x69,0x83,0x43,0x83,0x74)
xi.synth_result_id_to_name_cp932[20723] = string.char(0x83,0x66,0x83,0x42,0x83,0x57,0x83,0x83,0x83,0x5C,0x81,0x5B,0x83,0x68)
xi.synth_result_id_to_name_cp932[20744] = string.char(0x83,0x72,0x83,0x62,0x83,0x4A,0x81,0x5B,0x83,0x5C,0x81,0x5B,0x83,0x68)
xi.synth_result_id_to_name_cp932[20779] = string.char(0x83,0x5A,0x83,0x93,0x83,0x6F,0x83,0x4E,0x83,0x69,0x81,0x5B,0x83,0x4B,0x83,0x93)
xi.synth_result_id_to_name_cp932[20783] = string.char(0x83,0x45,0x83,0x8B,0x83,0x59,0x83,0x75,0x83,0x8C,0x81,0x5B,0x83,0x68)
xi.synth_result_id_to_name_cp932[20789] = string.char(0x83,0x6E,0x83,0x63,0x83,0x49,0x83,0x41,0x81,0x5B,0x83,0x5C,0x81,0x5B,0x83,0x68)
xi.synth_result_id_to_name_cp932[20831] = string.char(0x83,0x41,0x81,0x5B,0x83,0x89,0x83,0x4E,0x83,0x41,0x83,0x4E,0x83,0x58)
xi.synth_result_id_to_name_cp932[20878] = string.char(0x83,0x6D,0x81,0x5B,0x83,0x4E,0x83,0x62,0x83,0x74,0x83,0x41,0x83,0x4E,0x83,0x58)
xi.synth_result_id_to_name_cp932[21009] = string.char(0x92,0x86,0x93,0x87,0x97,0x88)
xi.synth_result_id_to_name_cp932[21134] = string.char(0x83,0x54,0x83,0x62,0x83,0x54,0x81,0x5B,0x83,0x8F,0x83,0x93,0x83,0x68)
xi.synth_result_id_to_name_cp932[21206] = string.char(0x83,0x77,0x83,0x82,0x83,0x8C,0x83,0x8C,0x83,0x58,0x83,0x5E,0x83,0x62,0x83,0x74)
xi.synth_result_id_to_name_cp932[21243] = string.char(0x83,0x41,0x83,0x52,0x83,0x8B,0x83,0x7D,0x81,0x5B,0x83,0x7B,0x83,0x45)
xi.synth_result_id_to_name_cp932[21323] = string.char(0x83,0x49,0x83,0x4C,0x83,0x56,0x83,0x68,0x83,0x7B,0x83,0x8B,0x83,0x67)
xi.synth_result_id_to_name_cp932[21351] = string.char(0x98,0x5A,0x95,0xFB,0x8E,0xE8,0x97,0xA0,0x8C,0x95)
xi.synth_result_id_to_name_cp932[21378] = string.char(0x83,0x43,0x83,0x46,0x83,0x62,0x83,0x67,0x83,0x56,0x81,0x5B,0x83,0x89)
xi.synth_result_id_to_name_cp932[21380] = string.char(0x83,0x94,0x83,0x40,0x83,0x6A,0x83,0x41,0x83,0x6F,0x83,0x62,0x83,0x65,0x83,0x8A,0x81,0x5B)
xi.synth_result_id_to_name_cp932[21392] = string.char(0x83,0x58,0x83,0x67,0x83,0x8A,0x83,0x93,0x83,0x4B,0x81,0x5B,0x82,0x79)
xi.synth_result_id_to_name_cp932[21393] = string.char(0x83,0x41,0x83,0x89,0x83,0x56,0x83,0x54,0x83,0x56,0x83,0x46)
xi.synth_result_id_to_name_cp932[21394] = string.char(0x83,0x54,0x83,0x93,0x83,0x4A,0x83,0x58,0x83,0x54,0x83,0x56,0x83,0x46)
xi.synth_result_id_to_name_cp932[21438] = string.char(0x93,0xC5,0x8F,0x60)
xi.synth_result_id_to_name_cp932[21440] = string.char(0x93,0x9C,0x96,0xA8)
xi.synth_result_id_to_name_cp932[21442] = string.char(0x92,0x8E,0x96,0xD4)
xi.synth_result_id_to_name_cp932[21450] = string.char(0x95,0xDF,0x92,0x8E,0x8F,0x60)
xi.synth_result_id_to_name_cp932[21456] = string.char(0x82,0x6F,0x81,0x44,0x83,0x58,0x83,0x67,0x83,0x8A,0x83,0x93,0x83,0x4B,0x81,0x5B)
xi.synth_result_id_to_name_cp932[21458] = string.char(0x82,0x6F,0x81,0x44,0x83,0x58,0x83,0x67,0x83,0x8A,0x83,0x93,0x83,0x4B,0x81,0x5B,0x49,0x49)
xi.synth_result_id_to_name_cp932[21488] = string.char(0xE3,0x59,0x97,0xED,0x82,0xC8,0x8E,0xF7,0x89,0x74)
xi.synth_result_id_to_name_cp932[21492] = string.char(0x90,0xF3,0x90,0xA3,0x82,0xCC,0x89,0xAB,0x8B,0x9B,0x8F,0x60)
xi.synth_result_id_to_name_cp932[21494] = string.char(0x93,0x56,0x90,0x85)
xi.synth_result_id_to_name_cp932[21511] = string.char(0x83,0x77,0x83,0x70,0x83,0x65,0x83,0x5D,0x83,0x6F,0x83,0x4F,0x83,0x69,0x83,0x45)
xi.synth_result_id_to_name_cp932[21556] = string.char(0x83,0x78,0x83,0x8A,0x83,0x8A,0x83,0x80,0x83,0x4E,0x83,0x8A,0x83,0x58)
xi.synth_result_id_to_name_cp932[21610] = string.char(0x83,0x77,0x83,0x70,0x83,0x65,0x83,0x5D,0x83,0x8C,0x83,0x43,0x83,0x73,0x83,0x41)
xi.synth_result_id_to_name_cp932[21614] = string.char(0x83,0x77,0x83,0x70,0x83,0x65,0x83,0x5D,0x83,0x54,0x83,0x70,0x83,0x89)
xi.synth_result_id_to_name_cp932[21659] = string.char(0x83,0x78,0x83,0x8A,0x83,0x8A,0x83,0x80,0x83,0x5C,0x81,0x5B,0x83,0x68)
xi.synth_result_id_to_name_cp932[21661] = string.char(0x83,0x8B,0x81,0x5B,0x83,0x93,0x83,0x41,0x83,0x8B,0x83,0x53,0x83,0x8B)
xi.synth_result_id_to_name_cp932[21662] = string.char(0x83,0x8C,0x83,0x65,0x83,0x4E,0x83,0x41,0x83,0x8B,0x83,0x53,0x83,0x8B)
xi.synth_result_id_to_name_cp932[21708] = string.char(0x83,0x78,0x83,0x8A,0x83,0x8A,0x83,0x80,0x83,0x73,0x83,0x62,0x83,0x4E)
xi.synth_result_id_to_name_cp932[21765] = string.char(0x83,0x77,0x83,0x70,0x83,0x65,0x83,0x5D,0x83,0x41,0x83,0x4E,0x83,0x58)
xi.synth_result_id_to_name_cp932[21815] = string.char(0x83,0x7D,0x83,0x8A,0x83,0x84,0x83,0x56,0x83,0x62,0x83,0x4E,0x83,0x8B)
xi.synth_result_id_to_name_cp932[21869] = string.char(0x90,0x5F,0x88,0xCB,0x82,0xCC,0x91,0x84)
xi.synth_result_id_to_name_cp932[21923] = string.char(0x8F,0x6F,0x90,0x6E,0x95,0xEF,0x92,0x9A)
xi.synth_result_id_to_name_cp932[21963] = string.char(0x83,0x78,0x83,0x8A,0x83,0x8A,0x83,0x80,0x83,0x5E,0x83,0x60)
xi.synth_result_id_to_name_cp932[22023] = string.char(0x83,0x78,0x83,0x8A,0x83,0x8A,0x83,0x80,0x83,0x81,0x83,0x43,0x83,0x58)
xi.synth_result_id_to_name_cp932[22074] = string.char(0x83,0x41,0x83,0x89,0x83,0x56,0x83,0x58,0x83,0x5E,0x83,0x62,0x83,0x74)
xi.synth_result_id_to_name_cp932[22078] = string.char(0x90,0x5F,0x88,0xCB,0x96,0x5F)
xi.synth_result_id_to_name_cp932[22125] = string.char(0x90,0x5F,0x88,0xCB,0x82,0xCC,0x8B,0x7C)
xi.synth_result_id_to_name_cp932[22137] = string.char(0x90,0x5F,0x88,0xCB,0x82,0xCC,0x9C,0x57)
xi.synth_result_id_to_name_cp932[22200] = string.char(0x83,0x4E,0x83,0x8C,0x83,0x8A,0x83,0x58,0x83,0x67,0x83,0x89,0x83,0x62,0x83,0x76)
xi.synth_result_id_to_name_cp932[22202] = string.char(0x83,0x43,0x83,0x8C,0x83,0x6A,0x83,0x4E,0x83,0x58,0x83,0x67,0x83,0x89,0x83,0x62,0x83,0x76)
xi.synth_result_id_to_name_cp932[22204] = string.char(0x83,0x6C,0x83,0x79,0x83,0x93,0x83,0x58,0x83,0x4F,0x83,0x8A,0x83,0x62,0x83,0x76)
xi.synth_result_id_to_name_cp932[22206] = string.char(0x83,0x4F,0x83,0x89,0x83,0x56,0x83,0x8B,0x83,0x4F,0x83,0x8A,0x83,0x62,0x83,0x76)
xi.synth_result_id_to_name_cp932[22208] = string.char(0x83,0x81,0x83,0x93,0x83,0x56,0x83,0x58,0x83,0x67,0x83,0x89,0x83,0x62,0x83,0x76)
xi.synth_result_id_to_name_cp932[22210] = string.char(0x83,0x47,0x83,0x89,0x83,0x93,0x83,0x58,0x83,0x67,0x83,0x89,0x83,0x62,0x83,0x76)
xi.synth_result_id_to_name_cp932[22278] = string.char(0x83,0x58,0x83,0x67,0x83,0x93,0x83,0x60,0x83,0x5E,0x83,0x58,0x83,0x89,0x83,0x80)
xi.synth_result_id_to_name_cp932[25417] = string.char(0x90,0xED,0x8E,0x6D,0x82,0xCC,0x90,0x94,0x8E,0xEC)
xi.synth_result_id_to_name_cp932[25423] = string.char(0x83,0x82,0x83,0x93,0x83,0x4E,0x82,0xCC,0x8D,0x41,0x97,0xD6)
xi.synth_result_id_to_name_cp932[25429] = string.char(0x83,0x4E,0x83,0x8C,0x83,0x8A,0x83,0x4E,0x83,0x67,0x83,0x8B,0x83,0x4E)
xi.synth_result_id_to_name_cp932[25435] = string.char(0x83,0x5C,0x81,0x5B,0x83,0x54,0x83,0x89,0x83,0x58,0x83,0x67,0x81,0x5B,0x83,0x8B)
xi.synth_result_id_to_name_cp932[25441] = string.char(0x83,0x66,0x83,0x85,0x83,0x47,0x83,0x8B,0x83,0x67,0x83,0x8B,0x83,0x4E)
xi.synth_result_id_to_name_cp932[25447] = string.char(0x83,0x41,0x83,0x54,0x83,0x56,0x83,0x93,0x83,0x53,0x83,0x8B,0x83,0x51,0x83,0x62,0x83,0x67)
xi.synth_result_id_to_name_cp932[25453] = string.char(0x8B,0x52,0x8E,0x6D,0x82,0xCC,0x90,0x94,0x8E,0xEC)
xi.synth_result_id_to_name_cp932[25459] = string.char(0x88,0xC3,0x8D,0x95,0x82,0xCC,0x90,0x94,0x8E,0xEC)
xi.synth_result_id_to_name_cp932[25465] = string.char(0x8F,0x62,0x8E,0x67,0x82,0xA2,0x82,0xCC,0x8E,0xF1,0x97,0xD6)
xi.synth_result_id_to_name_cp932[25471] = string.char(0x83,0x6F,0x81,0x5B,0x83,0x68,0x83,0x60,0x83,0x83,0x81,0x5B,0x83,0x80)
xi.synth_result_id_to_name_cp932[25477] = string.char(0x83,0x58,0x83,0x4A,0x83,0x45,0x83,0x67,0x83,0x53,0x83,0x8B,0x83,0x51,0x83,0x62,0x83,0x67)
xi.synth_result_id_to_name_cp932[25483] = string.char(0x8E,0x98,0x82,0xCC,0x8D,0x41,0x97,0xD6)
xi.synth_result_id_to_name_cp932[25489] = string.char(0x94,0x45,0x8E,0xD2,0x82,0xCC,0x8D,0x41,0x97,0xD6)
xi.synth_result_id_to_name_cp932[25495] = string.char(0x97,0xB3,0x8B,0x52,0x8E,0x6D,0x82,0xCC,0x8E,0xF1,0x97,0xD6)
xi.synth_result_id_to_name_cp932[25501] = string.char(0x8F,0xA2,0x8A,0xAB,0x8E,0x6D,0x82,0xCC,0x8E,0xF1,0x97,0xD6)
xi.synth_result_id_to_name_cp932[25507] = string.char(0x83,0x7E,0x83,0x89,0x81,0x5B,0x83,0x57,0x83,0x58,0x83,0x67,0x81,0x5B,0x83,0x8B)
xi.synth_result_id_to_name_cp932[25513] = string.char(0x83,0x52,0x83,0x82,0x83,0x68,0x83,0x41,0x83,0x60,0x83,0x83,0x81,0x5B,0x83,0x80)
xi.synth_result_id_to_name_cp932[25519] = string.char(0x97,0x8D,0x8C,0x4A,0x8E,0x6D,0x82,0xCC,0x8E,0xF1,0x97,0xD6)
xi.synth_result_id_to_name_cp932[25525] = string.char(0x83,0x47,0x83,0x67,0x83,0x8F,0x81,0x5B,0x83,0x8B,0x83,0x53,0x83,0x8B,0x83,0x51)
xi.synth_result_id_to_name_cp932[25531] = string.char(0x83,0x41,0x83,0x4D,0x83,0x85,0x83,0x67,0x83,0x58,0x83,0x67,0x81,0x5B,0x83,0x8B)
xi.synth_result_id_to_name_cp932[25537] = string.char(0x83,0x6F,0x83,0x4F,0x83,0x41,0x83,0x60,0x83,0x83,0x81,0x5B,0x83,0x80)
xi.synth_result_id_to_name_cp932[25543] = string.char(0x83,0x74,0x83,0x54,0x83,0x8B,0x83,0x4E,0x83,0x67,0x83,0x8B,0x83,0x4E)
xi.synth_result_id_to_name_cp932[25619] = string.char(0x8C,0x99,0x82,0xED,0x82,0xEA,0x82,0xBD,0x8A,0xA5)
xi.synth_result_id_to_name_cp932[25621] = string.char(0x8C,0x99,0x82,0xED,0x82,0xEA,0x82,0xBD,0x91,0x8D,0x96,0xCA)
xi.synth_result_id_to_name_cp932[25623] = string.char(0x8C,0x99,0x82,0xED,0x82,0xEA,0x82,0xBD,0x93,0xAA,0x88,0xDF)
xi.synth_result_id_to_name_cp932[25625] = string.char(0x8C,0x99,0x82,0xED,0x82,0xEA,0x82,0xBD,0x93,0xAA,0x8B,0xD0)
xi.synth_result_id_to_name_cp932[25627] = string.char(0x8C,0x99,0x82,0xED,0x82,0xEA,0x82,0xBD,0x96,0x58,0x8E,0x71)
xi.synth_result_id_to_name_cp932[25692] = string.char(0x8C,0x99,0x82,0xED,0x82,0xEA,0x82,0xBD,0x8B,0xB9,0x8D,0x62)
xi.synth_result_id_to_name_cp932[25694] = string.char(0x8C,0x99,0x82,0xED,0x82,0xEA,0x82,0xBD,0x93,0xB7,0x8A,0xDB)
xi.synth_result_id_to_name_cp932[25696] = string.char(0x8C,0x99,0x82,0xED,0x82,0xEA,0x82,0xBD,0x8A,0x76,0x8A,0x5A)
xi.synth_result_id_to_name_cp932[25698] = string.char(0x8C,0x99,0x82,0xED,0x82,0xEA,0x82,0xBD,0x8D,0xEC,0x96,0xB1,0x88,0xDF)
xi.synth_result_id_to_name_cp932[25700] = string.char(0x8C,0x99,0x82,0xED,0x82,0xEA,0x82,0xBD,0x8A,0x4F,0x88,0xDF)
xi.synth_result_id_to_name_cp932[25849] = string.char(0x83,0x5F,0x83,0x62,0x83,0x56,0x83,0x93,0x83,0x4F,0x83,0x54,0x83,0x75,0x83,0x8A,0x83,0x4B)
xi.synth_result_id_to_name_cp932[25864] = string.char(0x95,0x85,0x90,0x48,0x82,0xB5,0x82,0xBD,0x83,0x54,0x83,0x75,0x83,0x8A,0x83,0x4B)
xi.synth_result_id_to_name_cp932[26031] = string.char(0x83,0x75,0x83,0x8A,0x83,0x49,0x83,0x5C,0x83,0x7A,0x83,0x43,0x83,0x62,0x83,0x58,0x83,0x8B)
xi.synth_result_id_to_name_cp932[26032] = string.char(0x8C,0x8E,0x93,0xF8,0x82,0xCC,0x8C,0xC4,0x82,0xD1,0x8E,0x71)
xi.synth_result_id_to_name_cp932[26080] = string.char(0x83,0x7D,0x81,0x5B,0x83,0x50,0x83,0x73,0x83,0x41,0x83,0x58)
xi.synth_result_id_to_name_cp932[26179] = string.char(0x83,0x94,0x83,0x40,0x83,0x89,0x81,0x5B,0x83,0x8B,0x83,0x8A,0x83,0x93,0x83,0x4F)
xi.synth_result_id_to_name_cp932[26181] = string.char(0x83,0x56,0x81,0x5B,0x83,0x8A,0x83,0x60,0x83,0x8A,0x83,0x93,0x83,0x4F)
xi.synth_result_id_to_name_cp932[26183] = string.char(0x83,0x58,0x83,0x65,0x83,0x42,0x83,0x4C,0x83,0x6A,0x83,0x8A,0x83,0x93,0x83,0x4F)
xi.synth_result_id_to_name_cp932[26331] = string.char(0x83,0x65,0x83,0x93,0x83,0x70,0x83,0x58,0x83,0x74,0x83,0x57,0x83,0x62,0x83,0x67)
xi.synth_result_id_to_name_cp932[26333] = string.char(0x83,0x43,0x83,0x49,0x83,0x58,0x83,0x50,0x83,0x6E,0x83,0x78,0x83,0x8B,0x83,0x67)
xi.synth_result_id_to_name_cp932[26335] = string.char(0x83,0x4E,0x83,0x8B,0x83,0x58,0x83,0x4A,0x83,0x54,0x83,0x62,0x83,0x56,0x83,0x85)
xi.synth_result_id_to_name_cp932[26337] = string.char(0x83,0x4A,0x83,0x74,0x83,0x4A,0x83,0x60,0x83,0x69,0x83,0x78,0x83,0x8B,0x83,0x67)
xi.synth_result_id_to_name_cp932[26339] = string.char(0x83,0x52,0x81,0x5B,0x83,0x7D,0x91,0xD1)
xi.synth_result_id_to_name_cp932[26680] = string.char(0x8E,0xB9,0x82,0xDC,0x82,0xEA,0x82,0xBD,0x96,0x58,0x8E,0x71)
xi.synth_result_id_to_name_cp932[26682] = string.char(0x8E,0xB9,0x82,0xDC,0x82,0xEA,0x82,0xBD,0x94,0xC2,0x8B,0xE0,0x8A,0x95)
xi.synth_result_id_to_name_cp932[26684] = string.char(0x8E,0xB9,0x82,0xDC,0x82,0xEA,0x82,0xBD,0x99,0x68)
xi.synth_result_id_to_name_cp932[26686] = string.char(0x8E,0xB9,0x82,0xDC,0x82,0xEA,0x82,0xBD,0x93,0xAA,0x90,0xAC,0x8A,0x95)
xi.synth_result_id_to_name_cp932[26688] = string.char(0x8E,0xB9,0x82,0xDC,0x82,0xEA,0x82,0xBD,0x8A,0xA5)
xi.synth_result_id_to_name_cp932[26690] = string.char(0x8E,0xB9,0x82,0xDC,0x82,0xEA,0x82,0xBD,0x96,0xCA,0x8B,0xEF)
xi.synth_result_id_to_name_cp932[26728] = string.char(0x83,0x74,0x83,0x8D,0x83,0x58,0x83,0x65,0x83,0x42,0x83,0x4C,0x83,0x83,0x83,0x62,0x83,0x76)
xi.synth_result_id_to_name_cp932[26856] = string.char(0x8E,0xB9,0x82,0xDC,0x82,0xEA,0x82,0xBD,0x91,0xD1,0x8A,0x5A)
xi.synth_result_id_to_name_cp932[26858] = string.char(0x8E,0xB9,0x82,0xDC,0x82,0xEA,0x82,0xBD,0x94,0xC2,0x8B,0xE0,0x8B,0xB9,0x8D,0x62)
xi.synth_result_id_to_name_cp932[26860] = string.char(0x8E,0xB9,0x82,0xDC,0x82,0xEA,0x82,0xBD,0x8D,0xBD,0x9B,0xE7,0x8E,0x71)
xi.synth_result_id_to_name_cp932[26862] = string.char(0x8E,0xB9,0x82,0xDC,0x82,0xEA,0x82,0xBD,0x93,0xAC,0x92,0x85)
xi.synth_result_id_to_name_cp932[26864] = string.char(0x8E,0xB9,0x82,0xDC,0x82,0xEA,0x82,0xBD,0x8A,0x4F,0x93,0x85)
xi.synth_result_id_to_name_cp932[26866] = string.char(0x8E,0xB9,0x82,0xDC,0x82,0xEA,0x82,0xBD,0x97,0xD8,0x9B,0xE7,0x8E,0x71)
xi.synth_result_id_to_name_cp932[26877] = string.char(0x83,0x74,0x83,0x48,0x83,0x73,0x83,0x60,0x83,0x85,0x83,0x6A,0x83,0x4A)
xi.synth_result_id_to_name_cp932[26879] = string.char(0x83,0x8C,0x83,0x60,0x83,0x46,0x83,0x62,0x83,0x68,0x83,0x52,0x81,0x5B,0x83,0x67)
xi.synth_result_id_to_name_cp932[27032] = string.char(0x8E,0xB9,0x82,0xDC,0x82,0xEA,0x82,0xBD,0x98,0x55,0x8E,0xE8)
xi.synth_result_id_to_name_cp932[27034] = string.char(0x8E,0xB9,0x82,0xDC,0x82,0xEA,0x82,0xBD,0x94,0xC2,0x8B,0xE0,0x98,0x55,0x8E,0xE8)
xi.synth_result_id_to_name_cp932[27036] = string.char(0x8E,0xB9,0x82,0xDC,0x82,0xEA,0x82,0xBD,0x8D,0xBD,0x98,0x55,0x8E,0xE8)
xi.synth_result_id_to_name_cp932[27038] = string.char(0x8E,0xB9,0x82,0xDC,0x82,0xEA,0x82,0xBD,0x8E,0xC2,0x98,0x55,0x8E,0xE8)
xi.synth_result_id_to_name_cp932[27040] = string.char(0x8E,0xB9,0x82,0xDC,0x82,0xEA,0x82,0xBD,0x8E,0xE8,0x91,0xDC)
xi.synth_result_id_to_name_cp932[27042] = string.char(0x8E,0xB9,0x82,0xDC,0x82,0xEA,0x82,0xBD,0x97,0xD8,0x98,0x55,0x8E,0xE8)
xi.synth_result_id_to_name_cp932[27123] = string.char(0x8C,0x99,0x82,0xED,0x82,0xEA,0x82,0xBD,0x98,0x55,0x8E,0xE8)
xi.synth_result_id_to_name_cp932[27125] = string.char(0x8C,0x99,0x82,0xED,0x82,0xEA,0x82,0xBD,0x8E,0xC2,0x98,0x55,0x8E,0xE8)
xi.synth_result_id_to_name_cp932[27127] = string.char(0x8C,0x99,0x82,0xED,0x82,0xEA,0x82,0xBD,0x8E,0xE8,0x8D,0x62)
xi.synth_result_id_to_name_cp932[27129] = string.char(0x8C,0x99,0x82,0xED,0x82,0xEA,0x82,0xBD,0x91,0xB3,0x8F,0xFC,0x82,0xE8)
xi.synth_result_id_to_name_cp932[27131] = string.char(0x8C,0x99,0x82,0xED,0x82,0xEA,0x82,0xBD,0x8E,0xE8,0x91,0xDC)
xi.synth_result_id_to_name_cp932[27208] = string.char(0x8E,0xB9,0x82,0xDC,0x82,0xEA,0x82,0xBD,0x8D,0x98,0x88,0xDF)
xi.synth_result_id_to_name_cp932[27210] = string.char(0x8E,0xB9,0x82,0xDC,0x82,0xEA,0x82,0xBD,0x94,0xC2,0x8B,0xE0,0x8C,0xD2,0x93,0x96)
xi.synth_result_id_to_name_cp932[27212] = string.char(0x8E,0xB9,0x82,0xDC,0x82,0xEA,0x82,0xBD,0x8D,0xBD,0x8C,0xD2,0x93,0x96)
xi.synth_result_id_to_name_cp932[27214] = string.char(0x8E,0xB9,0x82,0xDC,0x82,0xEA,0x82,0xBD,0x94,0xC2,0x98,0xCE,0x8F,0x7C)
xi.synth_result_id_to_name_cp932[27216] = string.char(0x8E,0xB9,0x82,0xDC,0x82,0xEA,0x82,0xBD,0x89,0xBA,0x88,0xDF)
xi.synth_result_id_to_name_cp932[27218] = string.char(0x8E,0xB9,0x82,0xDC,0x82,0xEA,0x82,0xBD,0x97,0xD8,0x8C,0xD2,0x93,0x96)
xi.synth_result_id_to_name_cp932[27308] = string.char(0x8C,0x99,0x82,0xED,0x82,0xEA,0x82,0xBD,0x8C,0xD2,0x93,0x96)
xi.synth_result_id_to_name_cp932[27310] = string.char(0x8C,0x99,0x82,0xED,0x82,0xEA,0x82,0xBD,0x93,0x9B,0x8C,0xD1)
xi.synth_result_id_to_name_cp932[27312] = string.char(0x8C,0x99,0x82,0xED,0x82,0xEA,0x82,0xBD,0x8D,0x98,0x88,0xDF)
xi.synth_result_id_to_name_cp932[27314] = string.char(0x8C,0x99,0x82,0xED,0x82,0xEA,0x82,0xBD,0xE5,0xE3,0x8E,0x71)
xi.synth_result_id_to_name_cp932[27316] = string.char(0x8C,0x99,0x82,0xED,0x82,0xEA,0x82,0xBD,0x89,0xBA,0x88,0xDF)
xi.synth_result_id_to_name_cp932[27384] = string.char(0x8E,0xB9,0x82,0xDC,0x82,0xEA,0x82,0xBD,0x91,0xAB,0x8D,0x62)
xi.synth_result_id_to_name_cp932[27386] = string.char(0x8E,0xB9,0x82,0xDC,0x82,0xEA,0x82,0xBD,0x94,0xC2,0x8B,0xE0,0x8C,0x43)
xi.synth_result_id_to_name_cp932[27388] = string.char(0x8E,0xB9,0x82,0xDC,0x82,0xEA,0x82,0xBD,0x8D,0xBD,0xE3,0xF8,0x93,0x96)
xi.synth_result_id_to_name_cp932[27390] = string.char(0x8E,0xB9,0x82,0xDC,0x82,0xEA,0x82,0xBD,0x8E,0xC2,0xE3,0xF8,0x93,0x96)
xi.synth_result_id_to_name_cp932[27392] = string.char(0x8E,0xB9,0x82,0xDC,0x82,0xEA,0x82,0xBD,0x8C,0x43)
xi.synth_result_id_to_name_cp932[27394] = string.char(0x8E,0xB9,0x82,0xDC,0x82,0xEA,0x82,0xBD,0x97,0xD8,0xE3,0xF8,0x93,0x96)
xi.synth_result_id_to_name_cp932[27479] = string.char(0x8C,0x99,0x82,0xED,0x82,0xEA,0x82,0xBD,0x93,0x53,0x8C,0x43)
xi.synth_result_id_to_name_cp932[27481] = string.char(0x8C,0x99,0x82,0xED,0x82,0xEA,0x82,0xBD,0x8E,0xC2,0xE3,0xF8,0x93,0x96)
xi.synth_result_id_to_name_cp932[27483] = string.char(0x8C,0x99,0x82,0xED,0x82,0xEA,0x82,0xBD,0x91,0xAB,0x8D,0x62)
xi.synth_result_id_to_name_cp932[27485] = string.char(0x8C,0x99,0x82,0xED,0x82,0xEA,0x82,0xBD,0x8D,0x62,0x8C,0x9C)
xi.synth_result_id_to_name_cp932[27487] = string.char(0x8C,0x99,0x82,0xED,0x82,0xEA,0x82,0xBD,0x8C,0x43)
xi.synth_result_id_to_name_cp932[27603] = string.char(0x83,0x41,0x83,0x73,0x83,0x67,0x83,0x7D,0x83,0x93,0x83,0x67)
xi.synth_result_id_to_name_cp932[27746] = string.char(0x83,0x43,0x83,0x67,0x83,0x5C,0x83,0x41,0x83,0x77,0x83,0x8B,0x83,0x80)
xi.synth_result_id_to_name_cp932[27748] = string.char(0x83,0x56,0x83,0x83,0x83,0x75,0x83,0x65,0x83,0x41,0x81,0x5B,0x83,0x81,0x83,0x62,0x83,0x67)
xi.synth_result_id_to_name_cp932[27750] = string.char(0x83,0x6E,0x83,0x8B,0x83,0x58,0x83,0x6E,0x83,0x62,0x83,0x67)
xi.synth_result_id_to_name_cp932[27889] = string.char(0x83,0x43,0x83,0x67,0x83,0x5C,0x83,0x41,0x83,0x57,0x83,0x83,0x81,0x5B,0x83,0x4C,0x83,0x93)
xi.synth_result_id_to_name_cp932[27891] = string.char(0x83,0x56,0x83,0x83,0x83,0x75,0x83,0x65,0x83,0x4C,0x83,0x85,0x83,0x43,0x83,0x89,0x83,0x58)
xi.synth_result_id_to_name_cp932[27893] = string.char(0x83,0x6E,0x83,0x8B,0x83,0x58,0x83,0x52,0x81,0x5B,0x83,0x67)
xi.synth_result_id_to_name_cp932[28036] = string.char(0x83,0x43,0x83,0x67,0x83,0x5C,0x83,0x41,0x83,0x4F,0x83,0x8D,0x81,0x5B,0x83,0x75)
xi.synth_result_id_to_name_cp932[28038] = string.char(0x83,0x56,0x83,0x83,0x83,0x75,0x83,0x65,0x83,0x4B,0x83,0x93,0x83,0x67,0x83,0x8C)
xi.synth_result_id_to_name_cp932[28040] = string.char(0x83,0x6E,0x83,0x8B,0x83,0x58,0x83,0x4A,0x83,0x74,0x83,0x58)
xi.synth_result_id_to_name_cp932[28176] = string.char(0x83,0x43,0x83,0x67,0x83,0x5C,0x83,0x41,0x83,0x67,0x83,0x89,0x83,0x45,0x83,0x55)
xi.synth_result_id_to_name_cp932[28178] = string.char(0x83,0x56,0x83,0x83,0x83,0x75,0x83,0x65,0x83,0x4E,0x83,0x45,0x83,0x42,0x83,0x58)
xi.synth_result_id_to_name_cp932[28180] = string.char(0x83,0x6E,0x83,0x8B,0x83,0x58,0x83,0x58,0x83,0x8D,0x83,0x62,0x83,0x76,0x83,0x58)
xi.synth_result_id_to_name_cp932[28314] = string.char(0x83,0x43,0x83,0x67,0x83,0x5C,0x83,0x41,0x83,0x8C,0x83,0x66,0x83,0x8B,0x83,0x5A,0x83,0x93)
xi.synth_result_id_to_name_cp932[28316] = string.char(0x83,0x56,0x83,0x83,0x83,0x75,0x83,0x65,0x83,0x54,0x83,0x6F,0x83,0x67,0x83,0x93)
xi.synth_result_id_to_name_cp932[28318] = string.char(0x83,0x6E,0x83,0x8B,0x83,0x58,0x83,0x73,0x83,0x4B,0x83,0x62,0x83,0x56,0x83,0x85)
xi.synth_result_id_to_name_cp932[28374] = string.char(0x8E,0xD6,0xE5,0x99,0x82,0xCC,0x8D,0x41,0x97,0xD6)
xi.synth_result_id_to_name_cp932[28404] = string.char(0x83,0x47,0x83,0x57,0x83,0x6C,0x83,0x4E,0x83,0x89,0x83,0x58)
xi.synth_result_id_to_name_cp932[28406] = string.char(0x83,0x6B,0x83,0x69,0x83,0x53,0x83,0x8B,0x83,0x51,0x83,0x62,0x83,0x67)
xi.synth_result_id_to_name_cp932[28446] = string.char(0x83,0x5C,0x81,0x5B,0x83,0x68,0x83,0x74,0x83,0x46,0x81,0x5B,0x83,0x65,0x83,0x8B)
xi.synth_result_id_to_name_cp932[28464] = string.char(0x83,0x73,0x83,0x83,0x83,0x47,0x83,0x4E,0x83,0x47,0x83,0x78,0x83,0x8B,0x83,0x67)
xi.synth_result_id_to_name_cp932[28466] = string.char(0x83,0x5F,0x83,0x43,0x83,0x69,0x83,0x7E,0x83,0x4E,0x83,0x78,0x83,0x8B,0x83,0x67)
xi.synth_result_id_to_name_cp932[28526] = string.char(0x83,0x5E,0x83,0x65,0x83,0x42,0x83,0x43,0x83,0x84,0x83,0x8A,0x83,0x93,0x83,0x4F)
xi.synth_result_id_to_name_cp932[28542] = string.char(0x83,0x8D,0x83,0x57,0x83,0x45,0x83,0x80,0x83,0x8A,0x83,0x93,0x83,0x4F)
xi.synth_result_id_to_name_cp932[28568] = string.char(0x83,0x8C,0x83,0x5D,0x83,0x8B,0x83,0x56,0x83,0x87,0x83,0x93,0x83,0x8A,0x83,0x93,0x83,0x4F)
xi.synth_result_id_to_name_cp932[28606] = string.char(0x83,0x41,0x83,0x76,0x83,0x7D,0x83,0x93,0x83,0x67)
xi.synth_result_id_to_name_cp932[28646] = string.char(0x83,0x89,0x83,0x57,0x83,0x4A,0x83,0x8B,0x83,0x7D,0x83,0x93,0x83,0x67)
xi.synth_result_id_to_name_cp932[28664] = string.char(0x83,0x4C,0x83,0x8C,0x83,0x5F,0x81,0x5B,0x83,0x56,0x81,0x5B,0x83,0x8B,0x83,0x68)
xi.synth_result_id_to_name_cp932[28667] = string.char(0x83,0x7D,0x83,0x5E,0x83,0x7D,0x83,0x5E,0x83,0x56,0x81,0x5B,0x83,0x8B,0x83,0x68)
xi.synth_result_id_to_name_cp932[28671] = string.char(0x83,0x75,0x83,0x63,0x83,0x69,0x81,0x5B,0x83,0x56,0x81,0x5B,0x83,0x8B,0x83,0x68)
